0.07909010262503952,-0.10903464802019869,0.05012684732120354,4.0193715022951437e-10
0.08371530392777163,-0.10891335316581063,0.050700477495305485,4.892779514875656e-10
0.06937969908492135,-0.10134630063289762,0.050524999210332044,4.183233759391669e-10
0.8078774530102216,-0.5673728936020197,0.3169097970189316,4.360654060064917e-10
0.09572213397375846,-0.11606596861815888,0.05192010878815534,4.288902566429442e-10
0.06940899991330776,-0.0988537142782917,0.05071020235651513,4.0891268149323423e-10
0.6905148963913895,-0.35644052587662145,0.11425316756636228,4.2318148985032167e-10
0.07524705591983177,-0.10629680752745685,0.05026117994364876,4.0864422956587987e-10
0.08115491393356385,-0.10935786625129396,0.05051524172005406,4.1729464328454924e-10
0.08216409184426851,-0.11360393990763384,0.0524798724013511,4.1057335309346854e-10
0.07967081306290363,-0.11835377824312587,0.052344965798432064,0.027546301758319652
0.06700474286515642,-0.10191215663550679,0.05058086846435117,4.056595059864776e-10
225.6450334181991,-4.891249807281341,1.8484553565764514,4.359907990192369e-10
0.08205921388137807,-0.10169797622326371,0.04916698504851347,4.340190429275026e-10
0.07585641516818459,-0.10627870272779205,0.05038145581922526,0.00922540929831664
0.0713032724582541,-0.10128707913176527,0.050448924085976454,4.0730441241976223e-10
0.085219406879927,-0.11035386847456863,0.05131230505167972,4.5245007740390975e-10
0.07579608976120962,-0.10517603326552205,0.05131724421166162,4.090452421223745e-10
0.919036022770794,-0.6224958719438405,0.3358650674886423,4.205347181596153e-10
0.9756868215348571,-0.6166699392210049,0.3818289179104095,4.197948655360051e-10
1.177412255128739,-0.845341682350643,0.4423947257899563,4.2243364362093416e-10
0.0807268816659906,-0.10700173790944234,0.05020004848105453,4.097655548207513e-10
0.07851556954662187,-0.10211844156992811,0.05026144647775954,4.1795900074248493e-10
1.4839730122369914,-1.1435794676498148,0.4406597580281204,4.1379788484618985e-10
0.08127209015425584,-0.10686470235238943,0.0511261519837527,3.3866065507481835e-10
1.0784465291162169,-0.6533890290172266,0.38031099575900384,4.433751144006237e-10
0.07004597931115965,-0.10587230925975888,0.05135039422405763,4.1034198261513666e-10
0.07918500165708127,-0.09813556861762152,0.04919105263461665,4.178257739795299e-10
0.06856434769713862,-0.09749395987238074,0.05014983603621648,4.0736303219546244e-10
0.08089331200748923,-0.11064278998107824,0.05036586022179135,0.01217774934841337
0.7272717193967994,-0.5756520301124439,0.298089867525956,4.1809045114860055e-10
0.7159094891214592,-0.26040414798064404,0.09419363231643452,0.02364113583472688
0.06851925683199638,-0.10129267942187425,0.05069921024673185,0.00841379855618035
1.3705156936288139,-1.0135654255817954,0.5569299013853737,0.07239405441083249
0.08465931971862894,-0.11573116669059402,0.051408881823663766,0.012236155907047935
0.08662053414910209,-0.12562474910686205,0.05362642964904296,0.013658063363864608
0.08314304133774887,-0.11894531383759244,0.052015560454970355,0.020389870359994268
0.07737935562323721,-0.11743268705063059,0.052794516959823845,0.013047532481391094
0.07120786473945524,-0.10294667644695465,0.050733385269389863,2.8896973702785544e-10
0.0699698842682297,-0.1010899514144512,0.04949631305421809,4.122391317196161e-10
0.08908644737726902,-0.11593398813549527,0.051123172643743775,4.191917923890287e-10
0.08302151943169638,-0.12107883277328568,0.05325676890907527,0.02595552797975148
0.0770334687908192,-0.1104141697305181,0.05149917620423006,4.3811709815599897e-10
0.0794774005051354,-0.10776203634875259,0.050701979662840735,4.201132774994676e-10
0.08162520113569603,-0.11041676963318992,0.051646357365004114,4.0193803840793407e-10
81.50025785806278,-3.294282059609003,0.6137755739469304,8.509051241389898e-10
0.083553917509521,-0.11915292992984661,0.052421267935352844,4.107345574766441e-10
0.08205446135270637,-0.11689482239852111,0.05210200407235677,4.2674486167015857e-10
0.07794085836668901,-0.10451091246670074,0.04994475843348756,4.056133207086532e-10
321.01165482399085,-5.431108691352335,1.9121206438904323,3.809779158814308e-10
0.07638384197196575,-0.10465004963122482,0.050346056845364195,4.2244430176197056e-10
0.08132081379967043,-0.10721773306777749,0.05112070562921378,6.373923611135979e-10
0.08178905298707449,-0.12123325926481954,0.052560975017653,4.680185128336234e-10
0.07695467259508183,-0.10281396717042668,0.05009727545466358,4.3160319762591826e-10
0.07712435194576803,-0.09922332903935427,0.05061312615404967,3.175966156732102e-10
0.075718427531285,-0.09908792014589807,0.05004008969646678,4.1297365527270813e-10
0.07456544630416258,-0.10425137338628332,0.050864188979367064,4.1388581450974016e-10
0.7829755883948406,-0.5824911940466606,0.2920590217522534,4.502407335849057e-10
0.08117801933112224,-0.11591664348857478,0.05207829467932301,0.018757840182467938
0.08312720562253331,-0.10402766814210906,0.05140340443729219,4.164419920016371e-10
0.07357501755571233,-0.10899329028912064,0.05062505589554389,4.211502258044675e-10
1771.8238793008168,-7.5460381268509025,2.3595824627805086,4.554401300538302e-10
0.6136082392517277,-0.3951639406198666,0.19461201406300788,3.1449243209635824e-10
0.0673535712757173,-0.09751876627886702,0.050089169354804675,4.0759218222774507e-10
0.06853760689001678,-0.10668571539371641,0.050620312956999314,0.009071396841895965
0.07113582181597769,-0.1014161560077298,0.050591925220889955,4.811244735947184e-10
1.1215818264587167,-0.8084472174244297,0.3901687054277545,4.177547197059539e-10
0.0725560315336485,-0.09637180415461444,0.04963968459877455,4.0595615757865744e-10
0.07433329532849262,-0.10148566311099927,0.05004359178095186,3.9746517188632424e-10
0.08712328463256924,-0.12321889350127435,0.05294719697373296,4.0778025400811657e-10
0.2165572546414764,-0.14693556170531252,0.10279196626328169,4.2304471037368785e-10
0.06669274475714633,-0.09390018446352855,0.0499069081007244,3.9895020620406285e-10
0.07412185346655005,-0.09771972262527129,0.05008757633168992,4.268168041221543e-10
0.09016079673257134,-0.11831682020459766,0.05138436521275036,4.0891112718099976e-10
0.07415947979239376,-0.11056867083563304,0.051688941771164565,4.07094802312713e-10
0.09587897478594314,-0.1178581890438366,0.06427572869780462,4.197806546812899e-10
0.08499029008732116,-0.11010778408064681,0.05092032369212296,3.0974689479990047e-10
0.08010718676503549,-0.11104119808200608,0.050914264818443744,4.099920403177748e-10
0.09437470530624344,-0.11488793871235714,0.05181301981699171,4.4791015341161255e-10
0.07687992566973197,-0.11319892059815118,0.05217309500135725,4.0391157085650775e-10
0.08471723193899242,-0.12228994899287216,0.05270395010008855,0.016575483158554234
0.2808095201671979,-0.1908112483639286,0.13183797885393211,4.1763975611175397e-10
0.07818827038978576,-0.0981106678193413,0.04945754743661723,4.1952041840431775e-10
0.0754074944239818,-0.10441016668102776,0.05075161221580471,4.049871549227646e-10
0.08067538014256571,-0.11314662778593743,0.051653834670049026,4.133955400220657e-10
0.0668335972988906,-0.10357989918105659,0.05044071728712618,0.0013998015589978818
0.06470850125047851,-0.10311250895687607,0.051822793094469244,0.0681187067719971
11.643354213348358,-10.862709424226352,37.2537221136414,0.028354598924895166
0.06996540239304519,-0.09421193854274179,0.04962731120127817,4.056399660612442e-10
0.7810388459414764,-0.5160928802994249,0.30751851247289075,0.006494683363736764
0.06430374909581195,-0.09859950965914521,0.05054406815761059,4.025670907736867e-10
0.9173289948261277,-0.7944258984307737,0.2690706451788536,0.038887109533250155
0.08758422682500777,-0.10851630390255451,0.05159885693652333,4.0881786844693124e-10
0.08138836466024117,-0.10838555306780506,0.050299066554714944,4.104876438759675e-10
0.06912633717195013,-0.10158008943727737,0.050826704378614807,0.021316309069600223
0.07817327858148136,-0.09748966292799821,0.04928716554617241,3.9524206130181483e-10
0.06688299541299628,-0.09145569908886841,0.048878036424166105,4.0749092988789926e-10
0.09315718507072863,-0.10638669297706826,0.05551952183681719,3.3047653502649155e-10
0.07004791915887136,-0.09170319065881216,0.04874616488704486,4.147402421494917e-10
2.3879004642178048,-1.2381934064381923,0.32516470170196143,4.212985516005574e-10
0.07807772969208895,-0.10420374107866337,0.0500962028495211,4.12121003989796e-10
0.07542727846291991,-0.10911967105145948,0.050681620556143336,4.054575564182983e-10
0.08076245925234195,-0.11195183303993161,0.05160960292792094,4.0663294953446893e-10
0.08542379438141862,-0.13353426294328585,0.055006691119489304,0.03753151262985062
0.089177716372209,-0.11925047152553958,0.05235969888906489,4.24012824851161e-10
0.07322074101465455,-0.10590360180378866,0.05043137326166036,4.1247716353609576e-10
0.07781641460214078,-0.11371752494034126,0.051639119914259624,4.1372238968051533e-10
0.18069523925261224,-0.11433549822026379,0.05697498452782934,3.9389647099596914e-10
0.07744811640500221,-0.10210282755929967,0.050046184807714056,4.2234482577896415e-10
0.07328060212339735,-0.10255838381497284,0.05030571735460754,4.065263681241049e-10
0.09443032898272971,-0.10208181327766397,0.05070407011879041,4.076810000697151e-10
0.08176860668883158,-0.11548727463814146,0.05292773451710797,0.07331710625832047
2323149.9127362305,-5.950984283148131,2.0268362515295735,4.446292223292403e-10
1.1763124056388892,-0.875424413042019,0.48588495952649424,4.131328612544394e-10
0.120333301837872,-0.11770035219023356,0.05503513888821665,3.937614678761747e-10
0.08664927806017263,-0.11073448530573415,0.0508322464056814,4.0257219779959996e-10
0.08304397983014429,-0.10854898562824644,0.05130479659128673,4.1438141806793283e-10
0.08360114204062138,-0.10871249162626384,0.05063508318876764,4.1518077864566294e-10
154696375.81544667,-6.459155482491639,11.092053996278167,4.694733490850922e-10
0.07527289124238251,-0.10715987507835933,0.05077374465505757,0.01151501888993435
0.07751202323111486,-0.10664350205153283,0.05070441037384654,4.1458037003394566e-10
0.08227621221022774,-0.12007936924025842,0.05242633100812455,0.014933968287144323
0.07983172989289233,-0.11046226731090769,0.05176956033113811,4.1650061177733733e-10
0.06628196536604354,-0.10508209291430148,0.05117430741308526,4.248477125656791e-10
0.07403468537283324,-0.09897051324214345,0.04943644562885696,4.319158364296527e-10
0.09087810129496987,-0.11628606632937988,0.05187955890206686,0.002541611232921348
0.07485695703801588,-0.1045113663326731,0.05057565472588088,4.156026633950205e-10
0.23034989294805266,-0.10625331896051193,0.061450799735461636,3.8051339856792765e-10
0.07927168126913232,-0.10969131735011928,0.05077209927498272,4.1442582698891783e-10
0.07220832777004083,-0.09927506450731016,0.04982047045053806,4.164579792131917e-10
0.07750781987520121,-0.09678775600905709,0.049159522431052594,4.2026471192002646e-10
0.08237407624877503,-0.11399867781294404,0.051510318322451454,4.1752556967367127e-10
0.0762281328971563,-0.10628963942640013,0.05094029246669507,4.2603787164807727e-10
0.08765844457911477,-0.11082171436147092,0.051291770329138675,3.973239515175919e-10
0.08197624555925537,-0.11099184467963141,0.05076626063239553,4.726921076780854e-10
0.07740373072829591,-0.0984137681080739,0.04987761743366681,4.2876813211023546e-10
0.08790142921934772,-0.11497377162289979,0.05203674179120554,4.2741099548493366e-10
0.07494174272170892,-0.11347726779393952,0.05236469488573903,0.010935456645152664
0.06843098052572397,-0.10163873019891412,0.05035729037186565,4.462421543394157e-10
0.09313887094494296,-0.11252896205619578,0.060150667191735785,4.161613276210119e-10
0.07382106329352182,-0.11041768413047492,0.051485094433541434,4.076587956092226e-10
0.07511902017219448,-0.10929586894062027,0.051101224953773894,4.0186343142067926e-10
0.09102028954913545,-0.11936275687534703,0.05191838082422606,9.654499422140361e-12
0.08659625324977226,-0.10060931416522578,0.051543332872101555,2.8185631606447714e-10
0.08949257644733336,-0.11088974981284139,0.0546054924289221,4.225093608312136e-10
0.08631724806586036,-0.10379684522411026,0.04980133817720622,4.1868020161928143e-10
0.07751370776992302,-0.0985494540986025,0.05009371518633721,4.0473757678682887e-10
0.08913223669515226,-0.11457612214781676,0.05169038366955503,3.978648521751893e-10
0.08473562057520706,-0.11424497572184578,0.051924386106893206,4.0661429778765523e-10
0.09057966024167087,-0.11190206265648328,0.07383089710699675,4.185851665283735e-10
1.0146187651480494,-0.7783523958220968,0.3795209982615333,4.4009595967509085e-10
0.07651580151428405,-0.10627768034669316,0.05124765361553907,4.0526337841129134e-10
0.08946939015852393,-0.10152606337062053,0.049701691642406676,4.104903084112266e-10
0.07758100030517497,-0.10873114805173145,0.05690774556753464,4.1277248286064605e-10
0.08307045208937064,-0.11278557924337207,0.05137034962535614,4.093827499218605e-10
0.06609821205407523,-0.09311446817139313,0.04953028654285774,4.071907255820406e-10
0.07877557934428067,-0.11071164635531971,0.050910427875767716,4.121165630976975e-10
0.07655574527620138,-0.1319095247684956,0.05507846270281824,0.025269495694467757
0.07119904608825452,-0.11370970252892221,0.05249683854473508,4.0813219470692275e-10
0.08713123102967557,-0.10244769103125861,0.05026946473660043,3.1521629750841385e-10
0.06354574527202199,-0.08907853724390691,0.048592980543438635,4.090505711928927e-10
0.07182479091749085,-0.11116102317443222,0.05175506949896569,4.062616909550343e-10
0.0763664489739128,-0.10578073148899847,0.05042145406671761,4.2451375747987186e-10
0.556228262064423,-0.3630292781532134,0.20717859707684028,4.16143119963408e-10
0.07709109732202316,-0.09886220370878362,0.04983706390278719,4.1324987876123487e-10
0.08146755423094923,-0.11094889785522355,0.051458607192258476,4.242473039539618e-10
0.6585955632107021,-0.4198713110460943,0.23951059408530107,4.2663916843821426e-10
0.07685691724666421,-0.11131964370850511,0.05123749162409075,0.009054642915322788
0.0728445968887256,-0.10272220906456653,0.0508353941464299,4.1183767507391167e-10
0.09286632821752935,-0.11731031956113469,0.05191837345730921,3.2724756238167174e-10
0.07461701864486249,-0.10696998133958147,0.0509559389946701,4.0901682041294407e-10
0.0737664402691592,-0.0986959389927975,0.050125946688456935,4.211653248376024e-10
0.08638233100511071,-0.12055612053752895,0.05228972378619101,4.148681398419285e-10
0.5481928209006953,-0.31027491013586683,0.1788938349506024,4.127329589209694e-10
0.08091053843605729,-0.10790661276249836,0.0507475330897873,4.4088821482546336e-10
0.07016865500221378,-0.1076212230902911,0.050641950425522,0.010915975270434003
0.07921723872763263,-0.10895818224178555,0.05084194004006326,3.9001557539108944e-10
0.06961798204489723,-0.10171734385095021,0.050245176698134664,4.0743941553955665e-10
0.08376249613997686,-0.11858022846300997,0.052715181649942267,0.024828659312646467
0.07043103285291426,-0.10351769415284195,0.05083225205299735,4.021462052250513e-10
0.08647683163445745,-0.11573553208232568,0.052795327984663576,4.1251002613762466e-10
0.08088163243286912,-0.10162361149567545,0.05052892217737481,3.4348612842904913e-10
0.0681907448827456,-0.10124530721027725,0.05080912816307803,4.1599879097020676e-10
0.08076299284973873,-0.11576982431580518,0.05223480559093563,4.2587799953253125e-10
0.07901534223136608,-0.11435140412997669,0.05200645003731408,4.2158809776537964e-10
0.07771741964705145,-0.10889752385065776,0.05124679093603968,4.168780876057099e-10
0.06580549954486789,-0.09839375153871543,0.050726107621946515,4.0754866148517976e-10
0.07343825558401684,-0.10165975819077744,0.050531074141754395,4.0453151939345844e-10
1.9195466953531393,-1.0512895765681591,0.30440181653622034,3.453326513636057e-10
0.07471305397080062,-0.11234232814243938,0.05209787147429168,0.014237507130611254
0.07827499194407908,-0.11046053845719683,0.05168532164207118,4.0961189995414315e-10
0.07031993402469079,-0.0988119817341584,0.0499997474118099,3.778559687361849e-10
0.07124551073647571,-0.09996707731576748,0.04930136880987135,4.056808222685504e-10
0.07597992059951736,-0.1067416007688422,0.05173117956755746,4.0394620981487606e-10
0.07160740840130474,-0.11006623149022232,0.052122503252985286,4.06997102686546e-10
0.07167469313599127,-0.1080735756117619,0.051360411847767296,4.095634942302695e-10
0.0886559757961635,-0.11773814133998428,0.05164882363654133,4.3655834502942525e-10
0.06509046513997127,-0.09354455275958884,0.049179713290699034,4.3083403511445795e-10
1.0865065185517784,-0.5879652174281915,0.3423670399967964,4.196229683173236e-10
28633819.494483247,-5.713032705385224,26.643116964796775,4.3647396807955374e-10
0.06764019176594811,-0.09828268699811105,0.04984476620424738,4.0598457928808784e-10
0.08266018534193229,-0.11695734142234926,0.05193515434305951,0.01486208601673028
0.0728958018667299,-0.11319420038762473,0.05168104416296826,0.02754841011112341
0.08975361852302112,-0.11522500632636223,0.05283166636344472,4.6129677855333284e-10
0.09014189751757992,-0.11904189833667544,0.05202561884295864,3.997446818004846e-10
0.07599624116225595,-0.10859061906357681,0.05063943685036909,4.141433862514532e-10
0.07716326999467801,-0.10745652860966004,0.05043273515069968,4.218492222207715e-10
0.08953836050157503,-0.10465618678732369,0.050203570612876725,4.17049506040712e-10
0.07155653041654816,-0.10300328591373642,0.05015524371097335,4.155591426524552e-10
0.07286573223199883,-0.10925309649329762,0.05077613217983101,0.043446040911752394
0.06856448565281999,-0.09678929459633423,0.04971460121925064,4.1587000509935024e-10
0.07462976311778464,-0.10622370220307431,0.050568188517186474,4.1181719145910733e-10
0.07347589006259812,-0.10578342361196746,0.05081514519597308,4.1350789459215775e-10
0.107306344343957,-0.11617704754772262,0.051592262120984334,2.9008484503378895e-10
0.06999820546682184,-0.10192025894328083,0.05072785599919083,4.0687275770778797e-10
0.0721048265030494,-0.09960032576298516,0.05022317989004765,4.5482551058739773e-10
0.07826451023063448,-0.10982414988502143,0.05137360243664224,4.150031429617229e-10
0.0744915738938635,-0.1081526256263885,0.050872719873380046,4.1033310083093966e-10
2.5516254884464464,-1.4451219460436704,0.34578803175143236,3.50950379868209e-10
0.07843100307089748,-0.10693011899374483,0.050784371950821416,4.0475001128470467e-10
0.07970057683222073,-0.11677462155981999,0.05268491185495883,4.0958703095839155e-10
0.07370321064316235,-0.10456078068803265,0.04990309469687659,0.024281056115269803
0.08789427881616957,-0.11844296187705083,0.05180351587637766,5.7616489357315e-10
1.0502728574059215,-0.6775318797953176,0.4159835152162721,4.211422321986902e-10
0.07272310664741087,-0.10326034474287837,0.05096360975067249,4.1444980780624974e-10
0.07292455521903526,-0.10422693303657127,0.050931386177244686,4.1310244114356465e-10
0.8175876200425569,-0.5730962765976528,0.3225616948041967,3.622613320430901e-11
0.687852970331641,-0.3796671480474103,0.19510978929006928,0.02199077892716461
0.08174771555520297,-0.10676040265269648,0.05135790603084445,3.170921303308205e-10
0.6591010262723727,-0.4679162191632358,0.19594858289880968,4.439471013029106e-10
0.07370621495331502,-0.10012510923907314,0.04961653123588139,4.3383785452988377e-10
0.08026012903921426,-0.10485584562293582,0.05119503419758287,4.0160585967896623e-10
0.07601200331208073,-0.10687531140604989,0.0507611897676048,4.0239922505236336e-10
0.0851866896626893,-0.11011829436728249,0.0504936630799695,3.973203988039131e-10
1.1349437081728675,-0.9576267524538551,0.4673085129088186,4.3997516741001164e-10
0.08382922237099316,-0.12353460328624521,0.05354152113866695,4.0662762046395073e-10
0.0699916518731654,-0.100502272701668,0.050319898792191786,4.031623923594907e-10
0.07826779198796731,-0.1113702841840265,0.050961189936751694,4.498188488355481e-10
0.08119378321452514,-0.11024494544679442,0.0510476311444199,4.0816772184371075e-10
0.08277247669505969,-0.1053076146146168,0.050853172033372473,3.414816207580884e-10
0.08318306774435849,-0.11683654164647805,0.05423099966256917,0.055546434672991835
0.4116389299108003,-0.14562607237030534,0.07101608144900862,3.936468928600334e-10
0.07957389604668998,-0.10699581456155016,0.05096221771325915,5.578553174956369e-10
0.0871117116272344,-0.10988679281847169,0.050441214188074124,4.106883721988197e-10
0.5664335476654873,-0.2977278648355295,0.18785484480574244,4.260911623532593e-10
0.06772678017847343,-0.09439237168093229,0.049156369760350316,2.1830182106441498e-10
0.06359153196468538,-0.09502199600962058,0.0499848831875207,4.0697339942497024e-10
0.08719583225513707,-0.11892277535872608,0.05216438194019979,0.00687767607107154
0.07075911040058047,-0.1020421899622832,0.049983230252474975,4.1596237565499905e-10
0.07765294364068451,-0.10692967393113406,0.05054758524379466,4.1213388257688166e-10
0.07280717628432554,-0.10712947247666449,0.05127290690167241,4.090434657655351e-10
0.06312803973420585,-0.09921012178687505,0.05111155780752252,4.057572056126446e-10
0.07896286000206179,-0.10046080234894816,0.04993292283908435,4.262119546183385e-10
0.0703236417913123,-0.102002172626662,0.04998808788583764,4.09944078683111e-10
0.06846914864863692,-0.10272523176924153,0.05096836835256946,4.121512020560658e-10
0.08694431067033323,-0.11013552842418761,0.050880669371994536,0.034769685167574026
0.8620292363548446,-1.0807431042310967,0.2976944196962492,3.9978953481067947e-10
0.06983204419656487,-0.10895110018827836,0.050989360205163425,4.320241941968561e-10
0.07114202448667495,-0.10106815425805138,0.05033654801585197,4.2034997704831767e-10
0.09032416846776706,-0.12372547279453983,0.052993263823482906,2.442383412827641e-12
0.07675877060521591,-0.10957226991298796,0.05125480763118073,4.2083758700073304e-10
0.07327871380029734,-0.10528535758958668,0.0511891139699272,4.1751491153263487e-10
0.06338492958789183,-0.09981937922767514,0.05028748383703485,4.0471359596949696e-10
0.0971517713807633,-0.10600995041362893,0.060235617796172036,4.2027714641790226e-10
0.08579234655028577,-0.1108438681664694,0.051961856644543225,4.120650487493549e-10
0.07767227032359783,-0.12368668152553397,0.05299607869597622,0.05606865600773235
0.09392653744676646,-0.11765722426973468,0.05096499730215598,0.039766966168154866
1.3113968775428337,-1.047089747967057,0.4866166996042729,4.2365755348328094e-10
0.08012108821608609,-0.1171434889986287,0.05207823731276928,0.05808870695616829
0.07849539602081257,-0.11503032185881068,0.05206434742913135,0.010588954798226038
0.07457599222648326,-0.10612634577382352,0.05119726466401042,4.0051340022273507e-10
0.08747673889385321,-0.10529246445127427,0.050485894871356685,4.2027537006106286e-10
0.06869823697079629,-0.09933542155972219,0.050117574440746715,4.1589309773826244e-10
0.08638395531915898,-0.12265317159456401,0.05227645439032358,0.017028339475418694
1.0657658538860688,-0.5739532752722596,0.1775930087339912,4.163016598113245e-10
1.8288828078907193,-1.0787102956104988,0.6402135019372253,4.2802206223768735e-10
0.08990501947060835,-0.1201034367797007,0.05284553317358842,1.6128431923334574e-10
0.07464784526185175,-0.10250263282204486,0.05079915317544392,4.273847942215525e-10
0.08126698066929519,-0.11218387824749243,0.0511828106395078,4.4361936346604125e-10
0.07014008241149254,-0.10099390565289923,0.050129102890072996,3.97193389289896e-10
38551.991659230414,-2.8348376230100243,0.9479996150019048,3.82804898890754e-10
0.07241365368284637,-0.11006098791572327,0.05197391895406289,4.1083669799490963e-10
0.35802139475078704,-0.17632411734354747,0.0704293652673913,4.0879655216485844e-10
0.8696831429734403,-0.5299913692672291,0.28263734046579536,4.204526726780955e-10
0.08413407538140495,-0.11993713832512753,0.05316893532760503,4.092575167646828e-10
0.09228309516440057,-0.10561475990029834,0.06714043314576124,4.207443282666645e-10
0.06864291562771802,-0.10028001767314976,0.049494835291381545,4.09245082266807e-10
0.06697017892832434,-0.09097358977609105,0.04859923280869394,4.0889336361260575e-10
0.07062483785594802,-0.105603494143935,0.05137833711092421,4.0674130730167235e-10
0.07539078912037331,-0.10094524500065916,0.05027539438434259,4.0043879323548026e-10
0.07569119969728225,-0.10328219010440876,0.050119460147135086,4.1470116229902487e-10
0.07352568111083108,-0.11651857991498815,0.052380835724988195,0.024556381301010642
0.0834139565239295,-0.12021810474119121,0.0521105067986074,4.111622153857297e-10
0.08360639689538647,-0.11177297074151937,0.051308846856962464,4.1028691555311525e-10
0.07742237221882692,-0.09930200925257537,0.04966400423468231,4.063647196517195e-10
0.0768712698507534,-0.10479148157855178,0.05016685023131462,4.157776345437014e-10
0.0768532772060585,-0.10451174489415394,0.05102151102153796,4.0659742239768093e-10
0.0810897363194735,-0.10802605942723176,0.05139866562412054,4.162421518572046e-10
0.08364373238461478,-0.11655932662903012,0.05169464710632976,4.2814640721644537e-10
1217543.639336219,-6.22291815786906,1.053541648487844,4.227072025742018e-10
0.07518533838504476,-0.11148927233998052,0.05116180985772045,4.0961722902466136e-10
0.06182655196229865,-0.10057434605650428,0.05055611014776451,4.0882497387428884e-10
0.08568035832689777,-0.1125585180405082,0.051337005253283774,3.7820413467670733e-10
0.07101388846256276,-0.09522340529748874,0.04911905050980314,4.0970071779611317e-10
0.06322735579169869,-0.09697850455739854,0.050010427094536514,4.037055134631373e-10
0.06625793009540132,-0.10018625587100871,0.05079601149375712,4.107043594103743e-10
0.07413280282773542,-0.1075075001177126,0.0516369524959992,4.0521541677662754e-10
0.7164317980704239,-0.5128680240919152,0.26756502403953597,4.3935610705148065e-10
0.07489076881571695,-0.11537985518290839,0.05217974117306046,0.03584970831401667
1.0165179055744735,-0.5396130437132953,0.1612353089866545,4.029345745948376e-10
2.287919494979848,-2.0365983388600313,0.6026037906686526,0.005803874526082553
0.07680275838517568,-0.11145481557324644,0.0518085790361944,4.0316194827028085e-10
0.08352183489519865,-0.10350708890621974,0.05072503594008282,4.206262005368444e-10
95.39295065779146,-2.881896899898365,0.921336145253405,3.6837377592746634e-10
0.9413328456653252,-0.4284779609452869,0.2756019689465159,4.191615943227589e-10
0.07084656746890003,-0.10695414169289563,0.05077055635538308,4.164331102174401e-10
1.3227041438910678,-0.7981513457022871,0.20679025326756317,0.05757598664703127
0.07539135795401136,-0.10815282156201533,0.050609824698323536,0.01768334934746963
0.07615993641129062,-0.10907528238500674,0.051011747760833615,4.076490256466059e-10
1.3836451063788042,-0.7663034356293181,0.5069036272172411,4.1613112955474207e-10
0.0727249369215226,-0.10828605721778217,0.05198514911109253,4.1552516982790166e-10
0.07234459054904706,-0.1144971476157366,0.05228384540307607,0.016609891922296338
0.0736788777218071,-0.09735985812642411,0.05008033469460216,4.0854564176129315e-10
0.08437233485638328,-0.10174296471564759,0.0499367620021669,4.007905118896815e-10
0.06829424445129625,-0.09296952904986,0.04958797061188891,4.0405723211733857e-10
0.08593810687403772,-0.10148973502799663,0.049864569470208675,4.236864123430273e-10
0.07471074074318926,-0.10124301475833164,0.05734241404209506,4.1444003784363304e-10
0.07985460044653475,-0.1067895221076185,0.051021624560222634,3.304965190409348e-10
0.07297242811575391,-0.10775389940417313,0.05106764681084375,4.163966949022324e-10
0.07764318202868326,-0.10617879454779455,0.051199064422440266,4.055120683688074e-10
1.8816817090532496,-1.1294674649443053,0.31772212493981655,0.015164862285236176
0.07549180336296588,-0.11632641468833071,0.052000975878462086,4.382485485621146e-10
0.09352597169588354,-0.11879600503772281,0.05225160948952068,0.007553670391719086
0.5191594276174565,-0.2234601245382919,0.16003509803306404,4.157181265895815e-10
0.06433492796997316,-0.09934124851989168,0.050465776278531216,4.083551274902675e-10
1.5731096854946125,-1.1082461009736377,0.5844485391587817,0.011975774050171348
0.08077440684307002,-0.11085089857305519,0.05082597034449643,0.03190535947025322
0.09152273230879548,-0.12247121560258734,0.05281724468992177,0.002460845272140938
0.07475615378956747,-0.11259262680616189,0.05231648729587146,4.098472672353637e-10
0.0741384847890555,-0.10568950900282204,0.05098851075084809,4.036229128701052e-10
0.09897213790230737,-0.11455203160881666,0.052791028831179254,4.3230485857748135e-10
0.08197261425825948,-0.11727926351983342,0.051792430811824275,0.012642006699116793
0.06566866434030541,-0.09784054225734451,0.04971659215359381,4.0587799787772383e-10
0.06787940599837014,-0.09654591607273488,0.049851894385690265,4.114877327765498e-10
0.07432019478791212,-0.11057957988153078,0.05132898065979008,4.0955328017844295e-10
1.6735470478232894,-1.2871696975544182,0.5956226091135477,4.1609915513163287e-10
0.07151000223936738,-0.10413365179787348,0.05017342943661962,4.4349057759518473e-10
0.06821603080041541,-0.09461908176398026,0.04918818301263839,4.078044568700534e-10
0.07530379565781549,-0.09835797347068365,0.04946138283824064,4.127107544604769e-10
0.09899874289115175,-0.1086989444303299,0.06987819610225365,3.9148695396562516e-10
0.08568022638453576,-0.1112979213211247,0.05193023829812127,4.0590464323031483e-10
0.08043380715893689,-0.10627487312167005,0.05038662222000845,4.1155878705012583e-10
1.9678878517020102,-1.274240215066044,0.3604423727596,3.774571766257395e-10
0.08252400711213362,-0.10269804003312544,0.05241113100272887,4.2448267123518235e-10
0.08304383215816517,-0.1109591094165765,0.051691099345828384,4.26879864789953e-10
98.43547436087898,-3.185675478728392,0.5714964819334014,0.03851013101275487
0.07771508527232475,-0.10316929283128218,0.04958255824531488,4.120899177451065e-10
0.07951792154422149,-0.11374306701068093,0.05145113379064625,4.277556087117773e-10
4.433519358393805,-6.239036644917746,1.1275038416679593,4.233147166132767e-10
0.07084844458804185,-0.09837470716851016,0.050150912210535914,4.2034908886989797e-10
0.08314678203568245,-0.1102380734430426,0.052717060966668505,4.1873882139498164e-10
0.07115713792243644,-0.10615097416180674,0.05115150423392212,4.1430031627598396e-10
0.07260469091145692,-0.1054946841771951,0.05048189363996647,2.6705926359227306e-10
1.3075673413062654,-1.0434075926053978,0.5086253817364437,4.5533932180319425e-10
0.09055609467369226,-0.12240983316707599,0.051715145376704186,0.04543117060212683
0.06426750080411683,-0.10009483439899469,0.05068940455796822,4.0662939682079013e-10
0.07519046385533032,-0.11269457438154973,0.051386015645539906,0.01872447187356127
0.07153281151863884,-0.10584258735342189,0.050867835140538276,4.0806469314702554e-10
0.08542014858107973,-0.11725369009972297,0.05279546838942828,5.07500930169158e-10
0.08140231323001579,-0.10381078508688546,0.04995739630588858,4.3615200340241245e-10
0.08243363288506994,-0.11315030119216374,0.05041907552279534,0.009107460347647048
0.1616465761275934,-0.1312136938988786,0.09072602430270926,4.3369041691221355e-10
0.07504537686128764,-0.11281349743320845,0.05213330925780468,4.1023806574003174e-10
0.07965560667718292,-0.10506597774526227,0.05012721087926142,4.1369929704160313e-10
70.562167745141,-3.164000783013009,0.7418823138815083,5.292566385151076e-10
0.07711853608691177,-0.11380658821465062,0.05256705762368652,4.1607606249272067e-10
0.07079208318478898,-0.09451707061349168,0.05000968155461605,4.063824832201135e-10
0.07075719634170867,-0.09805898112284694,0.04931576075618915,4.11439771141886e-10
0.07648220066415803,-0.10182371489192121,0.04941632294958742,4.0688519220566377e-10
0.36597445814806767,-0.15200503522219577,0.15578019771600715,0.014520101505673566
0.09203691912191939,-0.11576310638591991,0.05224969310449934,4.1801229144766694e-10
0.08262096095226143,-0.11387827257340888,0.05297315223458643,1.1640999275641661e-10
0.08408539309583797,-0.0971547201030134,0.04940633546280937,4.1255709959386877e-10
0.6747620472402169,-0.38873839976907476,0.23564224810874634,4.2299319602534524e-10
0.3643186518673499,-0.19870969297894447,0.06934354419631905,4.077200799201819e-10
0.07869268283918662,-0.11349452496948231,0.051366589700973186,4.606186543298918e-10
0.0863304462338584,-0.11151290297743088,0.05083466628519018,3.9215874991782584e-10
0.0799062405815389,-0.11050487775538187,0.051079259827545354,0.005438147792966516
0.08044495107301576,-0.11213913441874723,0.051443317938737465,4.347597837295325e-10
0.0783651315081616,-0.11423899060634568,0.051774110096669546,4.05847799811454e-10
0.07262801481431773,-0.1076352682491617,0.050942154409307605,4.083897664486358e-10
0.08157570463686838,-0.09653952349498951,0.048860511861129385,4.3687053974394985e-10
0.21325504889839217,-0.16293281142453253,0.09712608933485622,4.055760172150258e-10
0.07498822236237263,-0.10065532574923708,0.049848381004698794,4.092062244609451e-10
0.06844720373785591,-0.09363820590945693,0.048639590877939565,4.0962611080885836e-10
0.07792193768470695,-0.1103059428163391,0.05151939576023512,4.210181092645371e-10
0.07177018015591281,-0.10101362049933726,0.05022828138702984,4.1029224462363345e-10
0.07183228045633373,-0.09523941700652472,0.04977556790809068,4.2364689534224453e-10
0.07503530815989892,-0.10395829571619686,0.05034201139966976,4.1200176603695127e-10
0.08179319306952916,-0.10023356845666598,0.05421244961528515,4.0529712919123995e-10
0.06589699100644203,-0.09858904383727918,0.05076055349764497,4.078690718500866e-10
0.07176208428100747,-0.09619692465710727,0.04982966193140825,4.062528091708373e-10
0.07286137004318721,-0.1019910149539669,0.051278162668844995,4.2241676823095986e-10
0.08410345794871904,-0.1084737631151782,0.05055411646894603,4.1521985849612975e-10
0.09468061996352872,-0.11432275470232867,0.05168207607126751,4.1954173468639055e-10
0.8210980063058907,-0.3685767683280403,0.11127064637347228,4.0827075054039597e-10
0.06418770416976156,-0.09982270531945403,0.05121421636908252,4.046799562118508e-10
0.08402216913080102,-0.10636404904582974,0.0501878300685501,4.19907664195307e-10
0.07836391789720192,-0.11654186318583015,0.052363735106336406,4.0902747855398047e-10
0.06828525264298055,-0.09611663663912395,0.049303276779612215,4.093685390671453e-10
0.9460838001234004,-0.6168189953684333,0.20729260582374742,4.1933923000669893e-10
0.08641151779328378,-0.11597180059288803,0.051539078586877896,4.197424630092428e-10
0.06990929547061665,-0.09950525516381958,0.04948978785684677,4.0900616227190767e-10
0.071305338737942,-0.10143362174711257,0.05032147129296094,4.083444693492311e-10
0.07432456092160207,-0.10698603404055973,0.05041893404003206,0.006881453824524944
0.07924904401580578,-0.11129683914857935,0.050945110059906096,0.012445683167379096
0.06388493126545668,-0.09338646197272737,0.049147834627323306,4.0753445063046456e-10
0.0789632030504973,-0.10701634094276358,0.050826519957758,4.298019717907664e-10
0.07213051019784339,-0.10240981149910056,0.049928526962516706,4.4359715900554875e-10
1.0831335913551587,-0.7562405670305381,0.46419193501170497,4.294515854041947e-10
0.7202048871476013,-0.4553886507975662,0.24177636565653238,3.1228886143708223e-10
0.07551084973833891,-0.09695618680324714,0.04942240982935253,4.096185612922909e-10
0.07935354004015949,-0.11476693739572141,0.05180001718076843,4.0691006120141537e-10
0.07590032079241554,-0.1057085652953873,0.050792380259520264,4.101470274520125e-10
0.08570770053778616,-0.10909724565419765,0.050981751653329965,4.0383341115557414e-10
0.08291360167448956,-0.11384878464899373,0.051855185710021345,3.9948488961272233e-10
0.07186046201811817,-0.10146407984363748,0.05078859113377154,4.1251002613762466e-10
0.07687822273404328,-0.09785829798141776,0.04920810969475342,4.1025316477316665e-10
0.07932964872775683,-0.09936216408325294,0.05241195054065262,4.078684057162718e-10
0.09115615851247583,-0.11371874429732998,0.05229178308706217,4.305427125927963e-10
0.08010045863566548,-0.11201231124507416,0.05204098390656853,4.3095482737953716e-10
0.06936012041440051,-0.09990213423569116,0.05015139322130713,4.184226298775684e-10
0.6943190708660447,-0.4050021687699612,0.2211742319905987,4.157501010126907e-10
0.07212667195762155,-0.09434517561543032,0.049401089657941544,4.107336692982244e-10
0.07948875625067323,-0.10733740476359799,0.050735667015883834,4.0766123809987675e-10
0.07323205593777818,-0.11118955538390196,0.052459588169186055,0.0020218374401642647
0.07996320939409293,-0.10762657327765623,0.05107978301087135,4.199751657552042e-10
0.08307416897902443,-0.1149263102658935,0.05119547353604759,4.141060827578258e-10
0.07704665386550516,-0.10475844272897916,0.05029738902406011,4.0825831604252016e-10
0.07177961181121174,-0.09511333454560145,0.04927175724563204,4.1820058527264337e-10
32763.405367951094,-10.354182840774186,135.26823740022496,4.539266740266612e-10
0.07714515905812687,-0.10589828566727988,0.050546839252662235,1.8588591776946828e-10
0.0808384261239602,-0.1098120456930971,0.05143174806094564,4.2506620445692533e-10
142.70416279943032,-7.358224026021539,2.7379526578702666,4.728537561504709e-10
0.06707313186557584,-0.09450008445474367,0.04934866196670873,4.029487854495528e-10
0.07201557563671375,-0.09875584273108018,0.04970277188790373,4.0831160674770217e-10
0.06345175965428734,-0.08994186721818664,0.04883779332792937,3.8884273578787543e-10
0.07419026635420678,-0.10622382004776654,0.05106592285706757,0.023633292916920547
0.07590327804169583,-0.10442969138155433,0.05040252680585722,4.232649786217735e-10
0.08094693869921513,-0.10906700740732589,0.05434849694889943,4.2360603913493833e-10
0.07296168866530502,-0.10385971174597586,0.05156307362729473,4.1827385999226863e-10
0.07629898368612516,-0.11237389298587175,0.05151571429986834,4.198774661290372e-10
0.09122695467642619,-0.12110261413460677,0.052047041389886584,0.017173177871428524
0.07014504728829632,-0.09986841845019256,0.05087397218281575,4.1182701693287527e-10
0.08475662526128722,-0.1068096692943783,0.06563397972935459,4.1253400695495657e-10
0.07147126348876415,-0.1015035168273073,0.051254414858034725,4.0749448260157806e-10
3.502558784460893,-0.6682408821462218,0.5222417758074176,4.926605789989935e-10
0.06665608750610856,-0.09870150285908608,0.0497737717158615,4.019009569589116e-10
0.8010426979311734,-0.6393120430704684,0.31930201000260006,6.435563193463167e-10
0.9632769332776394,-0.6535257713990177,0.32893298714643215,0.012186364959067587
0.07874510129749854,-0.10528766665982658,0.04987255514215683,4.199414149752556e-10
0.07507604036867063,-0.10711494035126634,0.0506669101115822,4.098330563806485e-10
0.08163188469879779,-0.10881823723562434,0.05119319815179324,4.084901306100619e-10
0.07823026314277236,-0.11276489752537344,0.05147969940748309,0.023208967463064098
0.08418436543315987,-0.11207058241441104,0.05130202480960033,4.241442752572766e-10
0.5638421297959811,-0.33031968035938064,0.18464530269321067,4.2532910526915657e-10
0.06858410982205079,-0.10412556106945914,0.05104537654529784,4.0665959488705994e-10
0.07705256673272888,-0.10346536880738455,0.050268576860482916,4.114912854902286e-10
0.08937944259994825,-0.11517726149563146,0.051399201148564444,4.083737792370812e-10
0.0677849648527508,-0.09934401904674672,0.04970328682999092,0.002857856243250717
0.07237488502070706,-0.10957376257850626,0.051569919637084904,4.076268211861134e-10
0.07913093256989898,-0.11302384488113404,0.051895383837592846,4.131648356775486e-10
0.07976214709527178,-0.11195693442749644,0.051512856509833505,4.086047056262032e-10
0.12102602485551778,-0.10716997388708904,0.08298424546206995,4.190177094187675e-10
0.06847277755022674,-0.10176374710759717,0.05015054747068026,4.079812043755737e-10
0.07170040954069111,-0.09849965298391794,0.049562590311244215,4.395968034032194e-10
0.08026407948899011,-0.10557141959256455,0.050663731103562704,4.12713418995736e-10
0.07221310796378563,-0.10548278018247004,0.0514277250079056,4.034053091572787e-10
4.502643005323194,-4.78577907824333,0.8556893401400387,3.382325530765229e-10
0.106181138302535,-0.12015999787468701,0.05486669611735717,1.6157741811184678e-10
0.8475159236069552,-0.4493824934416466,0.11700304213761825,2.2660628928861115e-10
0.07260440698973376,-0.1033633931319784,0.05079091822931492,4.085070060000362e-10
0.07235775276193274,-0.09983015273407858,0.04990461611848218,4.289191224415845e-10
0.08190735118242186,-0.10299138153572329,0.050281216705771126,4.34180691399888e-10
0.5681387346641313,-0.3218049924587305,0.18571909536514752,4.1965186881043337e-10
0.059735976232574574,-0.09477958706516887,0.04940858573676632,4.0607606166531696e-10
0.07839764976180985,-0.1132742015914161,0.051770897476523636,4.11448652926083e-10
0.0767354136693299,-0.11652457035008013,0.05118410020921038,0.04374764055202163
0.08051372616141995,-0.09650186588035581,0.048995450290941545,3.523892289081232e-10
0.0811217027598118,-0.10993590056695268,0.05078978489983266,3.246647395371838e-10
0.07648569290062815,-0.10764268514064668,0.051102950627564425,4.1175152176720076e-10
0.06731475708562351,-0.09843461172469858,0.04959067372069326,3.994484742975146e-10
0.08184367229984336,-0.12268546087963728,0.05350518905305979,4.134612652251235e-10
0.07780465972700487,-0.12100115289393898,0.052662299682388,4.1298520159216423e-10
0.07878644095340509,-0.10084490001919733,0.04993299191002665,4.171436529532002e-10
0.1008713308023344,-0.12386957360693174,0.05178642251101717,0.01426972598902626
0.07831801020801513,-0.10385144573179161,0.05009807472250172,4.199467440457738e-10
0.06975478326612766,-0.10135442022688324,0.05023522085217902,4.085158877842332e-10
0.06895236309932726,-0.09663429068600493,0.04958735946916537,4.070390691168768e-10
0.07161891780852668,-0.10192185265793086,0.049985828708746904,4.1022030217163774e-10
0.07016380821984361,-0.09795718094744643,0.050033973594821646,4.1221648316991377e-10
0.0703574583054554,-0.10646640161001386,0.05158609536796632,0.023992443474423142
0.07633067089220844,-0.10904682338731675,0.05082918734279129,4.149356414018257e-10
0.20592981174451783,-0.15045140416953728,0.09782916199363356,3.077884613844617e-10
0.08496395178703503,-0.10630354869137904,0.05013229753344106,4.313367441000082e-10
7.711078150195759,-5.5750928563490945,21.215457585621152,4.871845149523324e-10
0.07349914156884772,-0.10901877400985427,0.05105620331832039,4.815383647382987e-10
0.07549888486474213,-0.09984510663226587,0.049956659363651124,4.050368929142678e-10
0.06413780021561392,-0.09704129815040119,0.05020810692979083,4.108180462480959e-10
1.0280871526869326,-0.5915368965904761,0.3429279531785898,4.2485703843908595e-10
1.3800865716960198,-1.1236414140719475,0.5542269363889432,4.3513637137948535e-10
0.07320936794182878,-0.10539013853507839,0.05081038329391374,3.984990115668552e-10
0.6313582236313948,-0.276812634205406,0.13835856439451177,4.1749270707214237e-10
0.06733529974111782,-0.10941824891830976,0.05246849647426233,0.018269228295953205
0.06991785339607977,-0.10303719119639254,0.05034681766500082,4.113402951588796e-10
0.0640142795177902,-0.09365127933841677,0.049338193650743545,4.086846416839762e-10
0.8918372582049792,-0.2798868394113754,0.09676157406231845,3.8033576288398763e-10
0.10155586748727155,-0.12924433160039683,0.05285429177790846,4.1650594084785553e-10
0.0770981828236729,-0.10336504731379392,0.05065813699452848,4.127906905182499e-10
0.07490337328195382,-0.09718185221512243,0.04916957510950937,4.214517623779557e-10
0.06718337546805266,-0.10305407602573524,0.050353125320412584,0.04062690836095576
0.06914522853591969,-0.10171251143756876,0.050513868085860114,4.213456250568015e-10
0.07015789158479384,-0.09810235844160786,0.04943230257434639,0.0008699536572497439
0.07425946621505268,-0.10622419399358307,0.0513708402318902,4.0921710464658645e-10
0.08041475140189452,-0.11468184718556529,0.05134968500874404,0.004782901637181564
0.07401384100750467,-0.09725897115421844,0.05036796439356994,0.0038116996196843195
5.581061880386094,-4.613073756972895,0.9537372164267168,0.02741909323500563
0.07235363679781931,-0.10879731073825383,0.05131254957426323,4.2011372158867744e-10
0.08263240368235565,-0.11350540988172497,0.05138885722906883,4.2878500750020976e-10
0.9057138480265308,-0.6347587998816238,0.33680330624547494,4.0676684243123873e-10
0.07276036163659984,-0.106757880728928,0.05168493100884364,0.017477215531422896
0.07769563601036707,-0.1084616998048844,0.05155932238168992,0.013850737637235988
0.0761364529601624,-0.10186716978205368,0.050635012746852226,4.228173366982446e-10
0.07956845677243689,-0.11296002808950334,0.05122425760444704,4.0961900538150076e-10
0.9989768530291423,-0.8210630961524501,0.2628403907552137,4.0728842520820763e-10
0.8627600050377507,-0.41714477563357377,0.20777361011773454,4.1753178692260917e-10
0.09710759727516002,-0.113837724416328,0.05227855765224643,4.3798387139304396e-10
0.07480522146297224,-0.1026013842757223,0.05046249102223399,4.142943765828022e-10
0.07633609424112363,-0.1146315286381423,0.051625484378489794,0.004873003773042912
0.07710312807290619,-0.10899165539217393,0.05118269500817796,0.014193563528614318
0.07813067849668297,-0.10450295778402108,0.050440838504636876,3.857980601651434e-10
1.7648864946814655,-1.2508117082515327,0.5827807500912634,4.232445505181204e-10
0.07297259877587192,-0.10023666434973677,0.04986636856184745,4.2384940002193616e-10
0.11099797391801221,-0.11293048405100592,0.05279750182656251,3.9970160514712916e-10
0.09670876382567291,-0.105210405163767,0.056230964628145585,4.0235015319467493e-10
0.9490790844562487,-0.7949973262477599,0.1898030621367024,4.164597555700311e-10
0.07502473005194774,-0.1071814172758252,0.05196034151950579,0.04208441993875178
0.07555551027577907,-0.09832891261830667,0.04968657883656746,4.0819969626681996e-10
0.0715376584509498,-0.10041203434776946,0.050833690826924016,4.0446757054724003e-10
0.06627978960331456,-0.09144088369564685,0.04858179950850783,4.141309517535774e-10
0.06976729319651602,-0.09913081761806097,0.050053561285720694,4.1155168162276823e-10
0.09451746116009568,-0.11400624429726491,0.07579277020300523,0.07416416878652787
0.08207429159406968,-0.10235032132830924,0.04990542932860942,4.168434486473416e-10
0.07378902827611868,-0.10039049719598125,0.05044908888172861,4.171969436583822e-10
1.3810752586524861,-0.8521725053371512,0.21204391472033635,0.0009303222807655886
0.07816108936249222,-0.10291731792516856,0.05022846938475212,4.375966256020547e-10
0.06886259380399887,-0.09826388417361187,0.05024858026165635,0.0058462413094306775
0.07306487222124686,-0.11156944173117012,0.05219313034117423,0.03305013884392177
0.07342105241400317,-0.10248091224157463,0.04995703060052392,4.070557224622462e-10
0.07638283412875752,-0.11584961229709023,0.052463063610351135,4.0810732571117114e-10
0.09319662430183354,-0.11698053633156746,0.05238345118177934,4.1892000979260047e-10
0.08508066254907617,-0.10689921734387298,0.05043264204081899,4.114433238555648e-10
0.07661875709919402,-0.11098064250387552,0.05162528045222503,4.1936765171612933e-10
0.06984840326648595,-0.09728863386973785,0.050305397665083795,4.190088276345705e-10
0.07607711773032193,-0.09977250689235007,0.04988169315618318,3.8768455112858646e-10
0.07892452576131576,-0.10230216811569903,0.050276013327799074,1.7196022383814125e-10
0.07430154704987162,-0.10101673455859128,0.04979243798928801,4.115822127559454e-10
0.06541925017481484,-0.10570842859858942,0.05124141421179784,0.02095602625163099
0.07216356174948892,-0.10297280589634994,0.050769532588324395,4.090878746865201e-10
0.13373741600371614,-0.11753587296342971,0.055887142496163555,3.750404431457355e-10
2.45625864731234,-1.5938175293035073,0.37371680539187224,5.360032417911498e-10
0.07778593521671553,-0.11357081518349332,0.05208944019446893,4.048654744792657e-10
0.8402190305070905,-0.6459142553804824,0.17437761337037294,4.2026471192002646e-10
0.0782807917017126,-0.11614415075070639,0.052609091068437586,0.010763604660765064
0.7219193899356631,-0.39712551542250196,0.25152985944901474,4.1599257372126885e-10
0.09199601627173247,-0.10413078276594945,0.06507025459775129,4.1380410209512775e-10
0.08147014839174442,-0.11186221087587,0.05055690086495934,0.006325999398202886
0.9633439206783224,-0.5971788224805721,0.43944477533704607,4.205755743669215e-10
0.07527951963884173,-0.11045833794662485,0.05143381954724635,0.05457448764481426
0.07216127502468395,-0.11156633009321837,0.05210117151717775,4.098827943721517e-10
1.0084313684004356,-0.688875874863129,0.41268914574246907,4.200160219625104e-10
743.0044384118867,-3.422782418017313,2.401246445224338,3.845563867344026e-10
0.07963286118901633,-0.11773066877167082,0.0530260251468091,3.758469091508232e-10
0.07116329592199763,-0.10338093039288765,0.05116766098823833,0.013460250093847062
0.08587165179475931,-0.10503549779252808,0.050478778910841626,3.8611780439623544e-10
1.090966649937885,-0.6642436613772276,0.16955072097733748,4.5239012536058e-10
0.08024800233509732,-0.11077239761571178,0.05193146652610281,4.100400019524386e-10
0.07314351146302707,-0.09845590033984308,0.050034043546653084,2.960010014874115e-10
0.06833949245304685,-0.10152275680866296,0.051116076268097554,0.024248260508594466
0.06567215095002633,-0.0939024789392775,0.04937320550898461,4.086295746219548e-10
0.07061082621692587,-0.09820888450361309,0.050110059220425995,4.2093173391322125e-10
0.20993628136401982,-0.1534270028991216,0.09633861066701144,4.142215459523868e-10
0.07646756929752463,-0.10300717404531667,0.050751941328372574,4.225855221307029e-10
0.20728552379704498,-0.1479254208528502,0.10488510478022395,3.9410430474617897e-10
0.07700675149380973,-0.11240328008720013,0.05160350685827009,4.290061639267151e-10
0.07744390797275494,-0.10297337127940409,0.050762328868092066,3.8757708153980275e-10
0.07064884097740762,-0.10070907547500951,0.05028649846916666,4.083897664486358e-10
0.07978572033395924,-0.10108059418887194,0.04979831852809369,1.9553247909698257e-10
5.19784754157638,-12.707850019954257,2.929173137511782,4.538751596783186e-10
0.09330642086897106,-0.10729962762651013,0.05306587937433971,3.370210777120519e-10
0.07481175563062498,-0.0993419197423151,0.049634862147589054,4.3232972757323296e-10
1.1274876307927744,-0.6186923653184806,0.16536929517239862,0.010712219674806664
0.0732277963848506,-0.10953847611649081,0.05133470992228473,4.064180103569015e-10
0.06826010166584034,-0.0964754811400681,0.05056453222927848,4.168949629956842e-10
0.08671699393863365,-0.10981773194195199,0.050535659229288044,0.03400370854030256
0.07427865780711465,-0.10314520740849531,0.050700073419120084,4.0901682041294407e-10
0.6944602280569588,-0.46666528260423945,0.259754390600893,4.4145598288025667e-10
0.07075837261592706,-0.10240680206549513,0.05146203717465525,4.150217947085366e-10
0.07170498400090403,-0.11017216784758688,0.05090170178416731,0.012705257697909741
0.09440414243672196,-0.11995085693720853,0.051907094463657266,4.845928103236474e-10
0.2533414178700265,-0.18677822648200504,0.11705481161810294,4.5968429063236727e-10
0.07308613026667496,-0.09353380642839682,0.049149215810543545,3.8292113924143223e-10
0.07293951573998386,-0.10306348630647477,0.050551829767469414,0.011192741711914561
0.08830488662746869,-0.11421362279033076,0.051741023188927926,4.0745895546479005e-10
0.07408085059319089,-0.10706635935294173,0.05087452231195133,5.119389356877946e-10
0.08234307647519842,-0.11662890960291605,0.052168841745627414,4.1029224462363345e-10
0.08827661982664307,-0.10926702002412014,0.05069138904757864,4.1807624029388535e-10
0.06716327781319127,-0.09183091277379418,0.049057928148054764,4.140279230568922e-10
0.07693883237074592,-0.12156999750595077,0.05280296909202775,0.027277040362573002
0.07134098400733248,-0.1117553480366098,0.052002292644918846,4.063327452286103e-10
0.07892846301249135,-0.1161043574898386,0.05219792185223637,0.048172543420561056
0.0753648191147176,-0.10863199681956104,0.05119451452472168,4.065279224363394e-10
0.09489720827040071,-0.11823509325499515,0.051896187296676555,4.1169379016992025e-10
0.08374287298856568,-0.10236116501814507,0.0502793136647699,4.1532255412590757e-10
0.0802019789190837,-0.10782221358905275,0.05123701537355485,4.0760284036878147e-10
0.08234189631251418,-0.10980603113551979,0.05172470058280876,2.3239010715769837e-10
0.07884493880839091,-0.11064529221221875,0.051215723070727304,4.098881234426699e-10
0.0899961900919445,-0.11089656217048827,0.052409519555363104,3.9042369337494165e-10
0.06522498063838136,-0.1026699747695119,0.05075134697242767,4.050386692711072e-10
0.07383366019087988,-0.10255448239080778,0.05005663112179093,4.129283581733034e-10
6128780.001487996,-3.043805809538597,0.7087330099941909,0.011438558924973627
0.07587565340695254,-0.10292094741166835,0.0500608206438895,4.040954237893857e-10
0.9166630062461235,-0.8188673118201208,0.3787365011648838,4.1227199432114503e-10
0.07337152945210797,-0.1164693261703178,0.052266675345824076,0.02562546275777928
1.7949233524942914,-1.338221987083564,0.5887423372531764,4.213198678826302e-10
0.07191731603601993,-0.1045031234373397,0.05100530760358968,4.0675285362112845e-10
0.0827358162871178,-0.11476175100937525,0.05494703000941925,4.0595793393549684e-10
0.07876759133799795,-0.09473766918029725,0.04929821523458555,4.3075232269984554e-10
0.08081691184482837,-0.10941197703375138,0.05113571024554808,4.162519218198213e-10
9.258124438498701,-6.141318544848069,2.1551753734883334,0.05278873846321759
0.07324362935752042,-0.10702130064678528,0.05143787286796808,4.2740833094967456e-10
1.0588525618242501,-0.47306034799682806,0.162629252562283,4.0877790041804474e-10
0.07461863748521137,-0.10266166741223515,0.05019841187184193,4.134523834409265e-10
0.0736579359064147,-0.10155572910248623,0.04951165144471581,4.0889069907734665e-10
0.06360627565429543,-0.0994244121802268,0.05000996701692495,4.08483913361124e-10
0.07380990182527555,-0.11018892437839867,0.050987776461103085,4.091438299269612e-10
0.07566399815024925,-0.10874751879610756,0.051394763487746964,3.996203368217266e-10
0.07783418883399819,-0.10152059431671034,0.050531214291298365,4.0730085970608343e-10
0.07244503806004404,-0.09998714614721393,0.05030501373998941,4.2950976109068506e-10
0.09022116801959383,-0.10766977321793547,0.05060042589808633,4.0860681504995e-10
0.08592112813308804,-0.11205410904550206,0.054521632918298035,0.0002322160078765262
0.08330612444727509,-0.10233936754273998,0.049694652568478936,3.9762682035870967e-10
0.07977652777320923,-0.11381740975020449,0.05173470000381197,4.1529801819706336e-10
0.0775849487563591,-0.0978096013286347,0.04969019631170246,2.594724435311946e-11
0.07869522580385534,-0.10435634298715968,0.05014211152480286,4.065423553356595e-10
0.07947289764613961,-0.10496099939440029,0.05019384749504319,3.3259371209512173e-12
0.6893687118429112,-0.4662727072000834,0.15173123500719843,4.255316099488482e-10
0.20167526486968512,-0.14362503218733735,0.10003360687368446,4.3066750166076417e-10
0.08769422298350678,-0.11246245168563007,0.0511164157728321,4.036095901938097e-10
0.07444553006095804,-0.10030456227414675,0.049689673309910365,4.048512636245505e-10
0.07699361918628375,-0.10630422239132997,0.050828523041750895,4.227764804909384e-10
0.18234205625071503,-0.14178030263178698,0.09319897842845482,4.1237613324085487e-10
0.08141902250883584,-0.10808188232361005,0.050724895987335206,4.1688050234078844e-10
0.07551325811622905,-0.10386656442101838,0.0516280292337119,4.121734065165583e-10
0.07376777838824472,-0.11250142483508796,0.05220000630027766,4.170388478996756e-10
0.07925221776110464,-0.10738516981986379,0.05115953281249075,2.873843385486907e-10
0.06860120651392977,-0.09995488214661918,0.050407994662703626,4.0679459800685436e-10
0.0829434159634395,-0.1012832362138596,0.050092385378720294,3.584701424586001e-10
0.07416429623693412,-0.10887049707054786,0.0503521387395387,0.017084970355829607
0.0719399203827025,-0.10348457031290792,0.04997815466199995,4.988365276403783e-10
0.06665222241314486,-0.09864100318808511,0.049859774360182296,4.148050791741298e-10
0.0813775490712194,-0.11716850606946139,0.05223874780306925,4.4317127745330254e-10
7.962154025621183,-13.710772314037982,15.631335925232577,4.472560100055034e-10
0.08051839289515195,-0.11164204113653398,0.05174436872477184,2.0937918066010752e-10
0.4084504541533232,-0.1668499757777866,0.07880440157472535,4.100439154886004e-10
0.07628811064646976,-0.10852188254007444,0.05090346891670494,4.185594093542022e-10
0.08127923580495659,-0.10564733637181689,0.05149292071235623,4.210440884833133e-10
1.423362219423333,-1.0794368017502478,0.5618133759340953,4.277271870023469e-10
1.0701236576446338,-0.6776414336923295,0.3859005307001979,4.288103205851712e-10
0.07580355200928629,-0.11311771883536892,0.05255141372299166,4.095297434503209e-10
0.07331864664220579,-0.10767118723621394,0.052066450691975685,0.04571779155230632
0.07142749077238203,-0.10906031208854472,0.05172679079560716,0.002791568998047139
0.08123264709910291,-0.1151003668157955,0.05196922193523568,0.021685596209645407
0.0753149754639002,-0.10410683842453494,0.05055049799973288,4.0447467597459763e-10
0.06800003952677695,-0.08872126324882146,0.048764610319387725,3.970299644606712e-10
1.5875491258965997,-0.8458716300556404,0.1916208503888619,0.039027165435365614
0.08881069587894498,-0.11197021177819977,0.051327617139909965,4.0170000659145444e-10
0.9582383284458187,-0.5243666590879315,0.28511295179781726,4.319300472843679e-10
0.9713267193521767,-0.7544563218904301,0.38786463819867834,4.2932413180096773e-10
0.07058841519754605,-0.09706126337410836,0.049525962002680224,4.020099808599298e-10
0.07434871465268637,-0.09957453331091415,0.04985894515380718,4.179128154646605e-10
0.07516222432643091,-0.11326018147079253,0.05187399249310687,4.057447711147688e-10
0.07586491307511126,-0.1105060816413328,0.051336708483543436,3.979296891998274e-10
0.8595712924967097,-0.397194774801207,0.23636790202853852,4.361329075663889e-10
1.4571493290523145,-0.9696569858347175,0.22898051729467994,3.789004665577522e-10
0.06997388901316362,-0.0992449567861513,0.04999950212331683,4.069455883382034e-10
0.08179331671666278,-0.11296716512773486,0.05188346291052337,4.077591597706487e-10
6.2029431468937455,-5.599472403978851,9.231731879596325,4.55032012069978e-10
0.07753595785117812,-0.10303432542203694,0.0512358562385673,4.1167780295836565e-10
0.7983608285389542,-0.4563482210495522,0.2469916628572708,4.2089176588433475e-10
0.8710591800239983,-0.4658456253409824,0.29825099844788205,4.1822190155471617e-10
0.0797709394653773,-0.1073782104225387,0.05006706557843765,4.002811415659835e-10
3.1172923604051794,-3.327735345451238,0.6571042045277764,4.2476377970501744e-10
0.8197851323170725,-0.4248686189347879,0.2835479211548435,1.5421441901253274e-10
0.08823220680830471,-0.11372889861890911,0.05136970654057782,4.692388699822914e-10
0.09690743973642751,-0.11382159933395286,0.050989653544021074,4.219486982037779e-10
0.08105927289575879,-0.10404278321981053,0.050027327139306355,4.102234107961067e-10
9.602320687730899,-2.8383575786410944,1.457815812899888,3.700728612443527e-10
0.06745148137678382,-0.09951481822637476,0.050785127241910644,4.2078873718764953e-10
0.07335528021088006,-0.09740706272399535,0.04946571311353676,4.687525922975055e-10
0.0837370786889568,-0.1085780706920687,0.0511227723483354,4.0955683289212175e-10
0.073612232163352,-0.0973827687033122,0.04941461361883315,4.1090153501954774e-10
0.07660681299684392,-0.1025172855231915,0.05022456474497883,4.147899801409949e-10
0.07411859823297494,-0.096163724791964,0.049372176249913746,4.2815706535748177e-10
0.07728364873419157,-0.1060936546657203,0.05035069722979868,2.914051222546732e-10
0.06274922975181567,-0.0973964133833718,0.050088340291543076,4.0889247543418605e-10
0.07897305977520315,-0.10746777146413677,0.050027602905573065,4.2253489596078e-10
0.07704885113696505,-0.09883208960007295,0.049574541222390245,4.0673864276641325e-10
0.07095376340441337,-0.09728663345622834,0.049713822117188666,4.0868219919332205e-10
0.07490463970206969,-0.10559025355403406,0.050943391849291864,4.1115644222600167e-10
0.0720877634174555,-0.10551159858119519,0.05074059647888207,4.235820583176064e-10
0.08334225133842364,-0.11485789648389044,0.05169097970615777,4.1737102662864345e-10
0.9477142345146351,-0.5853099766864034,0.30443389040221014,4.1175418630245986e-10
0.08513152501718999,-0.10595663684002687,0.05038232360499073,2.170299495674044e-10
1.1951622389211665,-0.7806280823883398,0.4370110223423751,4.1611691870002687e-10
0.07153045869396715,-0.10122760481714721,0.05053698061782663,2.800524256940662e-10
0.07146481196504703,-0.09640718374034662,0.04946674134028628,4.1085002067120513e-10
0.08006170885262065,-0.11217021288553042,0.051364143507592,2.9882496477284803e-10
0.06737453007580416,-0.10482844779316025,0.051017958910603234,4.1595171751396265e-10
0.09512080702841359,-0.11765812327134739,0.06962590284435777,4.532889619213165e-10
0.0872427290220299,-0.10780160444832632,0.050394561436124974,4.674443054852873e-10
0.06787471580410613,-0.10454997256444187,0.05100412517441555,4.1086067881224153e-10
0.0667607477200936,-0.0975233188989435,0.05015640571640789,4.1084136093161305e-10
0.07606132194279526,-0.10891306725167738,0.05093705660218939,4.1037395703824586e-10
0.08534483826144049,-0.09985827122232394,0.04951896072007145,4.140918719031106e-10
0.0759605791280056,-0.11927783827223948,0.052494934570090024,4.1519765403563724e-10
0.37883146745001056,-0.1248186671727538,0.07388333239029432,3.794031755433025e-10
0.07649291362010002,-0.11506562773857354,0.05250724545028351,0.0076966686512909
0.0744813187376915,-0.10742408174215967,0.05137012485474335,4.115250362701772e-10
0.07457901709977245,-0.11848607223160457,0.052322503384663044,0.0022540593006750327
14.653596924991927,-2.361531011084601,17.066373230398625,3.9355108061300825e-10
0.0806024212403321,-0.10441761483679812,0.05048555751132744,4.0889866492754834e-10
4.899710914974827,-1.25711635387745,0.66250369787371,4.418048149545939e-10
0.07137146284130749,-0.10123859986541817,0.05075006257447123,4.1114667226338497e-10
0.06660581020774184,-0.09718686502087337,0.05050870399199159,4.0305714321675623e-10
0.07901284706597882,-0.11089146530484584,0.0508732318953129,0.0026730664846762245
0.07457829045026836,-0.10644626892168674,0.05135319902671265,4.3023984375167856e-10
0.06758779670105544,-0.1108466642216328,0.05254721535278195,0.01728028882280027
0.07556815611989583,-0.11395869229541944,0.05131009794216235,0.0026268501083991647
0.0877216574112472,-0.10956324883024138,0.05069799904067329,4.320686031178411e-10
0.07752749440834694,-0.11412088854034153,0.05189394138068337,4.481273824241683e-10
0.09127630757633791,-0.09913229799680323,0.07245366148234567,4.149143251197529e-10
0.06405535671830717,-0.09611087590726441,0.050675850978869175,0.031171858785326745
0.06757379214474085,-0.09734544685334612,0.049482360638359424,4.1382364202036115e-10
0.07469512082154224,-0.10479968211555502,0.04988054135229092,4.0593839401026344e-10
0.08115739504699611,-0.11097751200451711,0.05148620815428817,2.55253596037619e-10
1.0755207639658508,-0.7944412354684687,0.38350027661415,4.2881254103122046e-10
0.07540480114413368,-0.10807382919965391,0.051951568212354804,4.199730008203062e-10
0.25149840101244775,-0.17190248805643193,0.1145473688648746,4.2391956611709247e-10
0.07541968528769867,-0.10485448480575599,0.052216381283638036,4.120748187119716e-10
0.09276786571488874,-0.11688155814005796,0.053083829250019754,4.474731696291201e-10
0.0744817822119992,-0.11200298156726518,0.05128763092121558,0.0009662479732429341
0.07074044228956394,-0.10594694897433499,0.05160092672543115,4.1247183446557756e-10
0.792585452277264,-0.5229342552329896,0.2966456019445367,4.1381653659300355e-10
0.25089292970794574,-0.11967773254605873,0.06943374491894083,4.1176839715717506e-10
0.09004183878974559,-0.11593564396432754,0.05055747705528013,3.9537262352951075e-10
0.6920766026442093,-0.32846271682733175,0.09352219006926532,4.195377378835019e-10
0.07466626383808635,-0.09840610053054633,0.04937222663528784,4.0893510799833166e-10
1.0986460973005046,-0.5766489549854725,0.17305659137901763,4.1178260801189026e-10
12.50706613679834,-4.848037612065291,1.0485253766492022,4.293503330643489e-10
0.07273507842787913,-0.11242648842289782,0.051668973621481484,4.090505711928927e-10
0.07538444320286321,-0.10151471037587356,0.04980047895718398,4.097702177574547e-10
0.07679147443289196,-0.11337743651406385,0.051668265739074126,4.148557053440527e-10
0.08707928707310612,-0.10458289458837555,0.052301664639668566,3.383426872005657e-11
0.07058367276810586,-0.1033436544693842,0.04996864222699049,4.133138276074533e-10
0.11214152380264983,-0.09849932009581863,0.07884147769298977,4.12899936463873e-10
0.07201449665773997,-0.0991509104796151,0.049929600684436526,3.923226188362605e-10
0.07480831610727591,-0.11083199786536113,0.05163812693195169,4.1162540043160334e-10
0.08627303646249244,-0.10451035858415025,0.05017984209099957,4.2360248642125953e-10
0.07225280235317334,-0.10405761740035757,0.05092238357100154,4.060365377256403e-10
0.07603548500610584,-0.11225511765810836,0.05204497080976811,4.1019632135430584e-10
1.2183999055880412,-0.8759420287736859,0.5262982840471366,4.2376058217996615e-10
0.08008450881224216,-0.11069177381662598,0.05047534930867492,3.8340353114563186e-10
0.07477860164145379,-0.1029019855464739,0.050950257440747215,4.127587160951407e-10
0.07471410026943558,-0.10259294387136464,0.05071756013135831,4.0410030877069403e-10
1.1283148157246712,-0.9210858808601188,0.4654182745898332,0.019180547197435397
0.06324981796751478,-0.09787757013570797,0.0500320387276747,4.0758774133564657e-10
0.0733854396994188,-0.09901794751811366,0.04979426500013773,4.135980447017573e-10
0.10827282145364558,-0.11994836149153798,0.06039489404465659,2.934001930299246e-10
0.6876249593952315,-0.3586620735552799,0.1286902615438752,4.170113143686649e-10
0.0769492238507784,-0.10694152944667223,0.05055971530897985,4.0636782827618845e-10
0.08690090286096963,-0.10084669171919103,0.06521846288443012,4.2895598184600203e-10
0.5882546240226691,-0.2730493291031735,0.09820363998698944,4.21154666696566e-10
0.10052989788033208,-0.1136094223611579,0.05002983845877784,3.2383518089318386e-10
0.08279078272998366,-0.11252056847302327,0.05110825798026353,4.071463166610556e-10
1.0885776131798897,-0.8251542398413036,0.4033306103687053,4.170841449990803e-10
0.0669479456190638,-0.0994702368860203,0.04989696032131796,4.0662140321501283e-10
0.07110080434670839,-0.10179662691063385,0.05076054976474387,4.2006753631085303e-10
0.0794551262320748,-0.10363580726082944,0.0504623979795471,4.431548461525381e-10
0.07403027555122758,-0.11211466049339691,0.052309028902214116,4.0529446465598085e-10
0.7303360600080853,-0.3297859685177329,0.18020326963986832,4.104592221665371e-10
0.07189943421015216,-0.09862115100013824,0.050236321833661446,4.1469316869324757e-10
0.09591680954340204,-0.11829080975006434,0.05202304750044773,4.2805048394711775e-10
0.07918065524391066,-0.10524677170213437,0.05060143383396465,4.179137036430802e-10
0.08787944070064732,-0.10726779213064219,0.05178755207264807,3.7628389293331566e-10
1.0543438955113875,-0.7967086946971378,0.30884992543018264,4.340936499147574e-10
0.07184012604653203,-0.10590089983701034,0.050576399586713006,4.0670755652172375e-10
0.08226436497335893,-0.11569501734836507,0.051664557051188,0.0452880547687568
0.08552343315290703,-0.1117296595773567,0.050924780542077386,4.0792813571499664e-10
0.0697355374034329,-0.09389196314454296,0.04920854437291222,4.035118905676427e-10
0.07303823162031123,-0.10432927241745915,0.05095439763207965,4.051212698641393e-10
0.8672557268880574,-0.5295970697861989,0.24730014765276565,4.218261295818593e-10
0.07854012942706964,-0.10863618708775391,0.05159906111501256,4.204672165997181e-10
0.07453385461310916,-0.10590095588358395,0.05062645625499407,4.0961367631098256e-10
0.0951937055927752,-0.11332620289775974,0.07198306102850882,4.3288572726396524e-10
7.005450973733964,-8.69648988509806,2.1800551352589537,4.685545840210636e-10
0.08015590526533024,-0.1133456132224282,0.05240240716545008,4.0617642582674307e-10
0.08654661322227333,-0.12072923318230266,0.05251585191480679,4.2154013613071584e-10
0.07176378008707154,-0.10276983842520337,0.05099104619279293,4.147220344918878e-10
1.2213116326785662,-0.7266473334711279,0.19361306781378218,3.942677295754038e-10
0.08449706944981979,-0.1075524587190202,0.051362138227223575,4.2383518916722096e-10
0.7321531372112617,-0.31394658545239196,0.11614687716192051,4.1515679782833104e-10
0.8045147638828951,-0.64084371377038,0.31893039372126,0.011548360688752146
0.07989441754257294,-0.10370835969004588,0.04986981492399334,3.8125236301311816e-10
0.08150098385620295,-0.11542761459299555,0.05210444799923586,4.300573230864302e-10
0.6571973778251257,-0.31932089949807363,0.1838519190161083,4.179163681783393e-10
0.07786386670808916,-0.11554804756229231,0.051361099664357646,0.02978819629475383
0.26140638329216787,-0.1399324113775151,0.06388179280167261,4.17129442098485e-10
0.08583445837648973,-0.12306027058664881,0.05323965963184918,4.5628922862306354e-10
0.07529562451276031,-0.1095905943422224,0.05135700774326901,0.005905658823173898
0.08874580415441335,-0.108222957185383,0.05042533810561434,4.134506070840871e-10
0.07049107535300503,-0.10639099900815552,0.05154565162221436,4.0179304328091803e-10
0.07737946455033906,-0.1173093699184875,0.05228742791053742,0.04592814135064628
0.24635527515248096,-0.16721651292346706,0.12181241466873338,4.0757619501619047e-10
0.07004077091745892,-0.10545823757160377,0.0505550137957016,4.0749625895841746e-10
0.07043396616860896,-0.10253128846487414,0.05042228993556508,4.0892977892781346e-10
0.07940540688118874,-0.12030130016398033,0.0532710903112692,0.03396683547161415
0.07496163537751654,-0.101750801477408,0.05036907015656977,4.026974309567777e-10
0.07859827453670945,-0.10805286340635689,0.05130659660964465,4.275548803889251e-10
0.07542316314085777,-0.10340227402042501,0.05029673107299093,4.165501277242356e-10
0.07308937835241625,-0.11449203061521729,0.05240978131360574,0.00010587779839690836
0.07534020089012852,-0.10423540576090318,0.05058538716821426,4.2218140094973933e-10
0.3097114215612179,-0.14453178052607996,0.07803357894880758,3.9757064307366363e-10
1.121203142244935,-0.9191275901953446,0.428209159578568,0.01921467509883089
1.7017904935319872,-1.7093561403989668,0.4958852230997408,4.77029526990691e-10
0.23216944386651325,-0.16041118236736907,0.10448230710528339,4.185967128478296e-10
0.07262338399300801,-0.10879495987434495,0.0512912041363629,4.107265638708668e-10
0.0687058195197948,-0.10456858001290215,0.05077639068171891,4.086064819830426e-10
0.08062202167790719,-0.11320221542764841,0.05177603757598659,4.19943191332095e-10
0.09540176962071026,-0.10967211974782742,0.06513147622752857,4.609068682270845e-10
0.07260585371898165,-0.09220940122354193,0.04874066545601652,4.853513146940713e-10
0.0800893073163855,-0.1122603705932903,0.05144008441723358,4.063451797264861e-10
0.6955132029901383,-0.3368110629870955,0.1173917575739889,0.02364007321460354
0.09468718312696799,-0.11779719346150586,0.05189260662616135,4.39737135593532e-10
0.08592308392116996,-0.11651599084604669,0.05151998492841825,4.092033378810811e-10
0.2280319460357823,-0.12282222479782234,0.06088080529250384,0.009990849276294643
0.07473560467142992,-0.10375746726787582,0.0505815847845037,4.148290599914617e-10
0.08086844639478062,-0.10930272118056905,0.05152177029249483,4.005091813752415e-10
0.8941777811079271,-0.42891383463977917,0.1098194794550853,3.9949910046743753e-10
0.0649447547480521,-0.09996279234349004,0.05102497178665866,4.200000347509558e-10
0.07243188390772508,-0.10771790138840487,0.051509864412273565,4.084466098674966e-10
0.07229799160039813,-0.09499200513432271,0.04947081270387965,4.202058700997213e-10
1.0741973960431375,-0.8097279901958601,0.357366384988012,4.241769158142006e-10
0.07456481328598923,-0.10069544773814698,0.050675167893618145,9.135270317983668e-11
0.06763974040878669,-0.09537998476792353,0.049168627923062314,4.077591597706487e-10
0.08663053577701701,-0.10368428836070365,0.05003951951145513,2.698468115625019e-10
0.08482761351892265,-0.11535527468134177,0.051818625860255096,5.273319558796175e-10
0.078237851290512,-0.10787412020755482,0.05169889708272368,4.1682213236526877e-10
0.06616013585490778,-0.10237084227048854,0.05072269706587962,4.058176017451842e-10
0.07794530453427091,-0.11829341064403565,0.053332416954150474,0.027058426557342113
0.0748793172718414,-0.09417598189493503,0.04905179848531205,4.1243630732878955e-10
0.08415106826253724,-0.12315334863125571,0.052531234308944796,0.004683076143044335
0.08568363250646782,-0.10569456143167599,0.05067711068095093,4.044389267932047e-10
0.07365992038189528,-0.0986465561331471,0.049767884363592696,4.118856367085755e-10
0.07804451019804615,-0.10148573758608137,0.04980042143468655,4.150333410279927e-10
0.07675548552443158,-0.11173828588893286,0.05136758719635903,4.212274973269814e-10
0.1975149463086944,-0.11716167235842789,0.06616443734768396,3.963958050690053e-10
0.08002418276150637,-0.11095984365785938,0.051391110619428026,4.3236880742369976e-10
0.08441927122371987,-0.11116454245464524,0.05087358298570166,4.1649972359891763e-10
0.07998733458715496,-0.10286187113217693,0.05048222290929516,2.4800428377602657e-10
0.08041002407682137,-0.1009945550716509,0.05011965539159213,4.112115092880231e-10
0.06784803325014226,-0.10329035239355733,0.0503720243048722,4.049613977485933e-10
19.432807271126116,-11.463094716043493,9.30230463282993,4.719042934198114e-10
0.07115221781772677,-0.10316293688665468,0.05062356522719913,4.0906078524471923e-10
0.0941183088957919,-0.1258233693455466,0.053151079444353044,0.006080094209809053
0.07976038583945012,-0.11155813643506463,0.05158386920322888,4.0651754185105915e-10
0.06939819622848273,-0.10408186259135732,0.05069222445634125,4.114468765692436e-10
0.08427592828230333,-0.11672792263393461,0.05290535510375216,3.9977621213438397e-10
0.07150524166964753,-0.10469356643921657,0.05133103115290272,4.0320990990494465e-10
0.07604617773597072,-0.11073215178892326,0.05220612054995177,4.08581612987291e-10
0.06622581314360146,-0.09877457659548838,0.05025941133652623,4.062608027766146e-10
0.08521547554853387,-0.1156990707689971,0.05127730033832867,3.942597359696265e-10
1.4317824040536227,-1.4541843607656517,0.4251601460136598,4.1367798075953033e-10
0.12930889309664606,-0.1113169038292483,0.0609308021692998,4.064062419928405e-10
0.16060967090979072,-0.11617492744270663,0.08800052178166773,4.1682124418684907e-10
0.06782755565987242,-0.09527318765836412,0.049959285075031,4.2671466360388877e-10
0.07252360556740634,-0.10734659613439135,0.05074281612741238,0.03842331961642921
0.0801195752878143,-0.1117399692812242,0.05149954800656564,4.1235104220049834e-10
0.06665935550938548,-0.09640267514536305,0.04945198258835681,4.0574121840109e-10
0.07899437352803332,-0.10535124244563576,0.0511282240897315,4.241744733235464e-10
0.07711676027084577,-0.12193547759515866,0.053960065164098125,0.053270477349957095
0.06981798645014392,-0.10202378004937884,0.05204981396756603,4.099653949651838e-10
0.07274929933104443,-0.10066811754780502,0.05058793797477268,3.2038016684055037e-10
0.07913506723684595,-0.11402994840782554,0.05157221421938685,4.2178704973139247e-10
0.08160609632053022,-0.11312439939251107,0.05191555651464874,4.112017393254064e-10
0.7479298506243313,-0.5118052536160249,0.3279074575644412,0.0058354558998288675
0.08475869281748742,-0.1243518776425816,0.05285158676487445,0.03408510080107323
0.07664206537879853,-0.10495292543116364,0.05163286722114302,0.0009095480748451679
0.07060766538491696,-0.10579547334060635,0.051146281741778044,4.093312355735179e-10
0.08353871431665784,-0.1070387102139847,0.049845226775675044,4.1388048543922196e-10
0.08017469810434533,-0.10369261527165463,0.050769767351414696,4.0757619501619047e-10
0.07238038069250116,-0.10141726061110745,0.04965827815285184,4.554623345143227e-10
0.08612905017140289,-0.11254572318605227,0.05075835641027382,4.4800607668094017e-10
0.06687621743841686,-0.09404569677046482,0.049208612421372866,4.283791099624068e-10
0.07856685246743886,-0.11752563309018882,0.05164443634053395,0.048837655638887145
0.07236468895648293,-0.11098149306358351,0.05220897587731832,4.127445052404255e-10
0.0732248209423436,-0.11440550052819987,0.05233070120822436,4.111848639354321e-10
0.7316073342683727,-0.3579701244849218,0.22082078343878742,0.0004697817768445356
0.07108531500114244,-0.1018485933194313,0.05057864070624829,4.1521364124719184e-10
0.07941516056455125,-0.11911226897689886,0.05228350517787028,4.0941827705864853e-10
0.06957800446851382,-0.10155753346677443,0.05036013805554296,4.0876635409858864e-10
0.07132009754089944,-0.10315982734417162,0.05025479897148255,4.0907055520733593e-10
0.07907344427781737,-0.10913187067315278,0.050528405090088935,4.0753356245204486e-10
0.29295642247073883,-0.11752301559943135,0.07792738650920761,4.134435016567295e-10
0.7284577015291616,-0.38947008515461334,0.17680728898981624,4.3436187979750684e-10
0.07337996486147724,-0.11683227927159834,0.05255813435402068,4.055502600408545e-10
1.2911619005478774,-0.7289515760600338,0.21304788946290643,3.7909231309640745e-10
0.08102068265376383,-0.10141854254855076,0.05105528896955036,4.1563374963971e-10
0.06410353584874351,-0.09711740299299265,0.05008119402475231,4.084466098674966e-10
0.06549135025502593,-0.09449664582768946,0.05003965872945981,4.105586981495435e-10
0.08034882840481636,-0.11795331839904577,0.051959360332720195,0.04623224429204703
0.0761076643306211,-0.11337190914348838,0.0514676041396247,0.010507498056333678
0.06887737422888926,-0.10036992629547115,0.050717466335705286,4.1042547138658847e-10
0.08802793873363472,-0.12419762067668927,0.05364245735669204,0.061257987062155926
28.793537738745844,-6.392481748726041,2.0576445087400828,4.298517097822696e-10
0.07866110340768384,-0.11121638061615613,0.052180299954935894,0.02295797598949406
0.07755991183173311,-0.11662006056271679,0.0522596703816296,4.1030290276466985e-10
0.06236184031640468,-0.09743506195213314,0.050684574892327916,4.1537617789799697e-10
0.08378245791513483,-0.1149426205834132,0.052022090991390435,0.02954757108363218
4.863326247707794,-4.567855224706307,1.376000558230949,4.338733816666718e-10
0.0714604533960957,-0.09667934919053067,0.04961970665092119,4.15429468603179e-10
0.07390845646660842,-0.1114570416150471,0.05142959564044691,4.0346045948602693e-10
0.07495260606228887,-0.09947158609517714,0.04998077809937218,4.0759839947668297e-10
0.0820258783544785,-0.1092252081963494,0.05120488009306312,4.078346549363232e-10
0.8836830448710019,-0.48175314889230947,0.2522258543366771,4.3597214727242317e-10
0.26701991452948787,-0.18017898969845447,0.10857304572536464,4.454641100437584e-10
0.08014006721262994,-0.10679765634054661,0.04999900641982702,4.200160219625104e-10
0.07019383981543982,-0.10245240989117121,0.050280414375392546,4.0804515322179213e-10
0.06659150271041675,-0.10344735590011567,0.05099992990096869,4.056834868038095e-10
0.07231188965315125,-0.10505663531078113,0.050593557562458535,4.094640182472631e-10
0.07883267382677894,-0.106566492215876,0.050901058189220194,3.9261571771476156e-10
0.07927935674235836,-0.10876014330364114,0.051082864343498624,4.3941739136243996e-10
4.955171600273549,-7.155360073392153,2.4951610448476345,0.0377138498342036
1.3928750945178605,-0.9658758209223208,0.31969359494531346,3.845852525330429e-10
0.08729813498956952,-0.1063498469898363,0.05052289216756911,4.246549778486042e-10
0.08659342651662721,-0.10250441648664577,0.05224298618793366,3.9109182559116107e-10
0.07794556461185452,-0.09407368829264584,0.04954137705381134,4.289963939640984e-10
0.7105047182075251,-0.49111225165677297,0.2828702021519707,4.254872010278632e-10
0.0734475382036218,-0.09725998359809296,0.049246086777201104,4.034088618709575e-10
0.07846659184731129,-0.10654262404327142,0.051076687486080186,4.17182732803667e-10
0.06780289666759604,-0.10292123461882596,0.050683469737399456,4.093196892540618e-10
0.07255856135810372,-0.10680462083853115,0.05157954560449962,0.001509587377387045
0.06391552311684547,-0.10122997075279727,0.05087618801655891,4.0637404552512635e-10
0.07430619442901697,-0.10269607880582043,0.050385034341688506,4.261835329089081e-10
0.06857591824449338,-0.10672035809471936,0.05163560792431543,4.0601122464067885e-10
1.0694623980792826,-0.4792014649860761,0.15415701982979435,4.2376413489364495e-10
0.07466140828741788,-0.10241558784321114,0.05026823485055987,4.185842783499538e-10
0.8110951879777742,-0.434715935321897,0.29262709137600673,4.215324755918459e-10
0.079135063908773,-0.10789087413419907,0.05129741562673473,4.121893937281129e-10
0.09568290078757304,-0.10993125392669612,0.05026969069899634,4.6074433157627936e-10
0.0686537457026254,-0.10035570312734166,0.050597173882119595,4.16916279277757e-10
1.0253671035361818,-0.8354393001105009,0.4264721210183531,4.439097978092832e-10
0.06739143005667317,-0.09908192406752647,0.05005783123593366,4.072093773288543e-10
0.6735153219060122,-0.439825182119705,0.20508882769872017,4.123630326091643e-10
0.075996590185647,-0.10154566575396728,0.04933975798902024,4.120082053304941e-10
0.078371548572952,-0.1131760888575073,0.05174240959433751,4.098250627748712e-10
0.8729218045307834,-0.4413632594056196,0.2590268713747932,4.193321245793413e-10
0.07500091284418911,-0.10583666408923165,0.0508034967009281,4.1528380734234815e-10
0.06934134417395431,-0.10736585330592874,0.05082032167138628,4.1012526708072983e-10
0.07193815029384558,-0.10789391812691917,0.051268508476049135,0.028812100074745405
0.0868809749858041,-0.10422573216904851,0.050339713410388676,4.126514130398107e-10
0.9063352234494988,-0.5591947921418594,0.3011154169366268,4.588702751107121e-10
0.0786470284513998,-0.11026738042095019,0.051737644301945274,4.0618530761094007e-10
0.0688670345638187,-0.10265871171272067,0.05048184156128954,4.0601122464067885e-10
0.07438508172559943,-0.10090607586926836,0.05001364558226795,4.2601744354442417e-10
0.07465275101346429,-0.10921785647438753,0.051070729537307624,4.085336513526272e-10
0.0707866042419012,-0.10037938935096946,0.04969821608084679,0.04037598105887763
0.09240357956459543,-0.1159508075903517,0.05200780292586504,4.4366110785176716e-10
0.06330498097131135,-0.09818042911611258,0.04981809424308503,4.1751932466915775e-10
0.847675494372659,-0.6880303337188707,0.3712278668075122,4.2768549812777223e-10
0.08377130013927103,-0.10171198347806865,0.04961310084704307,4.1468695144430967e-10
0.07947494424070244,-0.09733182781088345,0.04926805818361668,4.0746783724898705e-10
0.09047765249748176,-0.10838831128028659,0.05052312084705202,0.03293492718636354
0.07928183645559055,-0.11343502399605399,0.05155032117652292,4.189715241409431e-10
53.24903357070894,-4.147069336624142,0.7591313440763514,0.02570565336400779
0.07300604301720812,-0.10402645594601267,0.050567414993953896,4.149773857875516e-10
0.08065871431770175,-0.11186096244529153,0.05115576326000504,3.941647008787186e-10
0.08593407878182463,-0.10688277782292488,0.05043254756000026,4.211431203771099e-10
0.07561453532359928,-0.10744324750304912,0.051243338905353486,4.1360470603990507e-10
0.06848157830386029,-0.1012415681256087,0.05000088854396578,4.0899195141719247e-10
