time,h10
0,102149.0
1,102146.21333333333
2,102143.42666666667
3,102140.64
4,102137.85333333333
5,102135.06666666667
6,102132.28
7,102129.49333333333
8,102126.70666666667
9,102123.92
10,102121.13333333333
11,102118.34666666666
12,102115.56
13,102112.77333333333
14,102109.98666666666
15,102107.2
16,102104.41333333333
17,102101.62666666666
18,102098.84
19,102096.05333333333
20,102093.26666666666
21,102090.48
22,102087.69333333333
23,102084.90666666666
24,102082.12
25,102079.33333333333
26,102076.54666666666
27,102073.76
28,102070.97333333333
29,102068.18666666666
30,102065.4
31,102062.61333333334
32,102059.82666666668
33,102057.04000000001
34,102054.25333333334
35,102051.46666666667
36,102048.68000000001
37,102045.89333333334
38,102043.10666666667
39,102040.32
40,102037.53333333334
41,102034.74666666667
42,102031.96
43,102029.17333333334
44,102026.38666666667
45,102023.6
46,102020.81333333334
47,102018.02666666667
48,102015.24
49,102012.45333333334
50,102009.66666666667
51,102006.88
52,102004.09333333334
53,102001.30666666667
54,101998.52
55,101995.73333333334
56,101992.94666666667
57,101990.16
58,101987.37333333334
59,101984.58666666667
60,101981.8
61,101981.79000000001
62,101981.78
63,101981.77
64,101981.76000000001
65,101981.75
66,101981.74
67,101981.73
68,101981.72
69,101981.71
70,101981.7
71,101981.69
72,101981.68000000001
73,101981.67
74,101981.66
75,101981.65
76,101981.64
77,101981.63
78,101981.62
79,101981.61
80,101981.6
81,101981.59
82,101981.58
83,101981.57
84,101981.56
85,101981.55
86,101981.54
87,101981.53
88,101981.52
89,101981.51
90,101981.5
91,101981.49
92,101981.48
93,101981.47
94,101981.46
95,101981.45
96,101981.44
97,101981.43
98,101981.42
99,101981.41
100,101981.4
101,101981.39
102,101981.38
103,101981.37
104,101981.36
105,101981.35
106,101981.34
107,101981.33
108,101981.31999999999
109,101981.31
110,101981.3
111,101981.29
112,101981.28
113,101981.27
114,101981.26
115,101981.25
116,101981.23999999999
117,101981.23
118,101981.22
119,101981.20999999999
120,101981.2
121,101979.215
122,101977.23
123,101975.245
124,101973.26
125,101971.275
126,101969.29
127,101967.305
128,101965.31999999999
129,101963.33499999999
130,101961.35
131,101959.365
132,101957.38
133,101955.395
134,101953.41
135,101951.425
136,101949.44
137,101947.455
138,101945.47
139,101943.485
140,101941.5
141,101939.515
142,101937.53
143,101935.545
144,101933.56
145,101931.575
146,101929.59
147,101927.605
148,101925.62
149,101923.635
150,101921.65
151,101919.66500000001
152,101917.68000000001
153,101915.695
154,101913.71
155,101911.725
156,101909.74
157,101907.755
158,101905.77
159,101903.785
160,101901.8
161,101899.815
162,101897.83
163,101895.845
164,101893.86
165,101891.875
166,101889.89
167,101887.905
168,101885.92
169,101883.935
170,101881.95000000001
171,101879.96500000001
172,101877.98000000001
173,101875.99500000001
174,101874.01000000001
175,101872.02500000001
176,101870.04000000001
177,101868.05500000001
178,101866.07
179,101864.085
180,101862.1
181,101863.65666666668
182,101865.21333333333
183,101866.77
184,101868.32666666668
185,101869.88333333333
186,101871.44
187,101872.99666666667
188,101874.55333333334
189,101876.11
190,101877.66666666667
191,101879.22333333334
192,101880.78
193,101882.33666666667
194,101883.89333333334
195,101885.45000000001
196,101887.00666666667
197,101888.56333333334
198,101890.12000000001
199,101891.67666666667
200,101893.23333333334
201,101894.79000000001
202,101896.34666666666
203,101897.90333333334
204,101899.46
205,101901.01666666666
206,101902.57333333333
207,101904.13
208,101905.68666666668
209,101907.24333333333
210,101908.8
211,101910.35666666667
212,101911.91333333333
213,101913.47
214,101915.02666666667
215,101916.58333333334
216,101918.14
217,101919.69666666667
218,101921.25333333334
219,101922.81
220,101924.36666666667
221,101925.92333333334
222,101927.48
223,101929.03666666667
224,101930.59333333334
225,101932.15
226,101933.70666666667
227,101935.26333333334
228,101936.82
229,101938.37666666666
230,101939.93333333333
231,101941.49
232,101943.04666666666
233,101944.60333333333
234,101946.16
235,101947.71666666667
236,101949.27333333333
237,101950.83
238,101952.38666666667
239,101953.94333333333
240,101955.5
241,101956.61
242,101957.72
243,101958.83
244,101959.94
245,101961.05
246,101962.16
247,101963.27
248,101964.38
249,101965.49
250,101966.6
251,101967.71
252,101968.82
253,101969.93000000001
254,101971.04000000001
255,101972.15
256,101973.26
257,101974.37
258,101975.48
259,101976.59
260,101977.7
261,101978.81
262,101979.92
263,101981.03
264,101982.14
265,101983.25
266,101984.36
267,101985.47
268,101986.58
269,101987.69
270,101988.8
271,101989.91
272,101991.02
273,101992.13
274,101993.24
275,101994.35
276,101995.46
277,101996.57
278,101997.68000000001
279,101998.79000000001
280,101999.90000000001
281,102001.01000000001
282,102002.12000000001
283,102003.23000000001
284,102004.34000000001
285,102005.45
286,102006.56
287,102007.67
288,102008.78
289,102009.89
290,102011.0
291,102012.11
292,102013.22
293,102014.33
294,102015.44
295,102016.55
296,102017.66
297,102018.77
298,102019.88
299,102020.99
300,102022.1
301,102020.06000000001
302,102018.02
303,102015.98000000001
304,102013.94
305,102011.90000000001
306,102009.86
307,102007.82
308,102005.78
309,102003.74
310,102001.70000000001
311,101999.66
312,101997.62000000001
313,101995.58
314,101993.54000000001
315,101991.5
316,101989.46
317,101987.42
318,101985.38
319,101983.34
320,101981.3
321,101979.26000000001
322,101977.22
323,101975.18000000001
324,101973.14
325,101971.1
326,101969.06
327,101967.02
328,101964.98
329,101962.94
330,101960.9
331,101958.86
332,101956.82
333,101954.78
334,101952.74
335,101950.7
336,101948.66
337,101946.62
338,101944.58
339,101942.54
340,101940.5
341,101938.46
342,101936.42
343,101934.38
344,101932.34
345,101930.3
346,101928.26
347,101926.22
348,101924.18
349,101922.14
350,101920.09999999999
351,101918.06
352,101916.02
353,101913.98
354,101911.94
355,101909.9
356,101907.86
357,101905.81999999999
358,101903.78
359,101901.73999999999
360,101899.7
361,101897.80333333333
362,101895.90666666666
363,101894.01
364,101892.11333333333
365,101890.21666666666
366,101888.31999999999
367,101886.42333333332
368,101884.52666666666
369,101882.62999999999
370,101880.73333333334
371,101878.83666666667
372,101876.94
373,101875.04333333333
374,101873.14666666667
375,101871.25
376,101869.35333333333
377,101867.45666666667
378,101865.56
379,101863.66333333333
380,101861.76666666666
381,101859.87
382,101857.97333333333
383,101856.07666666666
384,101854.18
385,101852.28333333333
386,101850.38666666666
387,101848.48999999999
388,101846.59333333332
389,101844.69666666666
390,101842.79999999999
391,101840.90333333334
392,101839.00666666667
393,101837.11
394,101835.21333333333
395,101833.31666666667
396,101831.42
397,101829.52333333333
398,101827.62666666666
399,101825.73
400,101823.83333333333
401,101821.93666666666
402,101820.04
403,101818.14333333333
404,101816.24666666666
405,101814.34999999999
406,101812.45333333332
407,101810.55666666666
408,101808.65999999999
409,101806.76333333332
410,101804.86666666667
411,101802.97
412,101801.07333333333
413,101799.17666666667
414,101797.28
415,101795.38333333333
416,101793.48666666666
417,101791.59
418,101789.69333333333
419,101787.79666666666
420,101785.9
421,101783.305
422,101780.70999999999
423,101778.11499999999
424,101775.51999999999
425,101772.92499999999
426,101770.32999999999
427,101767.735
428,101765.14
429,101762.545
430,101759.95
431,101757.355
432,101754.76
433,101752.165
434,101749.56999999999
435,101746.97499999999
436,101744.37999999999
437,101741.78499999999
438,101739.19
439,101736.595
440,101734.0
441,101731.405
442,101728.81
443,101726.215
444,101723.62
445,101721.025
446,101718.43
447,101715.83499999999
448,101713.23999999999
449,101710.64499999999
450,101708.04999999999
451,101705.455
452,101702.86
453,101700.265
454,101697.67
455,101695.075
456,101692.48
457,101689.885
458,101687.29
459,101684.69499999999
460,101682.09999999999
461,101679.50499999999
462,101676.91
463,101674.315
464,101671.72
465,101669.125
466,101666.53
467,101663.935
468,101661.34
469,101658.745
470,101656.15
471,101653.555
472,101650.95999999999
473,101648.36499999999
474,101645.76999999999
475,101643.175
476,101640.58
477,101637.985
478,101635.39
479,101632.795
480,101630.2
481,101631.57333333333
482,101632.94666666667
483,101634.31999999999
484,101635.69333333333
485,101637.06666666667
486,101638.44
487,101639.81333333332
488,101641.18666666666
489,101642.56
490,101643.93333333333
491,101645.30666666667
492,101646.68
493,101648.05333333333
494,101649.42666666667
495,101650.8
496,101652.17333333334
497,101653.54666666666
498,101654.92
499,101656.29333333333
500,101657.66666666667
501,101659.04
502,101660.41333333333
503,101661.78666666667
504,101663.16
505,101664.53333333334
506,101665.90666666666
507,101667.28
508,101668.65333333334
509,101670.02666666667
510,101671.4
511,101672.77333333333
512,101674.14666666667
513,101675.52
514,101676.89333333334
515,101678.26666666666
516,101679.64
517,101681.01333333334
518,101682.38666666667
519,101683.76000000001
520,101685.13333333333
521,101686.50666666667
522,101687.88
523,101689.25333333334
524,101690.62666666666
525,101692.0
526,101693.37333333334
527,101694.74666666667
528,101696.12000000001
529,101697.49333333333
530,101698.86666666667
531,101700.24
532,101701.61333333334
533,101702.98666666668
534,101704.36
535,101705.73333333334
536,101707.10666666667
537,101708.48000000001
538,101709.85333333333
539,101711.22666666667
540,101712.6
541,101711.54333333333
542,101710.48666666668
543,101709.43000000001
544,101708.37333333334
545,101707.31666666667
546,101706.26000000001
547,101705.20333333334
548,101704.14666666667
549,101703.09000000001
550,101702.03333333334
551,101700.97666666667
552,101699.92
553,101698.86333333334
554,101697.80666666667
555,101696.75
556,101695.69333333334
557,101694.63666666667
558,101693.58
559,101692.52333333333
560,101691.46666666667
561,101690.41
562,101689.35333333333
563,101688.29666666668
564,101687.24
565,101686.18333333333
566,101685.12666666666
567,101684.07
568,101683.01333333334
569,101681.95666666667
570,101680.90000000001
571,101679.84333333334
572,101678.78666666667
573,101677.73
574,101676.67333333334
575,101675.61666666667
576,101674.56
577,101673.50333333333
578,101672.44666666667
579,101671.39
580,101670.33333333333
581,101669.27666666667
582,101668.22
583,101667.16333333333
584,101666.10666666666
585,101665.05
586,101663.99333333333
587,101662.93666666666
588,101661.88
589,101660.82333333333
590,101659.76666666666
591,101658.70999999999
592,101657.65333333334
593,101656.59666666666
594,101655.54
595,101654.48333333334
596,101653.42666666667
597,101652.37
598,101651.31333333332
599,101650.25666666667
600,101649.2
601,101645.42333333332
602,101641.64666666667
603,101637.87
604,101634.09333333334
605,101630.31666666667
606,101626.54
607,101622.76333333334
608,101618.98666666666
609,101615.20999999999
610,101611.43333333333
611,101607.65666666666
612,101603.88
613,101600.10333333333
614,101596.32666666666
615,101592.55
616,101588.77333333333
617,101584.99666666667
618,101581.22
619,101577.44333333333
620,101573.66666666667
621,101569.89
622,101566.11333333333
623,101562.33666666667
624,101558.56
625,101554.78333333334
626,101551.00666666667
627,101547.23
628,101543.45333333334
629,101539.67666666667
630,101535.9
631,101532.12333333334
632,101528.34666666666
633,101524.57
634,101520.79333333333
635,101517.01666666666
636,101513.24
637,101509.46333333333
638,101505.68666666668
639,101501.91
640,101498.13333333333
641,101494.35666666667
642,101490.58
643,101486.80333333333
644,101483.02666666667
645,101479.25
646,101475.47333333334
647,101471.69666666667
648,101467.92
649,101464.14333333334
650,101460.36666666667
651,101456.59000000001
652,101452.81333333334
653,101449.03666666667
654,101445.26000000001
655,101441.48333333334
656,101437.70666666667
657,101433.93000000001
658,101430.15333333334
659,101426.37666666668
660,101422.6
661,101421.72166666668
662,101420.84333333334
663,101419.96500000001
664,101419.08666666667
665,101418.20833333334
666,101417.33
667,101416.45166666668
668,101415.57333333333
669,101414.695
670,101413.81666666667
671,101412.93833333334
672,101412.06
673,101411.18166666667
674,101410.30333333333
675,101409.425
676,101408.54666666668
677,101407.66833333333
678,101406.79000000001
679,101405.91166666667
680,101405.03333333334
681,101404.155
682,101403.27666666667
683,101402.39833333333
684,101401.52
685,101400.64166666666
686,101399.76333333334
687,101398.885
688,101398.00666666667
689,101397.12833333333
690,101396.25
691,101395.37166666667
692,101394.49333333333
693,101393.615
694,101392.73666666666
695,101391.85833333334
696,101390.98
697,101390.10166666667
698,101389.22333333333
699,101388.345
700,101387.46666666666
701,101386.58833333333
702,101385.70999999999
703,101384.83166666667
704,101383.95333333332
705,101383.075
706,101382.19666666667
707,101381.31833333333
708,101380.44
709,101379.56166666666
710,101378.68333333333
711,101377.805
712,101376.92666666667
713,101376.04833333332
714,101375.17
715,101374.29166666666
716,101373.41333333333
717,101372.53499999999
718,101371.65666666666
719,101370.77833333332
720,101369.9
721,101374.11666666665
722,101378.33333333333
723,101382.54999999999
724,101386.76666666666
725,101390.98333333332
726,101395.2
727,101399.41666666666
728,101403.63333333333
729,101407.84999999999
730,101412.06666666667
731,101416.28333333333
732,101420.5
733,101424.71666666666
734,101428.93333333333
735,101433.15
736,101437.36666666665
737,101441.58333333333
738,101445.79999999999
739,101450.01666666666
740,101454.23333333332
741,101458.45
742,101462.66666666666
743,101466.88333333333
744,101471.09999999999
745,101475.31666666667
746,101479.53333333333
747,101483.75
748,101487.96666666666
749,101492.18333333333
750,101496.4
751,101500.61666666665
752,101504.83333333333
753,101509.04999999999
754,101513.26666666666
755,101517.48333333332
756,101521.7
757,101525.91666666666
758,101530.13333333333
759,101534.34999999999
760,101538.56666666667
761,101542.78333333333
762,101547.0
763,101551.21666666666
764,101555.43333333333
765,101559.65
766,101563.86666666665
767,101568.08333333333
768,101572.29999999999
769,101576.51666666666
770,101580.73333333332
771,101584.95
772,101589.16666666666
773,101593.38333333333
774,101597.59999999999
775,101601.81666666667
776,101606.03333333333
777,101610.25
778,101614.46666666666
779,101618.68333333333
780,101622.9
781,101621.92666666667
782,101620.95333333332
783,101619.98
784,101619.00666666667
785,101618.03333333333
786,101617.06
787,101616.08666666666
788,101615.11333333333
789,101614.14
790,101613.16666666666
791,101612.19333333333
792,101611.22
793,101610.24666666666
794,101609.27333333333
795,101608.29999999999
796,101607.32666666666
797,101606.35333333333
798,101605.37999999999
799,101604.40666666666
800,101603.43333333333
801,101602.45999999999
802,101601.48666666666
803,101600.51333333334
804,101599.54
805,101598.56666666667
806,101597.59333333332
807,101596.62
808,101595.64666666667
809,101594.67333333332
810,101593.7
811,101592.72666666667
812,101591.75333333333
813,101590.78
814,101589.80666666667
815,101588.83333333333
816,101587.86
817,101586.88666666666
818,101585.91333333333
819,101584.94
820,101583.96666666666
821,101582.99333333333
822,101582.02
823,101581.04666666666
824,101580.07333333333
825,101579.1
826,101578.12666666666
827,101577.15333333334
828,101576.18
829,101575.20666666667
830,101574.23333333334
831,101573.26
832,101572.28666666667
833,101571.31333333334
834,101570.34
835,101569.36666666667
836,101568.39333333333
837,101567.42
838,101566.44666666667
839,101565.47333333333
840,101564.5
841,101564.435
842,101564.37
843,101564.305
844,101564.24
845,101564.175
846,101564.11
847,101564.045
848,101563.98
849,101563.91500000001
850,101563.85
851,101563.785
852,101563.72
853,101563.655
854,101563.59
855,101563.52500000001
856,101563.46
857,101563.395
858,101563.33
859,101563.265
860,101563.2
861,101563.13500000001
862,101563.07
863,101563.005
864,101562.94
865,101562.875
866,101562.81
867,101562.74500000001
868,101562.68000000001
869,101562.615
870,101562.55
871,101562.485
872,101562.42
873,101562.35500000001
874,101562.29000000001
875,101562.225
876,101562.16
877,101562.095
878,101562.03
879,101561.965
880,101561.90000000001
881,101561.835
882,101561.77
883,101561.705
884,101561.64
885,101561.57500000001
886,101561.51000000001
887,101561.445
888,101561.38
889,101561.315
890,101561.25
891,101561.18500000001
892,101561.12000000001
893,101561.05500000001
894,101560.99
895,101560.925
896,101560.86
897,101560.79500000001
898,101560.73000000001
899,101560.66500000001
900,101560.6
901,101565.90833333334
902,101571.21666666667
903,101576.52500000001
904,101581.83333333334
905,101587.14166666668
906,101592.45000000001
907,101597.75833333335
908,101603.06666666667
909,101608.375
910,101613.68333333333
911,101618.99166666667
912,101624.3
913,101629.60833333334
914,101634.91666666667
915,101640.225
916,101645.53333333334
917,101650.84166666667
918,101656.15000000001
919,101661.45833333334
920,101666.76666666668
921,101672.07500000001
922,101677.38333333335
923,101682.69166666667
924,101688.0
925,101693.30833333333
926,101698.61666666667
927,101703.925
928,101709.23333333334
929,101714.54166666667
930,101719.85
931,101725.15833333334
932,101730.46666666667
933,101735.77500000001
934,101741.08333333334
935,101746.39166666668
936,101751.70000000001
937,101757.00833333335
938,101762.31666666667
939,101767.625
940,101772.93333333333
941,101778.24166666667
942,101783.55
943,101788.85833333334
944,101794.16666666667
945,101799.475
946,101804.78333333334
947,101810.09166666667
948,101815.40000000001
949,101820.70833333334
950,101826.01666666668
951,101831.32500000001
952,101836.63333333335
953,101841.94166666667
954,101847.25
955,101852.55833333333
956,101857.86666666667
957,101863.175
958,101868.48333333334
959,101873.79166666667
960,101879.1
961,101873.24333333333
962,101867.38666666667
963,101861.53
964,101855.67333333334
965,101849.81666666667
966,101843.96
967,101838.10333333333
968,101832.24666666667
969,101826.39
970,101820.53333333334
971,101814.67666666667
972,101808.82
973,101802.96333333333
974,101797.10666666667
975,101791.25
976,101785.39333333334
977,101779.53666666667
978,101773.68000000001
979,101767.82333333333
980,101761.96666666667
981,101756.11
982,101750.25333333334
983,101744.39666666667
984,101738.54000000001
985,101732.68333333333
986,101726.82666666668
987,101720.97
988,101715.11333333334
989,101709.25666666667
990,101703.4
991,101697.54333333333
992,101691.68666666666
993,101685.83
994,101679.97333333333
995,101674.11666666667
996,101668.26
997,101662.40333333334
998,101656.54666666666
999,101650.69
1000,101644.83333333333
1001,101638.97666666667
1002,101633.12
1003,101627.26333333334
1004,101621.40666666666
1005,101615.55
1006,101609.69333333333
1007,101603.83666666667
1008,101597.98
1009,101592.12333333334
1010,101586.26666666666
1011,101580.41
1012,101574.55333333333
1013,101568.69666666667
1014,101562.84
1015,101556.98333333334
1016,101551.12666666666
1017,101545.27
1018,101539.41333333333
1019,101533.55666666667
1020,101527.7
1021,101527.39666666667
1022,101527.09333333332
1023,101526.79
1024,101526.48666666666
1025,101526.18333333333
1026,101525.88
1027,101525.57666666666
1028,101525.27333333333
1029,101524.97
1030,101524.66666666666
1031,101524.36333333333
1032,101524.06
1033,101523.75666666667
1034,101523.45333333334
1035,101523.15
1036,101522.84666666666
1037,101522.54333333333
1038,101522.23999999999
1039,101521.93666666666
1040,101521.63333333333
1041,101521.33
1042,101521.02666666667
1043,101520.72333333333
1044,101520.42
1045,101520.11666666667
1046,101519.81333333332
1047,101519.51
1048,101519.20666666667
1049,101518.90333333334
1050,101518.6
1051,101518.29666666666
1052,101517.99333333333
1053,101517.69
1054,101517.38666666666
1055,101517.08333333333
1056,101516.78
1057,101516.47666666667
1058,101516.17333333334
1059,101515.87
1060,101515.56666666667
1061,101515.26333333334
1062,101514.95999999999
1063,101514.65666666666
1064,101514.35333333333
1065,101514.05
1066,101513.74666666667
1067,101513.44333333333
1068,101513.14
1069,101512.83666666667
1070,101512.53333333333
1071,101512.23
1072,101511.92666666667
1073,101511.62333333334
1074,101511.32
1075,101511.01666666666
1076,101510.71333333333
1077,101510.41
1078,101510.10666666666
1079,101509.80333333333
1080,101509.5
1081,101508.70333333334
1082,101507.90666666666
1083,101507.11
1084,101506.31333333334
1085,101505.51666666666
1086,101504.72
1087,101503.92333333334
1088,101503.12666666666
1089,101502.33
1090,101501.53333333333
1091,101500.73666666666
1092,101499.94
1093,101499.14333333333
1094,101498.34666666666
1095,101497.55
1096,101496.75333333333
1097,101495.95666666667
1098,101495.16
1099,101494.36333333333
1100,101493.56666666667
1101,101492.77
1102,101491.97333333333
1103,101491.17666666667
1104,101490.38
1105,101489.58333333333
1106,101488.78666666667
1107,101487.99
1108,101487.19333333333
1109,101486.39666666667
1110,101485.6
1111,101484.80333333333
1112,101484.00666666667
1113,101483.20999999999
1114,101482.41333333333
1115,101481.61666666667
1116,101480.81999999999
1117,101480.02333333333
1118,101479.22666666667
1119,101478.43
1120,101477.63333333333
1121,101476.83666666667
1122,101476.04
1123,101475.24333333333
1124,101474.44666666667
1125,101473.65
1126,101472.85333333333
1127,101472.05666666667
1128,101471.26
1129,101470.46333333333
1130,101469.66666666666
1131,101468.87
1132,101468.07333333333
1133,101467.27666666666
1134,101466.48
1135,101465.68333333333
1136,101464.88666666666
1137,101464.09
1138,101463.29333333333
1139,101462.49666666666
1140,101461.7
1141,101460.095
1142,101458.48999999999
1143,101456.885
1144,101455.28
1145,101453.675
1146,101452.06999999999
1147,101450.465
1148,101448.86
1149,101447.25499999999
1150,101445.65
1151,101444.045
1152,101442.44
1153,101440.83499999999
1154,101439.23
1155,101437.625
1156,101436.01999999999
1157,101434.415
1158,101432.81
1159,101431.205
1160,101429.59999999999
1161,101427.995
1162,101426.39
1163,101424.78499999999
1164,101423.18
1165,101421.575
1166,101419.97
1167,101418.36499999999
1168,101416.76
1169,101415.155
1170,101413.54999999999
1171,101411.94499999999
1172,101410.34
1173,101408.735
1174,101407.12999999999
1175,101405.525
1176,101403.92
1177,101402.315
1178,101400.70999999999
1179,101399.105
1180,101397.5
1181,101395.89499999999
1182,101394.29
1183,101392.685
1184,101391.08
1185,101389.47499999999
1186,101387.87
1187,101386.265
1188,101384.65999999999
1189,101383.055
1190,101381.45
1191,101379.845
1192,101378.23999999999
1193,101376.635
1194,101375.03
1195,101373.42499999999
1196,101371.81999999999
1197,101370.215
1198,101368.61
1199,101367.00499999999
1200,101365.4
1201,101362.02333333333
1202,101358.64666666667
1203,101355.26999999999
1204,101351.89333333333
1205,101348.51666666666
1206,101345.14
1207,101341.76333333332
1208,101338.38666666666
1209,101335.01
1210,101331.63333333333
1211,101328.25666666667
1212,101324.87999999999
1213,101321.50333333333
1214,101318.12666666666
1215,101314.75
1216,101311.37333333334
1217,101307.99666666666
1218,101304.62
1219,101301.24333333333
1220,101297.86666666667
1221,101294.48999999999
1222,101291.11333333333
1223,101287.73666666666
1224,101284.36
1225,101280.98333333334
1226,101277.60666666666
1227,101274.23
1228,101270.85333333333
1229,101267.47666666667
1230,101264.1
1231,101260.72333333333
1232,101257.34666666666
1233,101253.97
1234,101250.59333333334
1235,101247.21666666666
1236,101243.84
1237,101240.46333333333
1238,101237.08666666667
1239,101233.71
1240,101230.33333333333
1241,101226.95666666667
1242,101223.58
1243,101220.20333333334
1244,101216.82666666666
1245,101213.45
1246,101210.07333333333
1247,101206.69666666667
1248,101203.32
1249,101199.94333333333
1250,101196.56666666667
1251,101193.19
1252,101189.81333333334
1253,101186.43666666668
1254,101183.06
1255,101179.68333333333
1256,101176.30666666667
1257,101172.93000000001
1258,101169.55333333333
1259,101166.17666666667
1260,101162.8
1261,101163.36166666666
1262,101163.92333333334
1263,101164.485
1264,101165.04666666668
1265,101165.60833333334
1266,101166.17
1267,101166.73166666667
1268,101167.29333333333
1269,101167.855
1270,101168.41666666667
1271,101168.97833333333
1272,101169.54000000001
1273,101170.10166666667
1274,101170.66333333333
1275,101171.225
1276,101171.78666666667
1277,101172.34833333334
1278,101172.91
1279,101173.47166666666
1280,101174.03333333334
1281,101174.595
1282,101175.15666666666
1283,101175.71833333334
1284,101176.28
1285,101176.84166666667
1286,101177.40333333334
1287,101177.965
1288,101178.52666666667
1289,101179.08833333333
1290,101179.65
1291,101180.21166666667
1292,101180.77333333333
1293,101181.335
1294,101181.89666666667
1295,101182.45833333333
1296,101183.02
1297,101183.58166666667
1298,101184.14333333334
1299,101184.705
1300,101185.26666666666
1301,101185.82833333334
1302,101186.39
1303,101186.95166666666
1304,101187.51333333334
1305,101188.075
1306,101188.63666666667
1307,101189.19833333333
1308,101189.76
1309,101190.32166666667
1310,101190.88333333333
1311,101191.445
1312,101192.00666666667
1313,101192.56833333333
1314,101193.13
1315,101193.69166666667
1316,101194.25333333333
1317,101194.815
1318,101195.37666666666
1319,101195.93833333334
1320,101196.5
1321,101193.81666666667
1322,101191.13333333333
1323,101188.45
1324,101185.76666666666
1325,101183.08333333333
1326,101180.4
1327,101177.71666666666
1328,101175.03333333334
1329,101172.35
1330,101169.66666666667
1331,101166.98333333334
1332,101164.3
1333,101161.61666666667
1334,101158.93333333333
1335,101156.25
1336,101153.56666666667
1337,101150.88333333333
1338,101148.2
1339,101145.51666666666
1340,101142.83333333333
1341,101140.15
1342,101137.46666666666
1343,101134.78333333334
1344,101132.1
1345,101129.41666666667
1346,101126.73333333334
1347,101124.05
1348,101121.36666666667
1349,101118.68333333333
1350,101116.0
1351,101113.31666666667
1352,101110.63333333333
1353,101107.95
1354,101105.26666666666
1355,101102.58333333333
1356,101099.9
1357,101097.21666666666
1358,101094.53333333334
1359,101091.85
1360,101089.16666666667
1361,101086.48333333334
1362,101083.8
1363,101081.11666666667
1364,101078.43333333333
1365,101075.75
1366,101073.06666666667
1367,101070.38333333333
1368,101067.7
1369,101065.01666666666
1370,101062.33333333333
1371,101059.65
1372,101056.96666666666
1373,101054.28333333334
1374,101051.6
1375,101048.91666666667
1376,101046.23333333334
1377,101043.55
1378,101040.86666666667
1379,101038.18333333333
1380,101035.5
1381,101034.45166666666
1382,101033.40333333334
1383,101032.355
1384,101031.30666666667
1385,101030.25833333333
1386,101029.21
1387,101028.16166666667
1388,101027.11333333333
1389,101026.065
1390,101025.01666666666
1391,101023.96833333334
1392,101022.92
1393,101021.87166666667
1394,101020.82333333333
1395,101019.775
1396,101018.72666666667
1397,101017.67833333333
1398,101016.63
1399,101015.58166666667
1400,101014.53333333334
1401,101013.485
1402,101012.43666666668
1403,101011.38833333334
1404,101010.34
1405,101009.29166666667
1406,101008.24333333333
1407,101007.195
1408,101006.14666666667
1409,101005.09833333334
1410,101004.05
1411,101003.00166666666
1412,101001.95333333334
1413,101000.905
1414,100999.85666666667
1415,100998.80833333333
1416,100997.76000000001
1417,100996.71166666667
1418,100995.66333333333
1419,100994.615
1420,100993.56666666667
1421,100992.51833333334
1422,100991.47
1423,100990.42166666668
1424,100989.37333333334
1425,100988.32500000001
1426,100987.27666666667
1427,100986.22833333333
1428,100985.18000000001
1429,100984.13166666667
1430,100983.08333333334
1431,100982.035
1432,100980.98666666668
1433,100979.93833333334
1434,100978.89
1435,100977.84166666667
1436,100976.79333333333
1437,100975.74500000001
1438,100974.69666666667
1439,100973.64833333335
1440,100972.6
1441,100969.51833333334
1442,100966.43666666668
1443,100963.35500000001
1444,100960.27333333335
1445,100957.19166666667
1446,100954.11
1447,100951.02833333334
1448,100947.94666666667
1449,100944.865
1450,100941.78333333334
1451,100938.70166666668
1452,100935.62000000001
1453,100932.53833333333
1454,100929.45666666667
1455,100926.375
1456,100923.29333333333
1457,100920.21166666667
1458,100917.13
1459,100914.04833333334
1460,100910.96666666667
1461,100907.88500000001
1462,100904.80333333333
1463,100901.72166666666
1464,100898.64
1465,100895.55833333333
1466,100892.47666666667
1467,100889.395
1468,100886.31333333334
1469,100883.23166666667
1470,100880.15
1471,100877.06833333333
1472,100873.98666666666
1473,100870.905
1474,100867.82333333333
1475,100864.74166666667
1476,100861.66
1477,100858.57833333334
1478,100855.49666666667
1479,100852.415
1480,100849.33333333333
1481,100846.25166666666
1482,100843.17
1483,100840.08833333333
1484,100837.00666666667
1485,100833.925
1486,100830.84333333334
1487,100827.76166666667
1488,100824.68
1489,100821.59833333333
1490,100818.51666666666
1491,100815.435
1492,100812.35333333333
1493,100809.27166666667
1494,100806.19
1495,100803.10833333334
1496,100800.02666666666
1497,100796.94499999999
1498,100793.86333333333
1499,100790.78166666666
1500,100787.7
1501,100786.11
1502,100784.52
1503,100782.93
1504,100781.34
1505,100779.75
1506,100778.16
1507,100776.56999999999
1508,100774.98
1509,100773.39
1510,100771.8
1511,100770.20999999999
1512,100768.62
1513,100767.03
1514,100765.44
1515,100763.85
1516,100762.26
1517,100760.67
1518,100759.08
1519,100757.49
1520,100755.9
1521,100754.31
1522,100752.72
1523,100751.13
1524,100749.54
1525,100747.95
1526,100746.36
1527,100744.77
1528,100743.18
1529,100741.59
1530,100740.0
1531,100738.41
1532,100736.82
1533,100735.23
1534,100733.64
1535,100732.05
1536,100730.46
1537,100728.87
1538,100727.28
1539,100725.69
1540,100724.1
1541,100722.51
1542,100720.92
1543,100719.33
1544,100717.74
1545,100716.15
1546,100714.56
1547,100712.97
1548,100711.38
1549,100709.79000000001
1550,100708.2
1551,100706.61
1552,100705.02
1553,100703.43000000001
1554,100701.84
1555,100700.25
1556,100698.66
1557,100697.07
1558,100695.48
1559,100693.89
1560,100692.3
1561,100693.17
1562,100694.04000000001
1563,100694.91
1564,100695.78
1565,100696.65000000001
1566,100697.52
1567,100698.39
1568,100699.26000000001
1569,100700.13
1570,100701.0
1571,100701.87
1572,100702.74
1573,100703.61
1574,100704.48
1575,100705.35
1576,100706.22
1577,100707.09
1578,100707.96
1579,100708.83
1580,100709.7
1581,100710.57
1582,100711.44
1583,100712.31
1584,100713.18000000001
1585,100714.05
1586,100714.92
1587,100715.79000000001
1588,100716.66
1589,100717.53
1590,100718.4
1591,100719.27
1592,100720.14
1593,100721.01
1594,100721.88
1595,100722.75
1596,100723.62
1597,100724.49
1598,100725.36
1599,100726.23
1600,100727.1
1601,100727.97
1602,100728.84
1603,100729.71
1604,100730.58
1605,100731.45
1606,100732.32
1607,100733.19
1608,100734.06
1609,100734.93000000001
1610,100735.8
1611,100736.67
1612,100737.54
1613,100738.41
1614,100739.28
1615,100740.15
1616,100741.02
1617,100741.89
1618,100742.76
1619,100743.63
1620,100744.5
1621,100740.29833333334
1622,100736.09666666666
1623,100731.895
1624,100727.69333333333
1625,100723.49166666667
1626,100719.29
1627,100715.08833333333
1628,100710.88666666667
1629,100706.685
1630,100702.48333333334
1631,100698.28166666666
1632,100694.08
1633,100689.87833333333
1634,100685.67666666667
1635,100681.475
1636,100677.27333333333
1637,100673.07166666667
1638,100668.87
1639,100664.66833333333
1640,100660.46666666666
1641,100656.265
1642,100652.06333333332
1643,100647.86166666666
1644,100643.66
1645,100639.45833333333
1646,100635.25666666667
1647,100631.055
1648,100626.85333333333
1649,100622.65166666666
1650,100618.45
1651,100614.24833333334
1652,100610.04666666666
1653,100605.845
1654,100601.64333333333
1655,100597.44166666667
1656,100593.23999999999
1657,100589.03833333333
1658,100584.83666666667
1659,100580.635
1660,100576.43333333333
1661,100572.23166666666
1662,100568.03
1663,100563.82833333332
1664,100559.62666666666
1665,100555.42499999999
1666,100551.22333333333
1667,100547.02166666667
1668,100542.81999999999
1669,100538.61833333333
1670,100534.41666666666
1671,100530.215
1672,100526.01333333332
1673,100521.81166666666
1674,100517.61
1675,100513.40833333333
1676,100509.20666666667
1677,100505.00499999999
1678,100500.80333333333
1679,100496.60166666665
1680,100492.4
1681,100491.71333333333
1682,100491.02666666666
1683,100490.34
1684,100489.65333333332
1685,100488.96666666666
1686,100488.28
1687,100487.59333333332
1688,100486.90666666666
1689,100486.22
1690,100485.53333333333
1691,100484.84666666666
1692,100484.15999999999
1693,100483.47333333333
1694,100482.78666666667
1695,100482.09999999999
1696,100481.41333333333
1697,100480.72666666665
1698,100480.04
1699,100479.35333333333
1700,100478.66666666666
1701,100477.98
1702,100477.29333333333
1703,100476.60666666666
1704,100475.92
1705,100475.23333333332
1706,100474.54666666666
1707,100473.86
1708,100473.17333333332
1709,100472.48666666666
1710,100471.79999999999
1711,100471.11333333333
1712,100470.42666666667
1713,100469.73999999999
1714,100469.05333333333
1715,100468.36666666667
1716,100467.68
1717,100466.99333333333
1718,100466.30666666666
1719,100465.62
1720,100464.93333333333
1721,100464.24666666666
1722,100463.56
1723,100462.87333333334
1724,100462.18666666666
1725,100461.5
1726,100460.81333333332
1727,100460.12666666666
1728,100459.44
1729,100458.75333333333
1730,100458.06666666667
1731,100457.37999999999
1732,100456.69333333333
1733,100456.00666666667
1734,100455.31999999999
1735,100454.63333333333
1736,100453.94666666667
1737,100453.26
1738,100452.57333333333
1739,100451.88666666666
1740,100451.2
1741,100453.93333333333
1742,100456.66666666666
1743,100459.4
1744,100462.13333333333
1745,100464.86666666667
1746,100467.59999999999
1747,100470.33333333333
1748,100473.06666666667
1749,100475.8
1750,100478.53333333333
1751,100481.26666666666
1752,100484.0
1753,100486.73333333334
1754,100489.46666666666
1755,100492.2
1756,100494.93333333333
1757,100497.66666666666
1758,100500.4
1759,100503.13333333333
1760,100505.86666666667
1761,100508.59999999999
1762,100511.33333333333
1763,100514.06666666667
1764,100516.8
1765,100519.53333333333
1766,100522.26666666666
1767,100525.0
1768,100527.73333333334
1769,100530.46666666666
1770,100533.2
1771,100535.93333333333
1772,100538.66666666666
1773,100541.4
1774,100544.13333333333
1775,100546.86666666667
1776,100549.59999999999
1777,100552.33333333333
1778,100555.06666666667
1779,100557.8
1780,100560.53333333333
1781,100563.26666666666
1782,100566.0
1783,100568.73333333334
1784,100571.46666666666
1785,100574.2
1786,100576.93333333333
1787,100579.66666666666
1788,100582.4
1789,100585.13333333333
1790,100587.86666666667
1791,100590.59999999999
1792,100593.33333333333
1793,100596.06666666667
1794,100598.8
1795,100601.53333333333
1796,100604.26666666666
1797,100607.0
1798,100609.73333333334
1799,100612.46666666666
1800,100615.2
1801,100614.97833333333
1802,100614.75666666667
1803,100614.535
1804,100614.31333333332
1805,100614.09166666666
1806,100613.87
1807,100613.64833333333
1808,100613.42666666667
1809,100613.205
1810,100612.98333333334
1811,100612.76166666666
1812,100612.54
1813,100612.31833333333
1814,100612.09666666666
1815,100611.875
1816,100611.65333333334
1817,100611.43166666666
1818,100611.20999999999
1819,100610.98833333333
1820,100610.76666666666
1821,100610.545
1822,100610.32333333333
1823,100610.10166666667
1824,100609.87999999999
1825,100609.65833333333
1826,100609.43666666666
1827,100609.215
1828,100608.99333333333
1829,100608.77166666667
1830,100608.54999999999
1831,100608.32833333332
1832,100608.10666666666
1833,100607.885
1834,100607.66333333333
1835,100607.44166666667
1836,100607.22
1837,100606.99833333332
1838,100606.77666666666
1839,100606.555
1840,100606.33333333333
1841,100606.11166666666
1842,100605.89
1843,100605.66833333333
1844,100605.44666666666
1845,100605.22499999999
1846,100605.00333333333
1847,100604.78166666666
1848,100604.56
1849,100604.33833333333
1850,100604.11666666667
1851,100603.89499999999
1852,100603.67333333332
1853,100603.45166666666
1854,100603.23
1855,100603.00833333333
1856,100602.78666666667
1857,100602.56499999999
1858,100602.34333333332
1859,100602.12166666666
1860,100601.9
1861,100599.91833333333
1862,100597.93666666666
1863,100595.95499999999
1864,100593.97333333333
1865,100591.99166666667
1866,100590.01
1867,100588.02833333332
1868,100586.04666666666
1869,100584.065
1870,100582.08333333333
1871,100580.10166666665
1872,100578.12
1873,100576.13833333334
1874,100574.15666666666
1875,100572.17499999999
1876,100570.19333333333
1877,100568.21166666667
1878,100566.23
1879,100564.24833333332
1880,100562.26666666666
1881,100560.285
1882,100558.30333333333
1883,100556.32166666666
1884,100554.34
1885,100552.35833333334
1886,100550.37666666666
1887,100548.39499999999
1888,100546.41333333333
1889,100544.43166666667
1890,100542.45
1891,100540.46833333332
1892,100538.48666666666
1893,100536.505
1894,100534.52333333333
1895,100532.54166666666
1896,100530.56
1897,100528.57833333334
1898,100526.59666666666
1899,100524.61499999999
1900,100522.63333333333
1901,100520.65166666667
1902,100518.67
1903,100516.68833333332
1904,100514.70666666667
1905,100512.725
1906,100510.74333333333
1907,100508.76166666666
1908,100506.78
1909,100504.79833333334
1910,100502.81666666667
1911,100500.83499999999
1912,100498.85333333333
1913,100496.87166666667
1914,100494.89
1915,100492.90833333333
1916,100490.92666666667
1917,100488.945
1918,100486.96333333333
1919,100484.98166666666
1920,100483.0
1921,100484.36333333333
1922,100485.72666666667
1923,100487.09
1924,100488.45333333334
1925,100489.81666666667
1926,100491.18
1927,100492.54333333333
1928,100493.90666666666
1929,100495.27
1930,100496.63333333333
1931,100497.99666666667
1932,100499.36
1933,100500.72333333333
1934,100502.08666666667
1935,100503.45
1936,100504.81333333334
1937,100506.17666666667
1938,100507.54000000001
1939,100508.90333333334
1940,100510.26666666666
1941,100511.63
1942,100512.99333333333
1943,100514.35666666667
1944,100515.72
1945,100517.08333333333
1946,100518.44666666667
1947,100519.81
1948,100521.17333333334
1949,100522.53666666667
1950,100523.9
1951,100525.26333333334
1952,100526.62666666666
1953,100527.99
1954,100529.35333333333
1955,100530.71666666667
1956,100532.08
1957,100533.44333333333
1958,100534.80666666667
1959,100536.17
1960,100537.53333333334
1961,100538.89666666667
1962,100540.26000000001
1963,100541.62333333334
1964,100542.98666666666
1965,100544.35
1966,100545.71333333333
1967,100547.07666666668
1968,100548.44
1969,100549.80333333333
1970,100551.16666666667
1971,100552.53
1972,100553.89333333334
1973,100555.25666666667
1974,100556.62
1975,100557.98333333334
1976,100559.34666666666
1977,100560.71
1978,100562.07333333333
1979,100563.43666666668
1980,100564.8
1981,100566.30666666667
1982,100567.81333333334
1983,100569.32
1984,100570.82666666668
1985,100572.33333333334
1986,100573.84
1987,100575.34666666666
1988,100576.85333333333
1989,100578.36
1990,100579.86666666667
1991,100581.37333333334
1992,100582.88
1993,100584.38666666667
1994,100585.89333333334
1995,100587.4
1996,100588.90666666666
1997,100590.41333333333
1998,100591.92
1999,100593.42666666667
2000,100594.93333333333
2001,100596.44
2002,100597.94666666667
2003,100599.45333333334
2004,100600.96
2005,100602.46666666667
2006,100603.97333333333
2007,100605.48
2008,100606.98666666666
2009,100608.49333333333
2010,100610.0
2011,100611.50666666667
2012,100613.01333333334
2013,100614.52
2014,100616.02666666667
2015,100617.53333333333
2016,100619.04
2017,100620.54666666666
2018,100622.05333333333
2019,100623.56
2020,100625.06666666667
2021,100626.57333333333
2022,100628.08
2023,100629.58666666667
2024,100631.09333333334
2025,100632.6
2026,100634.10666666666
2027,100635.61333333333
2028,100637.12
2029,100638.62666666666
2030,100640.13333333333
2031,100641.64
2032,100643.14666666667
2033,100644.65333333334
2034,100646.16
2035,100647.66666666666
2036,100649.17333333332
2037,100650.68
2038,100652.18666666666
2039,100653.69333333333
2040,100655.2
2041,100650.63833333334
2042,100646.07666666666
2043,100641.515
2044,100636.95333333332
2045,100632.39166666666
2046,100627.83
2047,100623.26833333333
2048,100618.70666666667
2049,100614.145
2050,100609.58333333333
2051,100605.02166666667
2052,100600.45999999999
2053,100595.89833333333
2054,100591.33666666667
2055,100586.775
2056,100582.21333333333
2057,100577.65166666666
2058,100573.09
2059,100568.52833333334
2060,100563.96666666666
2061,100559.405
2062,100554.84333333334
2063,100550.28166666666
2064,100545.72
2065,100541.15833333333
2066,100536.59666666666
2067,100532.035
2068,100527.47333333333
2069,100522.91166666667
2070,100518.35
2071,100513.78833333333
2072,100509.22666666667
2073,100504.665
2074,100500.10333333333
2075,100495.54166666667
2076,100490.98
2077,100486.41833333333
2078,100481.85666666666
2079,100477.295
2080,100472.73333333334
2081,100468.17166666666
2082,100463.61
2083,100459.04833333334
2084,100454.48666666666
2085,100449.925
2086,100445.36333333333
2087,100440.80166666667
2088,100436.24
2089,100431.67833333333
2090,100427.11666666667
2091,100422.555
2092,100417.99333333333
2093,100413.43166666667
2094,100408.87
2095,100404.30833333333
2096,100399.74666666667
2097,100395.185
2098,100390.62333333334
2099,100386.06166666666
2100,100381.5
2101,100377.355
2102,100373.21
2103,100369.065
2104,100364.92
2105,100360.775
2106,100356.63
2107,100352.485
2108,100348.34
2109,100344.195
2110,100340.05
2111,100335.905
2112,100331.76
2113,100327.615
2114,100323.47
2115,100319.325
2116,100315.18000000001
2117,100311.035
2118,100306.89
2119,100302.745
2120,100298.6
2121,100294.455
2122,100290.31
2123,100286.16500000001
2124,100282.02
2125,100277.875
2126,100273.73
2127,100269.585
2128,100265.44
2129,100261.295
2130,100257.15
2131,100253.005
2132,100248.86
2133,100244.715
2134,100240.57
2135,100236.425
2136,100232.28
2137,100228.135
2138,100223.99
2139,100219.845
2140,100215.7
2141,100211.55500000001
2142,100207.41
2143,100203.265
2144,100199.12
2145,100194.975
2146,100190.83
2147,100186.685
2148,100182.54000000001
2149,100178.395
2150,100174.25
2151,100170.105
2152,100165.96
2153,100161.815
2154,100157.67
2155,100153.52500000001
2156,100149.38
2157,100145.235
2158,100141.09
2159,100136.945
2160,100132.8
2161,100128.92833333333
2162,100125.05666666667
2163,100121.185
2164,100117.31333333334
2165,100113.44166666667
2166,100109.57
2167,100105.69833333333
2168,100101.82666666668
2169,100097.955
2170,100094.08333333334
2171,100090.21166666667
2172,100086.34
2173,100082.46833333334
2174,100078.59666666666
2175,100074.725
2176,100070.85333333333
2177,100066.98166666667
2178,100063.11
2179,100059.23833333334
2180,100055.36666666667
2181,100051.495
2182,100047.62333333334
2183,100043.75166666666
2184,100039.88
2185,100036.00833333333
2186,100032.13666666667
2187,100028.265
2188,100024.39333333334
2189,100020.52166666667
2190,100016.65
2191,100012.77833333334
2192,100008.90666666666
2193,100005.035
2194,100001.16333333333
2195,99997.29166666667
2196,99993.42
2197,99989.54833333334
2198,99985.67666666667
2199,99981.80500000001
2200,99977.93333333333
2201,99974.06166666666
2202,99970.19
2203,99966.31833333333
2204,99962.44666666667
2205,99958.575
2206,99954.70333333334
2207,99950.83166666667
2208,99946.96
2209,99943.08833333333
2210,99939.21666666667
2211,99935.345
2212,99931.47333333333
2213,99927.60166666667
2214,99923.73
2215,99919.85833333334
2216,99915.98666666666
2217,99912.115
2218,99908.24333333333
2219,99904.37166666667
2220,99900.5
2221,99899.62333333334
2222,99898.74666666667
2223,99897.87
2224,99896.99333333333
2225,99896.11666666667
2226,99895.24
2227,99894.36333333333
2228,99893.48666666666
2229,99892.61
2230,99891.73333333334
2231,99890.85666666666
2232,99889.98
2233,99889.10333333333
2234,99888.22666666667
2235,99887.35
2236,99886.47333333333
2237,99885.59666666666
2238,99884.72
2239,99883.84333333334
2240,99882.96666666666
2241,99882.09
2242,99881.21333333333
2243,99880.33666666667
2244,99879.45999999999
2245,99878.58333333333
2246,99877.70666666667
2247,99876.83
2248,99875.95333333332
2249,99875.07666666666
2250,99874.2
2251,99873.32333333333
2252,99872.44666666667
2253,99871.56999999999
2254,99870.69333333333
2255,99869.81666666667
2256,99868.94
2257,99868.06333333332
2258,99867.18666666666
2259,99866.31
2260,99865.43333333333
2261,99864.55666666666
2262,99863.68
2263,99862.80333333333
2264,99861.92666666667
2265,99861.04999999999
2266,99860.17333333332
2267,99859.29666666666
2268,99858.42
2269,99857.54333333333
2270,99856.66666666666
2271,99855.79
2272,99854.91333333333
2273,99854.03666666667
2274,99853.15999999999
2275,99852.28333333333
2276,99851.40666666666
2277,99850.53
2278,99849.65333333332
2279,99848.77666666666
2280,99847.9
2281,99847.745
2282,99847.59
2283,99847.435
2284,99847.28
2285,99847.125
2286,99846.97
2287,99846.815
2288,99846.65999999999
2289,99846.50499999999
2290,99846.34999999999
2291,99846.19499999999
2292,99846.04
2293,99845.885
2294,99845.73
2295,99845.575
2296,99845.42
2297,99845.265
2298,99845.11
2299,99844.955
2300,99844.8
2301,99844.645
2302,99844.49
2303,99844.33499999999
2304,99844.18
2305,99844.025
2306,99843.87
2307,99843.715
2308,99843.56
2309,99843.405
2310,99843.25
2311,99843.095
2312,99842.94
2313,99842.785
2314,99842.63
2315,99842.475
2316,99842.32
2317,99842.16500000001
2318,99842.01
2319,99841.855
2320,99841.7
2321,99841.545
2322,99841.39
2323,99841.235
2324,99841.08
2325,99840.925
2326,99840.77
2327,99840.615
2328,99840.46
2329,99840.30500000001
2330,99840.15000000001
2331,99839.99500000001
2332,99839.84000000001
2333,99839.685
2334,99839.53
2335,99839.375
2336,99839.22
2337,99839.065
2338,99838.91
2339,99838.755
2340,99838.6
2341,99832.815
2342,99827.03
2343,99821.24500000001
2344,99815.46
2345,99809.675
2346,99803.89
2347,99798.10500000001
2348,99792.32
2349,99786.535
2350,99780.75
2351,99774.96500000001
2352,99769.18000000001
2353,99763.395
2354,99757.61
2355,99751.82500000001
2356,99746.04000000001
2357,99740.255
2358,99734.47
2359,99728.685
2360,99722.90000000001
2361,99717.115
2362,99711.33
2363,99705.545
2364,99699.76000000001
2365,99693.975
2366,99688.19
2367,99682.405
2368,99676.62000000001
2369,99670.835
2370,99665.05
2371,99659.265
2372,99653.48
2373,99647.695
2374,99641.91
2375,99636.125
2376,99630.34
2377,99624.55500000001
2378,99618.77
2379,99612.985
2380,99607.2
2381,99601.41500000001
2382,99595.63
2383,99589.845
2384,99584.06
2385,99578.275
2386,99572.49
2387,99566.705
2388,99560.92
2389,99555.135
2390,99549.35
2391,99543.565
2392,99537.78
2393,99531.995
2394,99526.21
2395,99520.425
2396,99514.64
2397,99508.855
2398,99503.07
2399,99497.285
2400,99491.5
2401,99491.88333333333
2402,99492.26666666666
2403,99492.65
2404,99493.03333333334
2405,99493.41666666667
2406,99493.8
2407,99494.18333333333
2408,99494.56666666667
2409,99494.95
2410,99495.33333333333
2411,99495.71666666666
2412,99496.1
2413,99496.48333333334
2414,99496.86666666667
2415,99497.25
2416,99497.63333333333
2417,99498.01666666666
2418,99498.4
2419,99498.78333333334
2420,99499.16666666667
2421,99499.55
2422,99499.93333333333
2423,99500.31666666667
2424,99500.7
2425,99501.08333333333
2426,99501.46666666666
2427,99501.85
2428,99502.23333333334
2429,99502.61666666667
2430,99503.0
2431,99503.38333333333
2432,99503.76666666666
2433,99504.15
2434,99504.53333333334
2435,99504.91666666667
2436,99505.3
2437,99505.68333333333
2438,99506.06666666667
2439,99506.45
2440,99506.83333333333
2441,99507.21666666666
2442,99507.6
2443,99507.98333333334
2444,99508.36666666667
2445,99508.75
2446,99509.13333333333
2447,99509.51666666666
2448,99509.9
2449,99510.28333333334
2450,99510.66666666667
2451,99511.05
2452,99511.43333333333
2453,99511.81666666667
2454,99512.2
2455,99512.58333333333
2456,99512.96666666666
2457,99513.35
2458,99513.73333333334
2459,99514.11666666667
2460,99514.5
2461,99515.25333333333
2462,99516.00666666667
2463,99516.76
2464,99517.51333333334
2465,99518.26666666666
2466,99519.02
2467,99519.77333333333
2468,99520.52666666667
2469,99521.28
2470,99522.03333333333
2471,99522.78666666667
2472,99523.54
2473,99524.29333333333
2474,99525.04666666666
2475,99525.8
2476,99526.55333333333
2477,99527.30666666667
2478,99528.06
2479,99528.81333333334
2480,99529.56666666667
2481,99530.31999999999
2482,99531.07333333333
2483,99531.82666666666
2484,99532.58
2485,99533.33333333333
2486,99534.08666666667
2487,99534.84
2488,99535.59333333334
2489,99536.34666666666
2490,99537.1
2491,99537.85333333333
2492,99538.60666666666
2493,99539.36
2494,99540.11333333333
2495,99540.86666666667
2496,99541.62
2497,99542.37333333334
2498,99543.12666666666
2499,99543.88
2500,99544.63333333333
2501,99545.38666666666
2502,99546.14
2503,99546.89333333333
2504,99547.64666666667
2505,99548.4
2506,99549.15333333334
2507,99549.90666666666
2508,99550.66
2509,99551.41333333333
2510,99552.16666666666
2511,99552.92
2512,99553.67333333332
2513,99554.42666666667
2514,99555.18
2515,99555.93333333333
2516,99556.68666666666
2517,99557.44
2518,99558.19333333333
2519,99558.94666666667
2520,99559.7
2521,99560.81333333332
2522,99561.92666666667
2523,99563.04
2524,99564.15333333334
2525,99565.26666666666
2526,99566.38
2527,99567.49333333333
2528,99568.60666666666
2529,99569.72
2530,99570.83333333333
2531,99571.94666666667
2532,99573.06
2533,99574.17333333332
2534,99575.28666666667
2535,99576.4
2536,99577.51333333334
2537,99578.62666666666
2538,99579.73999999999
2539,99580.85333333333
2540,99581.96666666666
2541,99583.08
2542,99584.19333333333
2543,99585.30666666667
2544,99586.42
2545,99587.53333333333
2546,99588.64666666667
2547,99589.76
2548,99590.87333333334
2549,99591.98666666666
2550,99593.1
2551,99594.21333333333
2552,99595.32666666666
2553,99596.44
2554,99597.55333333333
2555,99598.66666666667
2556,99599.78
2557,99600.89333333333
2558,99602.00666666667
2559,99603.12
2560,99604.23333333334
2561,99605.34666666666
2562,99606.45999999999
2563,99607.57333333333
2564,99608.68666666666
2565,99609.8
2566,99610.91333333333
2567,99612.02666666667
2568,99613.14
2569,99614.25333333333
2570,99615.36666666667
2571,99616.48
2572,99617.59333333334
2573,99618.70666666667
2574,99619.82
2575,99620.93333333333
2576,99622.04666666666
2577,99623.16
2578,99624.27333333333
2579,99625.38666666667
2580,99626.5
2581,99627.85333333333
2582,99629.20666666667
2583,99630.56
2584,99631.91333333333
2585,99633.26666666666
2586,99634.62
2587,99635.97333333333
2588,99637.32666666666
2589,99638.68
2590,99640.03333333333
2591,99641.38666666667
2592,99642.74
2593,99644.09333333334
2594,99645.44666666667
2595,99646.8
2596,99648.15333333334
2597,99649.50666666667
2598,99650.86
2599,99652.21333333333
2600,99653.56666666667
2601,99654.92
2602,99656.27333333333
2603,99657.62666666666
2604,99658.98
2605,99660.33333333333
2606,99661.68666666666
2607,99663.04
2608,99664.39333333333
2609,99665.74666666666
2610,99667.1
2611,99668.45333333334
2612,99669.80666666667
2613,99671.16
2614,99672.51333333334
2615,99673.86666666667
2616,99675.22
2617,99676.57333333333
2618,99677.92666666667
2619,99679.28
2620,99680.63333333333
2621,99681.98666666666
2622,99683.34
2623,99684.69333333333
2624,99686.04666666666
2625,99687.4
2626,99688.75333333333
2627,99690.10666666666
2628,99691.45999999999
2629,99692.81333333332
2630,99694.16666666666
2631,99695.52
2632,99696.87333333334
2633,99698.22666666667
2634,99699.58
2635,99700.93333333333
2636,99702.28666666667
2637,99703.64
2638,99704.99333333333
2639,99706.34666666666
2640,99707.7
2641,99707.95166666666
2642,99708.20333333332
2643,99708.455
2644,99708.70666666667
2645,99708.95833333333
2646,99709.20999999999
2647,99709.46166666667
2648,99709.71333333333
2649,99709.965
2650,99710.21666666666
2651,99710.46833333334
2652,99710.72
2653,99710.97166666666
2654,99711.22333333333
2655,99711.475
2656,99711.72666666667
2657,99711.97833333333
2658,99712.23
2659,99712.48166666666
2660,99712.73333333334
2661,99712.985
2662,99713.23666666666
2663,99713.48833333333
2664,99713.74
2665,99713.99166666667
2666,99714.24333333333
2667,99714.495
2668,99714.74666666667
2669,99714.99833333334
2670,99715.25
2671,99715.50166666666
2672,99715.75333333333
2673,99716.005
2674,99716.25666666667
2675,99716.50833333333
2676,99716.76
2677,99717.01166666667
2678,99717.26333333334
2679,99717.515
2680,99717.76666666666
2681,99718.01833333334
2682,99718.27
2683,99718.52166666667
2684,99718.77333333333
2685,99719.025
2686,99719.27666666667
2687,99719.52833333334
2688,99719.78
2689,99720.03166666666
2690,99720.28333333334
2691,99720.535
2692,99720.78666666667
2693,99721.03833333333
2694,99721.29000000001
2695,99721.54166666667
2696,99721.79333333333
2697,99722.045
2698,99722.29666666668
2699,99722.54833333334
2700,99722.8
2701,99724.93000000001
2702,99727.06
2703,99729.19
2704,99731.32
2705,99733.45
2706,99735.58
2707,99737.71
2708,99739.84
2709,99741.97
2710,99744.1
2711,99746.23000000001
2712,99748.36
2713,99750.49
2714,99752.62000000001
2715,99754.75
2716,99756.88
2717,99759.01000000001
2718,99761.14
2719,99763.27
2720,99765.40000000001
2721,99767.53
2722,99769.66
2723,99771.79000000001
2724,99773.92
2725,99776.05
2726,99778.18000000001
2727,99780.31
2728,99782.44
2729,99784.57
2730,99786.7
2731,99788.83
2732,99790.96
2733,99793.09000000001
2734,99795.22
2735,99797.35
2736,99799.48000000001
2737,99801.61
2738,99803.74
2739,99805.87000000001
2740,99808.0
2741,99810.13
2742,99812.26000000001
2743,99814.39
2744,99816.52
2745,99818.65000000001
2746,99820.78
2747,99822.91
2748,99825.04000000001
2749,99827.17
2750,99829.3
2751,99831.43000000001
2752,99833.56000000001
2753,99835.69
2754,99837.82
2755,99839.95000000001
2756,99842.08
2757,99844.21
2758,99846.34000000001
2759,99848.47
2760,99850.6
2761,99852.455
2762,99854.31000000001
2763,99856.16500000001
2764,99858.02
2765,99859.875
2766,99861.73000000001
2767,99863.585
2768,99865.44
2769,99867.295
2770,99869.15000000001
2771,99871.005
2772,99872.86
2773,99874.715
2774,99876.57
2775,99878.425
2776,99880.28
2777,99882.13500000001
2778,99883.99
2779,99885.845
2780,99887.7
2781,99889.55500000001
2782,99891.41
2783,99893.265
2784,99895.12
2785,99896.975
2786,99898.83
2787,99900.685
2788,99902.54
2789,99904.395
2790,99906.25
2791,99908.105
2792,99909.96
2793,99911.815
2794,99913.67
2795,99915.525
2796,99917.38
2797,99919.235
2798,99921.09
2799,99922.94499999999
2800,99924.8
2801,99926.655
2802,99928.51
2803,99930.36499999999
2804,99932.22
2805,99934.075
2806,99935.93
2807,99937.785
2808,99939.64
2809,99941.495
2810,99943.34999999999
2811,99945.205
2812,99947.06
2813,99948.915
2814,99950.76999999999
2815,99952.625
2816,99954.48
2817,99956.33499999999
2818,99958.18999999999
2819,99960.045
2820,99961.9
2821,99965.01833333333
2822,99968.13666666666
2823,99971.25499999999
2824,99974.37333333332
2825,99977.49166666667
2826,99980.61
2827,99983.72833333333
2828,99986.84666666666
2829,99989.965
2830,99993.08333333333
2831,99996.20166666666
2832,99999.31999999999
2833,100002.43833333332
2834,100005.55666666666
2835,100008.67499999999
2836,100011.79333333333
2837,100014.91166666667
2838,100018.03
2839,100021.14833333333
2840,100024.26666666666
2841,100027.385
2842,100030.50333333333
2843,100033.62166666666
2844,100036.73999999999
2845,100039.85833333334
2846,100042.97666666667
2847,100046.095
2848,100049.21333333333
2849,100052.33166666667
2850,100055.45
2851,100058.56833333333
2852,100061.68666666666
2853,100064.805
2854,100067.92333333332
2855,100071.04166666666
2856,100074.16
2857,100077.27833333334
2858,100080.39666666667
2859,100083.515
2860,100086.63333333333
2861,100089.75166666666
2862,100092.87
2863,100095.98833333333
2864,100099.10666666666
2865,100102.225
2866,100105.34333333334
2867,100108.46166666667
2868,100111.58
2869,100114.69833333333
2870,100117.81666666667
2871,100120.935
2872,100124.05333333333
2873,100127.17166666666
2874,100130.29
2875,100133.40833333333
2876,100136.52666666667
2877,100139.645
2878,100142.76333333334
2879,100145.88166666667
2880,100149.0
2881,100146.87833333333
2882,100144.75666666667
2883,100142.635
2884,100140.51333333334
2885,100138.39166666666
2886,100136.27
2887,100134.14833333333
2888,100132.02666666667
2889,100129.905
2890,100127.78333333333
2891,100125.66166666667
2892,100123.54
2893,100121.41833333333
2894,100119.29666666666
2895,100117.175
2896,100115.05333333333
2897,100112.93166666667
2898,100110.81
2899,100108.68833333334
2900,100106.56666666667
2901,100104.44499999999
2902,100102.32333333333
2903,100100.20166666666
2904,100098.08
2905,100095.95833333333
2906,100093.83666666667
2907,100091.715
2908,100089.59333333334
2909,100087.47166666666
2910,100085.35
2911,100083.22833333333
2912,100081.10666666666
2913,100078.985
2914,100076.86333333333
2915,100074.74166666667
2916,100072.62
2917,100070.49833333334
2918,100068.37666666666
2919,100066.255
2920,100064.13333333333
2921,100062.01166666666
2922,100059.89
2923,100057.76833333333
2924,100055.64666666667
2925,100053.525
2926,100051.40333333334
2927,100049.28166666666
2928,100047.16
2929,100045.03833333333
2930,100042.91666666667
2931,100040.795
2932,100038.67333333332
2933,100036.55166666667
2934,100034.43
2935,100032.30833333333
2936,100030.18666666666
2937,100028.065
2938,100025.94333333333
2939,100023.82166666667
2940,100021.7
2941,100024.59166666666
2942,100027.48333333334
2943,100030.375
2944,100033.26666666666
2945,100036.15833333333
2946,100039.05
2947,100041.94166666667
2948,100044.83333333333
2949,100047.72499999999
2950,100050.61666666667
2951,100053.50833333333
2952,100056.4
2953,100059.29166666666
2954,100062.18333333333
2955,100065.075
2956,100067.96666666666
2957,100070.85833333334
2958,100073.75
2959,100076.64166666666
2960,100079.53333333333
2961,100082.425
2962,100085.31666666667
2963,100088.20833333333
2964,100091.09999999999
2965,100093.99166666667
2966,100096.88333333333
2967,100099.775
2968,100102.66666666666
2969,100105.55833333333
2970,100108.45
2971,100111.34166666666
2972,100114.23333333334
2973,100117.125
2974,100120.01666666666
2975,100122.90833333333
2976,100125.8
2977,100128.69166666667
2978,100131.58333333333
2979,100134.47499999999
2980,100137.36666666667
2981,100140.25833333333
2982,100143.15
2983,100146.04166666666
2984,100148.93333333333
2985,100151.825
2986,100154.71666666666
2987,100157.60833333334
2988,100160.5
2989,100163.39166666666
2990,100166.28333333333
2991,100169.175
2992,100172.06666666667
2993,100174.95833333333
2994,100177.84999999999
2995,100180.74166666667
2996,100183.63333333333
2997,100186.525
2998,100189.41666666666
2999,100192.30833333333
3000,100195.2
3001,100196.39
3002,100197.58
3003,100198.77
3004,100199.95999999999
3005,100201.15
3006,100202.34
3007,100203.53
3008,100204.72
3009,100205.91
3010,100207.1
3011,100208.29
3012,100209.48
3013,100210.67
3014,100211.86
3015,100213.05
3016,100214.24
3017,100215.43
3018,100216.62
3019,100217.81
3020,100219.0
3021,100220.19
3022,100221.38
3023,100222.57
3024,100223.76
3025,100224.95
3026,100226.14
3027,100227.33
3028,100228.52
3029,100229.71
3030,100230.9
3031,100232.09
3032,100233.28
3033,100234.47
3034,100235.66
3035,100236.85
3036,100238.04000000001
3037,100239.23
3038,100240.42
3039,100241.61
3040,100242.8
3041,100243.99
3042,100245.18000000001
3043,100246.37000000001
3044,100247.56
3045,100248.75
3046,100249.94
3047,100251.13
3048,100252.32
3049,100253.51000000001
3050,100254.70000000001
3051,100255.89
3052,100257.08
3053,100258.27
3054,100259.46
3055,100260.65000000001
3056,100261.84000000001
3057,100263.03
3058,100264.22
3059,100265.41
3060,100266.6
3061,100268.08666666667
3062,100269.57333333333
3063,100271.06000000001
3064,100272.54666666668
3065,100274.03333333334
3066,100275.52
3067,100277.00666666667
3068,100278.49333333333
3069,100279.98000000001
3070,100281.46666666667
3071,100282.95333333334
3072,100284.44
3073,100285.92666666667
3074,100287.41333333334
3075,100288.90000000001
3076,100290.38666666667
3077,100291.87333333334
3078,100293.36
3079,100294.84666666666
3080,100296.33333333334
3081,100297.82
3082,100299.30666666667
3083,100300.79333333333
3084,100302.28
3085,100303.76666666668
3086,100305.25333333334
3087,100306.74
3088,100308.22666666667
3089,100309.71333333333
3090,100311.20000000001
3091,100312.68666666668
3092,100314.17333333334
3093,100315.66
3094,100317.14666666667
3095,100318.63333333333
3096,100320.12000000001
3097,100321.60666666667
3098,100323.09333333334
3099,100324.58
3100,100326.06666666667
3101,100327.55333333334
3102,100329.04000000001
3103,100330.52666666667
3104,100332.01333333334
3105,100333.5
3106,100334.98666666666
3107,100336.47333333334
3108,100337.96
3109,100339.44666666667
3110,100340.93333333333
3111,100342.42
3112,100343.90666666668
3113,100345.39333333334
3114,100346.88
3115,100348.36666666667
3116,100349.85333333333
3117,100351.34
3118,100352.82666666668
3119,100354.31333333334
3120,100355.8
3121,100355.77333333333
3122,100355.74666666667
3123,100355.72
3124,100355.69333333333
3125,100355.66666666667
3126,100355.64
3127,100355.61333333334
3128,100355.58666666667
3129,100355.56
3130,100355.53333333334
3131,100355.50666666667
3132,100355.48
3133,100355.45333333334
3134,100355.42666666667
3135,100355.4
3136,100355.37333333334
3137,100355.34666666666
3138,100355.32
3139,100355.29333333333
3140,100355.26666666666
3141,100355.24
3142,100355.21333333333
3143,100355.18666666666
3144,100355.16
3145,100355.13333333333
3146,100355.10666666667
3147,100355.08
3148,100355.05333333333
3149,100355.02666666667
3150,100355.0
3151,100354.97333333333
3152,100354.94666666667
3153,100354.92
3154,100354.89333333333
3155,100354.86666666667
3156,100354.84
3157,100354.81333333334
3158,100354.78666666667
3159,100354.76
3160,100354.73333333334
3161,100354.70666666667
3162,100354.68
3163,100354.65333333334
3164,100354.62666666666
3165,100354.6
3166,100354.57333333333
3167,100354.54666666666
3168,100354.52
3169,100354.49333333333
3170,100354.46666666666
3171,100354.44
3172,100354.41333333333
3173,100354.38666666666
3174,100354.36
3175,100354.33333333333
3176,100354.30666666667
3177,100354.28
3178,100354.25333333333
3179,100354.22666666667
3180,100354.2
3181,100353.98666666666
3182,100353.77333333333
3183,100353.56
3184,100353.34666666666
3185,100353.13333333333
3186,100352.92
3187,100352.70666666667
3188,100352.49333333333
3189,100352.28
3190,100352.06666666667
3191,100351.85333333333
3192,100351.64
3193,100351.42666666667
3194,100351.21333333333
3195,100351.0
3196,100350.78666666667
3197,100350.57333333333
3198,100350.36
3199,100350.14666666667
3200,100349.93333333333
3201,100349.72
3202,100349.50666666667
3203,100349.29333333333
3204,100349.08
3205,100348.86666666667
3206,100348.65333333334
3207,100348.44
3208,100348.22666666667
3209,100348.01333333334
3210,100347.79999999999
3211,100347.58666666666
3212,100347.37333333332
3213,100347.15999999999
3214,100346.94666666666
3215,100346.73333333332
3216,100346.51999999999
3217,100346.30666666666
3218,100346.09333333332
3219,100345.87999999999
3220,100345.66666666666
3221,100345.45333333332
3222,100345.23999999999
3223,100345.02666666666
3224,100344.81333333332
3225,100344.59999999999
3226,100344.38666666666
3227,100344.17333333332
3228,100343.95999999999
3229,100343.74666666666
3230,100343.53333333333
3231,100343.31999999999
3232,100343.10666666666
3233,100342.89333333333
3234,100342.68
3235,100342.46666666666
3236,100342.25333333333
3237,100342.04
3238,100341.82666666666
3239,100341.61333333333
3240,100341.4
3241,100350.42833333333
3242,100359.45666666667
3243,100368.485
3244,100377.51333333332
3245,100386.54166666666
3246,100395.56999999999
3247,100404.59833333333
3248,100413.62666666666
3249,100422.655
3250,100431.68333333333
3251,100440.71166666667
3252,100449.73999999999
3253,100458.76833333333
3254,100467.79666666666
3255,100476.825
3256,100485.85333333333
3257,100494.88166666667
3258,100503.91
3259,100512.93833333332
3260,100521.96666666666
3261,100530.995
3262,100540.02333333333
3263,100549.05166666667
3264,100558.08
3265,100567.10833333334
3266,100576.13666666667
3267,100585.165
3268,100594.19333333333
3269,100603.22166666666
3270,100612.25
3271,100621.27833333334
3272,100630.30666666667
3273,100639.335
3274,100648.36333333333
3275,100657.39166666666
3276,100666.42
3277,100675.44833333333
3278,100684.47666666667
3279,100693.505
3280,100702.53333333334
3281,100711.56166666668
3282,100720.59
3283,100729.61833333333
3284,100738.64666666667
3285,100747.675
3286,100756.70333333334
3287,100765.73166666667
3288,100774.76000000001
3289,100783.78833333333
3290,100792.81666666667
3291,100801.845
3292,100810.87333333334
3293,100819.90166666667
3294,100828.93000000001
3295,100837.95833333334
3296,100846.98666666668
3297,100856.015
3298,100865.04333333333
3299,100874.07166666667
3300,100883.1
3301,100884.76833333334
3302,100886.43666666668
3303,100888.10500000001
3304,100889.77333333335
3305,100891.44166666667
3306,100893.11
3307,100894.77833333334
3308,100896.44666666667
3309,100898.115
3310,100899.78333333334
3311,100901.45166666668
3312,100903.12000000001
3313,100904.78833333333
3314,100906.45666666667
3315,100908.125
3316,100909.79333333333
3317,100911.46166666667
3318,100913.13
3319,100914.79833333334
3320,100916.46666666667
3321,100918.13500000001
3322,100919.80333333333
3323,100921.47166666666
3324,100923.14
3325,100924.80833333333
3326,100926.47666666667
3327,100928.145
3328,100929.81333333334
3329,100931.48166666667
3330,100933.15
3331,100934.81833333333
3332,100936.48666666666
3333,100938.155
3334,100939.82333333333
3335,100941.49166666667
3336,100943.16
3337,100944.82833333334
3338,100946.49666666667
3339,100948.165
3340,100949.83333333333
3341,100951.50166666666
3342,100953.17
3343,100954.83833333333
3344,100956.50666666667
3345,100958.175
3346,100959.84333333334
3347,100961.51166666667
3348,100963.18
3349,100964.84833333333
3350,100966.51666666666
3351,100968.185
3352,100969.85333333333
3353,100971.52166666667
3354,100973.19
3355,100974.85833333334
3356,100976.52666666666
3357,100978.19499999999
3358,100979.86333333333
3359,100981.53166666666
3360,100983.2
3361,100985.45333333332
3362,100987.70666666667
3363,100989.95999999999
3364,100992.21333333333
3365,100994.46666666666
3366,100996.72
3367,100998.97333333333
3368,101001.22666666667
3369,101003.48
3370,101005.73333333334
3371,101007.98666666666
3372,101010.23999999999
3373,101012.49333333333
3374,101014.74666666666
3375,101017.0
3376,101019.25333333333
3377,101021.50666666667
3378,101023.76
3379,101026.01333333334
3380,101028.26666666666
3381,101030.51999999999
3382,101032.77333333333
3383,101035.02666666666
3384,101037.28
3385,101039.53333333333
3386,101041.78666666667
3387,101044.04
3388,101046.29333333333
3389,101048.54666666666
3390,101050.79999999999
3391,101053.05333333333
3392,101055.30666666666
3393,101057.56
3394,101059.81333333332
3395,101062.06666666667
3396,101064.31999999999
3397,101066.57333333333
3398,101068.82666666666
3399,101071.08
3400,101073.33333333333
3401,101075.58666666666
3402,101077.84
3403,101080.09333333332
3404,101082.34666666666
3405,101084.59999999999
3406,101086.85333333333
3407,101089.10666666666
3408,101091.36
3409,101093.61333333333
3410,101095.86666666667
3411,101098.12
3412,101100.37333333332
3413,101102.62666666666
3414,101104.87999999999
3415,101107.13333333333
3416,101109.38666666666
3417,101111.64
3418,101113.89333333333
3419,101116.14666666667
3420,101118.4
3421,101119.03166666666
3422,101119.66333333333
3423,101120.295
3424,101120.92666666667
3425,101121.55833333333
3426,101122.19
3427,101122.82166666666
3428,101123.45333333332
3429,101124.08499999999
3430,101124.71666666666
3431,101125.34833333333
3432,101125.98
3433,101126.61166666666
3434,101127.24333333333
3435,101127.875
3436,101128.50666666667
3437,101129.13833333334
3438,101129.76999999999
3439,101130.40166666666
3440,101131.03333333333
3441,101131.665
3442,101132.29666666666
3443,101132.92833333333
3444,101133.56
3445,101134.19166666667
3446,101134.82333333333
3447,101135.455
3448,101136.08666666667
3449,101136.71833333334
3450,101137.35
3451,101137.98166666666
3452,101138.61333333333
3453,101139.245
3454,101139.87666666666
3455,101140.50833333333
3456,101141.14
3457,101141.77166666667
3458,101142.40333333334
3459,101143.035
3460,101143.66666666667
3461,101144.29833333334
3462,101144.93
3463,101145.56166666666
3464,101146.19333333333
3465,101146.825
3466,101147.45666666667
3467,101148.08833333333
3468,101148.72
3469,101149.35166666667
3470,101149.98333333334
3471,101150.615
3472,101151.24666666667
3473,101151.87833333334
3474,101152.51000000001
3475,101153.14166666666
3476,101153.77333333333
3477,101154.405
3478,101155.03666666667
3479,101155.66833333333
3480,101156.3
3481,101158.08
3482,101159.86
3483,101161.64
3484,101163.42
3485,101165.2
3486,101166.98000000001
3487,101168.76000000001
3488,101170.54000000001
3489,101172.32
3490,101174.1
3491,101175.88
3492,101177.66
3493,101179.44
3494,101181.22
3495,101183.0
3496,101184.78
3497,101186.56
3498,101188.34
3499,101190.12000000001
3500,101191.90000000001
3501,101193.68000000001
3502,101195.46
3503,101197.24
3504,101199.02
3505,101200.8
3506,101202.58
3507,101204.36
3508,101206.14
3509,101207.92
3510,101209.70000000001
3511,101211.48000000001
3512,101213.26000000001
3513,101215.04000000001
3514,101216.82
3515,101218.6
3516,101220.38
3517,101222.16
3518,101223.94
3519,101225.72
3520,101227.5
3521,101229.28
3522,101231.06
3523,101232.84000000001
3524,101234.62000000001
3525,101236.40000000001
3526,101238.18000000001
3527,101239.96
3528,101241.74
3529,101243.52
3530,101245.3
3531,101247.08
3532,101248.86
3533,101250.64
3534,101252.42000000001
3535,101254.20000000001
3536,101255.98000000001
3537,101257.76000000001
3538,101259.54000000001
3539,101261.32
3540,101263.1
3541,101266.21333333333
3542,101269.32666666668
3543,101272.44
3544,101275.55333333334
3545,101278.66666666667
3546,101281.78
3547,101284.89333333334
3548,101288.00666666667
3549,101291.12000000001
3550,101294.23333333334
3551,101297.34666666666
3552,101300.46
3553,101303.57333333333
3554,101306.68666666668
3555,101309.8
3556,101312.91333333333
3557,101316.02666666667
3558,101319.14
3559,101322.25333333334
3560,101325.36666666667
3561,101328.48
3562,101331.59333333334
3563,101334.70666666667
3564,101337.82
3565,101340.93333333333
3566,101344.04666666666
3567,101347.16
3568,101350.27333333333
3569,101353.38666666667
3570,101356.5
3571,101359.61333333333
3572,101362.72666666667
3573,101365.84
3574,101368.95333333334
3575,101372.06666666667
3576,101375.18
3577,101378.29333333333
3578,101381.40666666666
3579,101384.52
3580,101387.63333333333
3581,101390.74666666666
3582,101393.86
3583,101396.97333333333
3584,101400.08666666667
3585,101403.2
3586,101406.31333333332
3587,101409.42666666667
3588,101412.54
3589,101415.65333333334
3590,101418.76666666666
3591,101421.87999999999
3592,101424.99333333333
3593,101428.10666666666
3594,101431.22
3595,101434.33333333333
3596,101437.44666666666
3597,101440.56
3598,101443.67333333332
3599,101446.78666666667
