0.05,0.09,0.077,0.02,0.024,0.014,0.012,0.018,0.015,0.016,0.017,0.7921480039237586,0.5613293724362206,1.1701434371231711,0.8297102647947326,0.9230215889869124,1.0223038113128224,0.212587791868503,0.8077992009037694,0.9332973523331185,0.3086035715072688,0.6686040861142972,0.7264254066466307,0.04973522726670743,0.7845649421975646,0.9702763236992776,0.47275300292471967
0.05,0.09,0.077,0.02,0.024,0.014,0.012,0.018,0.015,0.016,0.017,0.35680283037844895,0.8644933731294128,0.054072143890625264,1.1537230668881746,0.8322102943082149,0.33840750646617535,0.03674309473076467,1.1927095058257555,0.31618360185380445,0.6880429980781442,0.6829178960555845,0.5287865852773179,0.9397888359977985,0.9925629396103383,0.3763674138047264,0.9001939771508327
0.05,0.09,0.077,0.02,0.024,0.014,0.012,0.018,0.015,0.016,0.017,0.2139197336345771,0.43024116958289044,1.0876451353360261,0.4779005340978594,0.031163940009365197,0.2594835813876188,1.0700088534993604,0.1183958032367808,0.3209855907783259,0.9439073992171613,0.2178097358632799,0.8738258006398388,0.4676755958432217,0.8721150970757401,0.17429077304005458,0.8870089548893164
0.05,0.09,0.077,0.02,0.024,0.014,0.012,0.018,0.015,0.016,0.017,0.03690383873219871,0.8642228976986158,0.536453520593077,0.20459378317520208,0.9607836871585868,0.7385174236072656,0.06360820273281251,0.4043811000698814,0.4335650297010284,0.8590091420069088,0.19081968406814298,0.23937947201438037,0.44533487059088306,0.4410927717390045,0.43976223764149225,0.1998381231121652
0.05,0.09,0.077,0.02,0.024,0.014,0.012,0.018,0.015,0.016,0.017,0.9547679664897845,0.8956433257189401,0.9954706532587585,0.25726504241783743,0.611725544281712,0.1573835318345476,0.09323685114856226,0.9471749882542868,0.5423688393306522,0.8392786344869573,0.8783967032767726,0.8808101593249575,0.8215346724163625,0.6791665116396106,0.9353570994455608,0.47148468360355245
0.05,0.09,0.077,0.02,0.024,0.014,0.012,0.018,0.015,0.016,0.017,0.8662798585308443,0.9462117678410961,0.2341862649244073,1.1967075768883932,0.6908525487637075,0.08923883629575692,0.9017124518406107,0.40490739826388156,0.6385206702804537,0.09255327697831528,0.35862462651127525,0.760027424711602,0.9910282030103214,0.9649391354007838,0.16066780644343281,0.1830704587979417
0.05,0.09,0.077,0.02,0.024,0.014,0.012,0.018,0.015,0.016,0.017,0.34213061156559266,1.0359349787844045,0.25563450159510415,0.19991677625334886,0.01020324405221853,0.46403804608757815,0.11763646899595068,0.05115428328087068,0.6985292570647194,0.15756793085437015,0.9237291548494341,0.18296268911008562,0.49568175718834195,0.708359871041966,0.4204526485507205,0.7381120124189487
0.05,0.09,0.077,0.02,0.024,0.014,0.012,0.018,0.015,0.016,0.017,0.18877847628685698,1.0768605990343356,0.875150444639623,0.8099337057089362,0.5357433001946564,0.8642740876741266,0.8743723830032119,1.1649400172137667,0.8743563107033588,0.9517605513093408,0.10699142081841206,0.5694220363691544,0.39785248334203493,0.7875737169888896,0.9856263598559006,0.24561109997985964
0.05,0.09,0.077,0.02,0.024,0.014,0.012,0.018,0.015,0.016,0.017,0.8501826468213479,0.14922825360543812,0.7364340656102827,0.7705890897847302,0.9994086526302692,1.001124516248295,0.4376366901094625,1.0692296439600641,0.583725896323158,0.6086507992634824,0.6718001844261431,0.9919375321833832,0.7794117879988824,0.9483634474856678,0.7716119613591231,0.1464330126018698
0.05,0.09,0.077,0.02,0.024,0.014,0.012,0.018,0.015,0.016,0.017,0.7667263418483293,0.7171672585378771,1.1883409184937752,0.30413671761317185,0.6595400793500165,0.8888648960741387,1.071372192481803,1.026863380378567,0.27542568773376686,0.9711622482848559,0.21135450171925274,0.6312854768803722,0.5154513799695302,0.8508715604697735,0.7631372147350407,0.9911012640277491
0.05,0.09,0.077,0.02,0.024,0.014,0.012,0.018,0.015,0.016,0.017,0.7101487376560756,0.08315996834515835,0.9772930019452614,0.5150347163444378,0.05092923519362715,0.7614227396487664,0.0009160419552258325,0.2150585596637616,0.19258120384347,0.15287615689267586,0.7542243770283337,0.196124866534226,0.6055086983378721,0.902964096196557,0.36118332974998046,0.2765086843735396
0.05,0.09,0.077,0.02,0.024,0.014,0.012,0.018,0.015,0.016,0.017,0.980367795613706,0.5455817227344704,0.5292684615388644,0.3593664016154235,0.2579178985124272,0.4300401006181331,0.5326497350775122,0.5916673723659346,0.9931760181710408,0.6390041304351259,0.41409419477951115,0.0048484295199126,0.7026320917745813,0.036947973633771336,0.4152361088248696,0.5469217692975473
0.05,0.09,0.077,0.02,0.024,0.014,0.012,0.018,0.015,0.016,0.017,0.3332898815160255,0.13983090277570764,0.8560470716232308,0.02915079032468948,1.0427850021527294,1.0784130965327066,0.4952568397968994,0.16273517689004582,0.6199657194755172,0.8991585175873017,0.009178949927845403,0.835570707836477,0.5857264162675476,0.6596419173540389,0.35744413540226605,0.8043497715476872
0.05,0.09,0.077,0.02,0.024,0.014,0.012,0.018,0.015,0.016,0.017,1.1783004617315018,0.8413509674817572,0.47140457733558977,0.7216306424395744,0.6002888905856646,0.025147849551566636,0.5158279659372973,0.3486673059584771,0.3616878670349798,0.35121150671441537,0.46511405091388835,0.7769320282971661,0.2168934682161815,0.009609103458230184,0.39592814942133026,0.8095770628616609
0.05,0.09,0.077,0.02,0.024,0.014,0.012,0.018,0.015,0.016,0.017,0.21660811392033494,0.5054610132931316,0.5893108607398314,0.5157686901365036,0.5591851082820263,0.37904134057670796,0.06596333105751215,0.23534486530633347,0.8933100031133137,0.8100138097077886,0.6074951149205076,0.7647211414664922,0.790357724893505,0.2904956243211443,0.011489753838081929,0.37740643837286847
0.05,0.09,0.077,0.02,0.024,0.014,0.012,0.018,0.015,0.016,0.017,0.09116468990108317,0.5042426832053373,0.14257138042428655,0.32485143240304987,0.7061561887216624,0.6011956385926591,0.2322886815509344,0.7679141518027285,0.04462356080777752,0.4815421116497284,0.49487414521843165,0.6578163128803908,0.8070318806748714,0.4053402833451638,0.8637145071212935,0.1607612336998444
0.05,0.09,0.077,0.02,0.024,0.014,0.012,0.018,0.015,0.016,0.017,0.4552192641098526,0.011385052086679214,0.511008577097197,0.5526187840839716,0.027245587339172327,0.48623354824794685,0.05141571688416193,0.8431165726263491,0.6713592628282857,0.13779221725237611,0.3916057239032954,0.7847212201378243,0.7495482708087693,0.8748700605095926,0.7071944065652959,0.6455196177212907
0.05,0.09,0.077,0.02,0.024,0.014,0.012,0.018,0.015,0.016,0.017,0.36968035176527575,0.8911556093334378,0.5144084771103603,0.953017100859376,0.5428249495419214,0.8376824039818861,1.0715175482525634,0.5314409954399058,0.869343391354255,0.34879119499842925,0.035460501337732375,0.3938704597514914,0.723801200663768,0.3343685045987014,0.4370410301161942,0.8468060243884695
0.05,0.09,0.077,0.02,0.024,0.014,0.012,0.018,0.015,0.016,0.017,0.7484256360916919,0.532543443490206,0.8689493764613666,0.4992620242929249,0.2339875028187373,0.6841643398539413,0.7105499215991269,0.9028854328358197,0.45314862771752706,0.7986126771234104,0.5264229044318912,0.25455995193430037,0.9834032479154382,0.9380735144916684,0.07859993568937296,0.46473242204082865
0.05,0.09,0.077,0.02,0.024,0.014,0.012,0.018,0.015,0.016,0.017,1.1873520717442283,0.16483338377717355,0.20844416379654285,1.1400681844617422,0.9761894536439973,0.0797787228026412,0.3956982812210937,0.7495512868460595,0.26948582118965636,0.8876088495635014,0.25495793474509254,0.9041288153515763,0.7682295951534792,0.599064894529838,0.7801818021335116,0.604715268410951
0.05,0.09,0.077,0.02,0.024,0.014,0.012,0.018,0.015,0.016,0.017,0.2614464261780663,0.5153692885682069,0.5198657045784588,1.1402290756967057,1.015379053130108,0.49652918903359194,0.31007404160480095,1.0916136930533142,0.2121372815880479,0.7570798383938686,0.6293961822615817,0.25852061361203627,0.9811856606292565,0.5692054080079975,0.5919540427056972,0.6234580154214446
0.05,0.09,0.077,0.02,0.024,0.014,0.012,0.018,0.015,0.016,0.017,0.4658449408991342,1.186040588723917,0.5184813999829909,0.11059107624186164,0.5520628881835401,0.21284693976895416,0.8009369625560961,0.9156040239710702,0.40255050729932484,0.5637303152711431,0.3163052013316989,0.37468539457790073,0.5843621234988042,0.6266905249952982,0.45098538758039597,0.19969606095242431
0.05,0.09,0.077,0.02,0.024,0.014,0.012,0.018,0.015,0.016,0.017,0.6008188967105911,0.5190592901116557,0.8322066557300466,0.7769334338446439,0.34863888120710534,0.679502101767173,0.5996045330020583,0.781671453833252,0.23637363051521787,0.8719828242965154,0.4392821509998607,0.9745755778578646,0.3428496934048816,0.7538461959540615,0.9554164735608124,0.5297704372603504
0.05,0.09,0.077,0.02,0.024,0.014,0.012,0.018,0.015,0.016,0.017,1.0393844021167913,0.24575510740605586,0.40177771178306815,0.9920126032377294,0.1543447935911746,0.7949834576674925,0.8518191044268728,0.7174338135911247,0.30177398803568145,0.5575180712127581,0.5320610637320895,0.977070332031943,0.22469425612965832,0.7913895925932911,0.07399153523245583,0.8135953168355533
0.05,0.09,0.077,0.02,0.024,0.014,0.012,0.018,0.015,0.016,0.017,0.10209666455127779,1.0317493176395836,0.65991168272204,0.5818987314734909,0.1957862676034697,0.5193710057553941,1.0995242509055732,0.5305372107879285,0.35212329397681064,0.7206416202858285,0.9912303173816939,0.44341195760513463,0.9490234485811299,0.12393177656413079,0.842970060400868,0.8080000345053695
0.05,0.09,0.077,0.02,0.024,0.014,0.012,0.018,0.015,0.016,0.017,0.25275539286676496,1.138890929877931,0.01828125905358191,0.3974227855507089,0.08927552323613201,0.3397926259626205,0.13738172409260888,0.058137882320890316,0.9556901949313009,0.3231637082764295,0.8967556550429949,0.23430869296992374,0.9550058825196246,0.05988203471936804,0.903544289479838,0.7986677686541604
0.05,0.09,0.077,0.02,0.024,0.014,0.012,0.018,0.015,0.016,0.017,0.23326644069550548,0.4600273624236512,1.0975599561928036,1.0426338376017974,0.48220617278670197,1.1725422662028955,0.3526920789383139,0.17343503861011914,0.5785062338932567,0.27739276636230115,0.709290770977657,0.19210001986318292,0.7816457657704436,0.793294506967323,0.10689199698247764,0.982308273835948
0.05,0.09,0.077,0.02,0.024,0.014,0.012,0.018,0.015,0.016,0.017,0.6938440941190681,0.32552957726917314,0.7835403312429402,0.07163098721641159,0.5877205655135209,0.8104084424693436,1.0496656651854617,0.34588758378513496,0.9094894034239187,0.5108675905817429,0.07612347217703619,0.11099756595701671,0.6361956570209631,0.23836387091340727,0.4462251885576407,0.5430874859590749
0.05,0.09,0.077,0.02,0.024,0.014,0.012,0.018,0.015,0.016,0.017,0.2671197413871334,0.2514293706587552,0.33338146853904654,0.4511364896945136,1.0245662184489985,1.1800175879851424,0.929411894800184,0.0688931540378972,0.6165823259159666,0.21358565479121494,0.4923461243376762,0.8833941192043564,0.2717803527843218,0.9766013297171192,0.45556418919091857,0.42948239101140595
0.05,0.09,0.077,0.02,0.024,0.014,0.012,0.018,0.015,0.016,0.017,0.9612295263684617,0.6866535366635602,0.09984898108519613,0.7108151734261768,0.36277692621820506,0.3531784769780874,0.1922848987275644,0.15835292593337993,0.23342118956809632,0.2529327054420978,0.8227877683869681,0.041303913266504844,0.9201736215792837,0.7796100678560067,0.3938060794281527,0.8845348488320847
0.05,0.09,0.077,0.02,0.024,0.014,0.012,0.018,0.015,0.016,0.017,0.7274753897515894,0.93233679252841,1.188226322187535,0.4957689594415525,0.12557019135997288,0.23381749982699612,1.0334191290503618,0.5326094454042015,0.40623517348076565,0.9729743596592634,0.21980764114165385,0.2971200668140178,0.4803670523746494,0.7214490156826274,0.07461094149336434,0.33571174724725017
0.05,0.09,0.077,0.02,0.024,0.014,0.012,0.018,0.015,0.016,0.017,1.0146598996946496,1.0375816678312673,0.49584439223342175,0.2712793624959118,0.10520543071418288,0.8126536823638182,1.1035263746361377,1.1434359937101273,0.7463751697526733,0.8615530819547385,0.5095511397126081,0.33886630090270775,0.5427134777896176,0.3595407143838847,0.5986740400434137,0.17184482133956658
0.05,0.09,0.077,0.02,0.024,0.014,0.012,0.018,0.015,0.016,0.017,1.0256182373713194,0.06365037253324783,0.39469332592248346,0.6292705659064923,0.08257784318708716,0.5255398713186147,0.8128172728271489,1.0645723471566062,0.9653682050285435,0.6770194243429858,0.2605528927038101,0.925605314777609,0.12013440523203645,0.249844066912012,0.5000029504117964,0.7737536708709286
0.05,0.09,0.077,0.02,0.024,0.014,0.012,0.018,0.015,0.016,0.017,0.5033253957656576,0.21220516019177849,1.0957356770345206,0.6145278257594589,0.44155810312369037,0.7378837898972742,0.786705974931122,0.12374916426012911,0.47453763801229787,0.5543764376422937,0.6634654535734696,0.38399138700763424,0.5905135104177206,0.014898839457552993,0.9452017445701494,0.6469499598332563
0.05,0.09,0.077,0.02,0.024,0.014,0.012,0.018,0.015,0.016,0.017,0.569495952898886,0.6681351567243777,0.07956701562306025,0.4090363861429765,1.1150611813152478,0.6189478475170463,0.5867234924719518,0.022150905852537938,0.7355886660765603,0.46109499690849054,0.3810270833181668,0.7995202260193335,0.3550104473722734,0.16325499922309017,0.8427778372830647,0.6083813459532075
0.05,0.09,0.077,0.02,0.024,0.014,0.012,0.018,0.015,0.016,0.017,1.0181472061466725,1.162648194426331,0.1551174829263771,0.1601524279232835,1.1599563185917598,0.6360707193007081,0.840182229939444,0.8238641702267445,0.05485183026539098,0.7267240893815744,0.4170593827353851,0.4848841430924449,0.6476835499952714,0.33102865246837476,0.8455449229374141,0.7744448538102628
0.05,0.09,0.077,0.02,0.024,0.014,0.012,0.018,0.015,0.016,0.017,0.50979536738314,0.4714301043842384,0.7710406190132235,0.26123254732088924,0.4940648918666714,0.5363177969325028,0.09929710329581906,0.9374883229506661,0.29101064480610084,0.28096407377068155,0.2720849151059709,0.8125838328135537,0.1834592382711414,0.005171249643129094,0.442132594170753,0.1847507219161023
0.05,0.09,0.077,0.02,0.024,0.014,0.012,0.018,0.015,0.016,0.017,0.9703347908093634,0.20215999345544003,0.07434750752667267,1.053343014346443,0.21576245916058817,0.5660067636115659,0.5542060473486989,1.199011226195644,0.45708441561956614,0.39768185468583017,0.14349696294532455,0.30959502120206583,0.9792517641649227,0.9438339035978975,0.9066406618753076,0.1430919412579461
0.05,0.09,0.077,0.02,0.024,0.014,0.012,0.018,0.015,0.016,0.017,0.0021028206164573683,0.1770418647911869,0.7873810324262213,1.193909446897413,0.8716597433273232,0.1737051124800182,0.6329295402561927,0.5940474881147004,0.12387313733719518,0.4032926865537524,0.23989717769437457,0.4414109637322222,0.16241181933889226,0.6891334068992416,0.9919103348407724,0.7090041429701366
0.05,0.09,0.077,0.02,0.024,0.014,0.012,0.018,0.015,0.016,0.017,1.1354072298931088,0.6529853398789495,0.8820712838233911,1.0869584336804152,0.12382593662557441,0.5947616676443884,1.0517320106395527,0.08887227320883197,0.9925607669234179,0.9774913095479023,0.8918445014333594,0.8830234040908447,0.9001797390178949,0.898659898409789,0.7936137498065782,0.494804297197196
0.05,0.09,0.077,0.02,0.024,0.014,0.012,0.018,0.015,0.016,0.017,1.1611125720719566,0.3389716995390491,0.3237832681295485,1.155852235643054,0.1719545774927894,0.277860502133166,0.4772132727081551,0.6191577183759142,0.750542025165449,0.6545824869864708,0.9431695129094027,0.604815027668877,0.022907269261775887,0.09499032283454178,0.4627179013126873,0.25381792625911126
0.05,0.09,0.077,0.02,0.024,0.014,0.012,0.018,0.015,0.016,0.017,0.5933966166039605,0.1260084022393264,0.27715311958602995,0.5671279182502686,1.1042950247457197,0.7123918097651332,0.02685051870217445,0.38832830910798366,0.7967434665632599,0.24359556157237272,0.08250528168850668,0.4559115539661017,0.14712816447103994,0.2238784753583949,0.5104546247961018,0.4584101521309185
0.05,0.09,0.077,0.02,0.024,0.014,0.012,0.018,0.015,0.016,0.017,0.021138443035614518,0.7452181503828799,0.1968493209913212,1.160888794012566,0.5922550686373632,0.48032609001970594,0.7923220300008391,0.2643642187335235,0.9968705275423305,0.7941725357159005,0.8614496705176421,0.6331990683193076,0.001248810916076093,0.18596887862754863,0.23831722475753103,0.9221047896158818
0.05,0.09,0.077,0.02,0.024,0.014,0.012,0.018,0.015,0.016,0.017,0.7579078419574309,0.9960719483505498,1.0209209880902357,0.41976596300561914,1.1835387673939546,1.1621342374548562,0.5194391001883758,0.936876974972399,0.3769947833287237,0.3297449114735237,0.8497121054099317,0.13261657416219896,0.3802876405912192,0.9332331915427425,0.34724356100691023,0.7738138600701725
0.05,0.09,0.077,0.02,0.024,0.014,0.012,0.018,0.015,0.016,0.017,0.23306709857159777,0.48975224013357815,1.0687798550427698,0.8818173551103886,0.07570593006347752,1.1291331240433669,0.6726745500228503,0.12632131718233355,0.9580926417460214,0.5127079137523152,0.22815494914787326,0.6203869995146354,0.027106059042314223,0.22103499189750342,0.2409093478712493,0.3104171633645978
0.05,0.09,0.077,0.02,0.024,0.014,0.012,0.018,0.015,0.016,0.017,0.7671032233123282,0.13863187425106607,0.6855854336089356,0.24100506111784212,0.31559320813470076,0.19241861106904226,1.138044270263111,0.1374367007512444,0.024723637699471723,0.7259510185198734,0.906249285821014,0.17209179752514836,0.28089230627575945,0.8596622667141682,0.8330982137083536,0.8485220128788137
0.05,0.09,0.077,0.02,0.024,0.014,0.012,0.018,0.015,0.016,0.017,0.8091205844623818,0.48116292344113787,0.07288073801440088,0.06492272577606983,1.0142619445690624,0.5969793204165549,0.6538469575266922,1.0348671576539556,0.9823439311378798,0.3586029776527907,0.8154293534395051,0.6463949838554861,0.7007657277699294,0.9861711462487055,0.4909265730634166,0.24900805241516333
0.05,0.09,0.077,0.02,0.024,0.014,0.012,0.018,0.015,0.016,0.017,0.8497470105604011,0.9950895389393922,0.9421093080765897,0.6728375151632986,0.2997046118399512,0.7004961452641015,0.8043084336658299,0.814193293305125,0.6085422633271068,0.4509012030431947,0.2652306650376248,0.966805326638025,0.4381878230624616,0.6929068986660105,0.6183981992405727,0.45549073818220964
0.05,0.09,0.077,0.02,0.024,0.014,0.012,0.018,0.015,0.016,0.017,1.0254534020498431,1.1247298459246124,0.42324461142904196,1.024174454500947,0.37700641700507054,0.29176352860249855,0.18355449485777275,0.21639911664417713,0.49759940627073396,0.29534417183176176,0.7235215450205097,0.43894579483127705,0.842369116162024,0.6059481938441253,0.7206135079076075,0.0842867514451392
0.05,0.09,0.077,0.02,0.024,0.014,0.012,0.018,0.015,0.016,0.017,1.0312790649569161,0.23731193599980238,0.6841189115726948,0.9908778470761095,0.6776037168055574,0.8593098236973974,0.8070153034722252,0.039138675309614165,0.7219744199519402,0.6075746972871936,0.7798450668881035,0.16665551123482747,0.9086600697770303,0.8923486926218587,0.0668378259736081,0.14418277173840932
0.05,0.09,0.077,0.02,0.024,0.014,0.012,0.018,0.015,0.016,0.017,0.30476215131044354,0.9925539331711551,0.7978288885907169,0.5504363897481888,1.0378433406331613,0.06082056552222354,0.06138110697985874,1.069474837437883,0.04505443810351217,0.10451422168434743,0.8777385094441036,0.12066331765059868,0.5636975618771433,0.21521348768751936,0.56232819541637,0.9954841640883196
0.05,0.09,0.077,0.02,0.024,0.014,0.012,0.018,0.015,0.016,0.017,0.8790926929212669,0.4704161115167138,0.7883132998963334,0.9829209132741241,1.0836668583954485,1.1157689748268276,0.9974431236433391,0.5240132977905295,0.045445677519795336,0.31578022303742315,0.036768315479224656,0.8031197382853169,0.3860728742051154,0.38032391435146995,0.2811571194844662,0.20307124570959656
0.05,0.09,0.077,0.02,0.024,0.014,0.012,0.018,0.015,0.016,0.017,0.47535308463036996,1.1978209770942432,0.5242917087918678,0.18746633979551977,0.9019769005857847,0.3282519721022318,0.18306454755921128,0.8368526591818256,0.7100881534398263,0.2188816337964904,0.8100171572536896,0.4108655410770288,0.918211537424327,0.5590165251174659,0.1328398225365658,0.6430491556949903
0.05,0.09,0.077,0.02,0.024,0.014,0.012,0.018,0.015,0.016,0.017,0.17856173465136846,0.24736051810856557,0.09900091107283639,0.22794988879166825,0.9824949099313215,0.5932138637237624,0.05641323989296336,1.0705867698244655,0.2114055047581741,0.14925941680088406,0.5018129585632952,0.12513163870032007,0.5078414876292956,0.363646780153126,0.17299004321308808,0.8604207738347546
0.05,0.09,0.077,0.02,0.024,0.014,0.012,0.018,0.015,0.016,0.017,0.4504754097817869,0.9138994496697059,0.6421924844628847,0.4455391008205709,1.196990669111342,1.1137946459389159,0.21709553010263022,0.058905030838129986,0.6286210950218563,0.9196106469025321,0.9130202919872039,0.19847932995210138,0.9167706685043707,0.9849625187822239,0.5972878326495409,0.6780225736317856
0.05,0.09,0.077,0.02,0.024,0.014,0.012,0.018,0.015,0.016,0.017,1.0428517535372748,0.6762298879441774,0.16418978972752626,0.37938978057539496,0.9259272236596074,1.0150738910432258,0.28547827122524744,1.0145506616898274,0.2602870779181983,0.899505976931302,0.409345857548846,0.4574641021400295,0.4280789476142508,0.5904860968309393,0.06699210309893888,0.07238263711903903
0.05,0.09,0.077,0.02,0.024,0.014,0.012,0.018,0.015,0.016,0.017,0.4792269460873154,0.08818800217088407,0.5011192851435532,1.0569039168589645,0.6771355864003432,0.26837922221098015,0.10546140760322421,0.3345814325926731,0.965131433476283,0.9742918226335837,0.8489538241205195,0.9519610227469046,0.9328145808106992,0.5816969621629524,0.9597782388720104,0.2597401803987839
0.05,0.09,0.077,0.02,0.024,0.014,0.012,0.018,0.015,0.016,0.017,1.0633566881193814,0.21436776107599823,0.1451977398795564,0.5784178036559964,0.8667810994052848,0.37675362505135496,0.020887255477800792,0.5783648396203477,0.6219435952812832,0.4109530890148151,0.17885969059832452,0.1537730316078213,0.5183977351414848,0.4399307292828786,0.2939277898829773,0.46831314266594826
0.05,0.09,0.077,0.02,0.024,0.014,0.012,0.018,0.015,0.016,0.017,0.8369943096549253,1.0990259182367415,0.8921279679285928,0.42967910729494513,0.7939004763935248,0.2945576009445194,0.5545442255899266,1.0038570790914718,0.1787377673856565,0.3439313441125056,0.7266404045813395,0.1761972235066087,0.6455351454439796,0.7762126672930232,0.8071074605080634,0.17425441432254785
0.05,0.09,0.077,0.02,0.024,0.014,0.012,0.018,0.015,0.016,0.017,0.7696293901519875,0.4864163000375763,0.5176439339747639,1.012930494501966,0.5004342537984171,0.32405025929457987,0.8666258792324968,0.4165552824135395,0.5779584715669659,0.3846710893258716,0.8725030242755739,0.7400639865902475,0.6657890487363938,0.23536426160504076,0.547484148288042,0.9835386780136521
0.05,0.09,0.077,0.02,0.024,0.014,0.012,0.018,0.015,0.016,0.017,0.6453360629198418,0.8970750095601692,0.3905213329045048,0.17273286595812518,0.03932895229224318,0.3155077924453978,0.7281052286447934,1.0777144358194135,0.20854498444863867,0.7815869559819933,0.3422692950941024,0.8189933989365418,0.5593864182971626,0.06787744606854595,0.6189839505442793,0.4237365595718233
0.05,0.09,0.077,0.02,0.024,0.014,0.012,0.018,0.015,0.016,0.017,0.09957630230027434,0.0809223814164627,0.0893698456828345,0.08043254494816873,1.0382768751218672,0.4708529882182608,0.7606759497504778,0.3555433591790936,0.8663426106816203,0.5567325264653145,0.3672462304361165,0.16423629822321684,0.7765608412692835,0.9543777328153459,0.5320435655621726,0.2913518011318941
0.05,0.09,0.077,0.02,0.024,0.014,0.012,0.018,0.015,0.016,0.017,1.1738643393487131,0.9958298953727546,0.6633158998025946,0.032342383302335784,0.1825322163668556,0.7469336456981108,1.0518687766752308,0.5247301723096865,0.03166998929149101,0.5923296034979528,0.09517812277273374,0.4207970788072116,0.6755780268370943,0.551638811476997,0.8508233938283755,0.01225826727453394
0.05,0.09,0.077,0.02,0.024,0.014,0.012,0.018,0.015,0.016,0.017,0.3459975650053005,0.46255604655088733,0.7392970467465496,0.47534740917935403,0.977142058674932,0.9549892248988231,0.5076235111669043,0.11085635115584762,0.9038948829536175,0.44454090642557076,0.8788074900617104,0.9888622861866424,0.6546769343183423,0.8195354862890186,0.6932919058841213,0.5803872208022244
0.05,0.09,0.077,0.02,0.024,0.014,0.012,0.018,0.015,0.016,0.017,0.09752427708024015,0.9436202827056567,0.17893578406060814,0.01423002749036928,0.15276657272789043,0.014727419631527282,0.1394189156931094,0.20714504385209262,0.777063207137448,0.536223586655877,0.06432881845113059,0.08565008940202179,0.5495072091721684,0.2702172263429612,0.558344292885995,0.06682002934517739
0.05,0.09,0.077,0.02,0.024,0.014,0.012,0.018,0.015,0.016,0.017,0.8970096431980611,0.26314310207631536,0.07502833305648045,0.4358586349191372,0.7356494238530137,1.1536789343170009,0.1439861676606057,0.6217322238298362,0.6369976667314069,0.39341905207023065,0.10643433796554158,0.09368727149857092,0.5939761251557635,0.28763939193552457,0.022228696554201677,0.33197726606122757
0.05,0.09,0.077,0.02,0.024,0.014,0.012,0.018,0.015,0.016,0.017,0.2783238248917609,0.15236668670287448,0.9363247523315386,0.23953098273852713,0.5352056167009202,0.07922893202514145,0.12794403220857745,0.004499985768478876,0.330207476450449,0.7003345246566557,0.285892231286042,0.612879546167617,0.6344836009957144,0.5357615581622438,0.21532963255365567,0.836043208608163
0.05,0.09,0.077,0.02,0.024,0.014,0.012,0.018,0.015,0.016,0.017,0.9937113202202407,0.6035270727839503,1.1475360927230451,0.8830352797392197,0.31093631220145995,1.1512018694762949,0.1804972599585253,0.07175323823081219,0.5092925737049281,0.8771530102302084,0.32203147562838497,0.40033229143550786,0.8060702939098213,0.030805145233622322,0.6763992009713368,0.36127819744348777
0.05,0.09,0.077,0.02,0.024,0.014,0.012,0.018,0.015,0.016,0.017,0.5968351499045977,0.3586868458459985,0.3051773643214968,0.4508949673522649,0.9074846160846033,0.9072386906756302,0.8522391955587202,0.012250509903278849,0.42751504643527394,0.8464530312487355,0.42226365122857534,0.7762538457729886,0.3009265044369239,0.7392983985338828,0.5972871094108183,0.11078958608909817
0.05,0.09,0.077,0.02,0.024,0.014,0.012,0.018,0.015,0.016,0.017,0.0357267006877306,0.014724440738035804,0.6033467735102459,0.9560346714189768,0.6936101514740038,0.02899779871904009,1.1428931704120158,0.3717704708447247,0.2735726229031178,0.3975255548468508,0.0028541297480239036,0.1564627137154887,0.05387260569564556,0.5441620942986137,0.04219539596589961,0.39963827432177557
0.05,0.09,0.077,0.02,0.024,0.014,0.012,0.018,0.015,0.016,0.017,0.7476423819762302,1.1087659479576868,0.16091278014240287,0.260477931000136,0.682208940455172,1.0607416821606428,0.8957503572644319,0.37491915584584595,0.7700098904762748,0.1330974475654736,0.6363725228511438,0.6947791003418994,0.4145927223973497,0.01873905248477936,0.5521720820598048,0.8220235557077807
0.05,0.09,0.077,0.02,0.024,0.014,0.012,0.018,0.015,0.016,0.017,0.46525583860214037,0.971625635637978,0.38526219150297464,0.017540173134548896,1.1284914673866562,0.08591011977705927,0.5886734040625257,0.980915217896813,0.9148901821723379,0.6222976941851557,0.6876106974744706,0.565635208590205,0.07752773374972965,0.22462697294573164,0.36346515588395156,0.3281327447726784
0.05,0.09,0.077,0.02,0.024,0.014,0.012,0.018,0.015,0.016,0.017,0.49497608513243957,0.5593046704973469,1.1981256131101108,0.8397478381779933,1.197586586285322,0.25370196311556253,0.9480841850775001,0.13659586455687434,0.5815598633911196,0.2198443771320474,0.2089326366596368,0.7123375417689779,0.3555180978945882,0.6810289738539426,0.5091720999536975,0.8989152319371111
0.05,0.09,0.077,0.02,0.024,0.014,0.012,0.018,0.015,0.016,0.017,1.0273149597744706,0.5362193272027531,0.10330407832510624,0.7404578005521302,0.01650538222870237,0.3282830849824746,0.9536162193575963,0.9992962884184757,0.602741692940932,0.11598217086988094,0.3006844688557888,0.820574870003887,0.2937673594798622,0.5322039216417414,0.2494436321328043,0.23854844967170685
0.05,0.09,0.077,0.02,0.024,0.014,0.012,0.018,0.015,0.016,0.017,1.0438504329881588,0.1310956456539177,1.1242528723756902,0.676340512465937,0.3805856626049226,0.18037056669923066,1.1705801190773024,0.806852912877799,0.6254293233913196,0.646256028857566,0.9298149095188161,0.7001636116181946,0.9197203141000144,0.6133761383283813,0.7229285492037665,0.5823945216658941
0.05,0.09,0.077,0.02,0.024,0.014,0.012,0.018,0.015,0.016,0.017,0.41803887354769725,0.786212946585162,1.0650826248454166,0.24980238691022527,0.5064454838628635,0.6907023669680427,0.8474182654835664,1.184095511241236,0.6332728784972708,0.15586707655201082,0.8729609791827211,0.9983935298147,0.7709267170598071,0.8379060120641623,0.2856376367120762,0.19003006568858183
0.05,0.09,0.077,0.02,0.024,0.014,0.012,0.018,0.015,0.016,0.017,0.3207329008314596,0.43823059687889726,0.18019729420085326,1.0711306522015143,1.0081008170364227,1.1159861544005099,0.9795380063988449,0.4901765644685137,0.06724916181581708,0.32502685622840766,0.9158643474369307,0.28538208031036816,0.09364780286859298,0.05626190962217481,0.5726478382928083,0.8287320827468166
0.05,0.09,0.077,0.02,0.024,0.014,0.012,0.018,0.015,0.016,0.017,0.22595045187731805,0.999246660348027,0.4983170343541705,0.16746586223488494,0.8790974200965812,0.6199618555546637,0.26678905124909336,1.1697126247314285,0.7528222488881254,0.7381746701377604,0.3726979571771447,0.18826973451220796,0.433596480063143,0.353786995170031,0.211550422620142,0.4621398129317634
0.05,0.09,0.077,0.02,0.024,0.014,0.012,0.018,0.015,0.016,0.017,0.844017834889092,0.006592570206660975,0.5362909200566811,0.18542729200824531,0.5059644746341586,0.3987386635508483,0.45309469709657435,0.5798176704728294,0.5799919869274169,0.29171451177118946,0.3260733125139377,0.5804189547699378,0.08713024005971515,0.8560285380771309,0.08534080346354544,0.14117410901977434
0.05,0.09,0.077,0.02,0.024,0.014,0.012,0.018,0.015,0.016,0.017,0.5783200506921077,0.48569555507534745,1.1249233682259914,0.7820052690420954,1.0051030560411949,0.24756924244818548,0.9485194120459378,0.5923803127692925,0.6339567133993584,0.05769613001510365,0.9159366485155194,0.6591842857165262,0.26260095956381946,0.5046591322211281,0.46878354935823474,0.8021285564585572
0.05,0.09,0.077,0.02,0.024,0.014,0.012,0.018,0.015,0.016,0.017,1.0471651962418456,0.6863143794396446,0.04682142306017294,0.6542242112767602,0.9898258879325394,1.0013545519379086,0.7998064810426494,0.7135527282908439,0.49031670752181833,0.6031815837426804,0.008318020825457295,0.582021688111352,0.18425735437316204,0.5051084423252887,0.8911159544199841,0.3287041172165752
0.05,0.09,0.077,0.02,0.024,0.014,0.012,0.018,0.015,0.016,0.017,0.10291339584486203,1.0235701472256387,0.2754915253375008,0.8982264992686214,0.757520343993368,0.8611732846456024,0.6909846552636795,0.36186504043293954,0.6612404871607419,0.4448272337667101,0.6658681780729415,0.356428766578367,0.8116296562537352,0.9326025727087353,0.4721091344736946,0.3924234178328978
0.05,0.09,0.077,0.02,0.024,0.014,0.012,0.018,0.015,0.016,0.017,0.042617755562331314,0.9800171455873381,0.5421892743885199,0.7221108403069141,0.056190923878597095,0.20538209585819622,0.8370893873787543,0.9832116933776436,0.20966326904598598,0.648188914503704,0.7780226062992004,0.16212868177420747,0.43934633287205216,0.4248021625747048,0.9909154525926722,0.4701596208121539
0.05,0.09,0.077,0.02,0.024,0.014,0.012,0.018,0.015,0.016,0.017,0.47596897277568023,0.35036916548492547,0.22897009831029352,0.34806151834707927,0.3321823251321988,0.8709259618291352,0.07927905421193233,0.536367478032571,0.22193989772002898,0.9547611581185529,0.678867971389503,0.8743278726365068,0.8188155029910267,0.7898207402552502,0.5390709427806002,0.596003174509164
0.05,0.09,0.077,0.02,0.024,0.014,0.012,0.018,0.015,0.016,0.017,0.6517530038705676,0.47281104953898123,0.7343081491014468,0.5457593042397048,0.03306676733664369,0.21771123580120968,0.9221896494424511,0.8770693944938148,0.6961331033986926,0.18509159651944462,0.895331600717085,0.28772744015027363,0.7043899543992619,0.5490987916408159,0.25681054005130477,0.7087210606277237
0.05,0.09,0.077,0.02,0.024,0.014,0.012,0.018,0.015,0.016,0.017,0.2186677866788492,0.8287385862455258,0.6257087860886865,0.7438711131106214,0.7567334266232572,0.34059452128256923,0.3687610736575923,0.2718138846178516,0.9220264969649803,0.05745494592938882,0.8481538114012469,0.14091601750158278,0.45656126140645437,0.9834176475274091,0.13958341578661027,0.33838995168768693
0.05,0.09,0.077,0.02,0.024,0.014,0.012,0.018,0.015,0.016,0.017,0.6836889576422831,0.40367402527284435,0.5297554049983614,0.236598137504606,0.9693849002428154,0.49069964618023665,0.7220128416590149,0.27581852554585523,0.9861170661765347,0.9597262154881326,0.854755231610706,0.2890684385512722,0.03987721716365633,0.23591728096122766,0.6032920090287551,0.5193267380247119
0.05,0.09,0.077,0.02,0.024,0.014,0.012,0.018,0.015,0.016,0.017,0.004679964983007911,0.08553345306283351,0.07765213337171292,0.22589416069649743,1.1802940351378233,0.6716265507146527,0.7197987104888909,0.38317698280431817,0.9262228016979352,0.7614874419183484,0.03469381404105931,0.7678939651659279,0.5719894904868987,0.8367247727101906,0.8187373394056724,0.6378218965892645
0.05,0.09,0.077,0.02,0.024,0.014,0.012,0.018,0.015,0.016,0.017,0.06532267772491086,0.9366149463010243,0.9432949233163086,0.13635441421561073,0.647094929689544,0.7133530584325335,0.5841391537352681,0.6887229753405087,0.3682818725976962,0.9824014649180028,0.9138304519504579,0.09812144443624904,0.0007038083009116569,0.745354404132001,0.4582191769136197,0.8651091206700176
0.05,0.09,0.077,0.02,0.024,0.014,0.012,0.018,0.015,0.016,0.017,0.5919326493720786,0.6354548692900741,0.9329362099010136,0.08071660118451297,0.5000359567895294,0.19398229172773698,0.20118620864863077,0.7820190607163812,0.26061539840656134,0.7126940783544088,0.9000635643671288,0.08682352716285602,0.9824993337607162,0.6974812785784036,0.7084503111616142,0.37746877889474617
0.05,0.09,0.077,0.02,0.024,0.014,0.012,0.018,0.015,0.016,0.017,0.7189624907738232,1.1482542249235745,0.7613682400353164,0.9338838801679699,0.8701616326534304,0.9628351782068362,0.39195434097786763,0.23338301529088684,0.6460463450632358,0.29736413880477663,0.34293997399668263,0.5608243319933222,0.83506301465447,0.3155192439202481,0.1567196649472058,0.742954685694554
0.05,0.09,0.077,0.02,0.024,0.014,0.012,0.018,0.015,0.016,0.017,0.11751901830529818,0.8933320232815967,0.6518068141467456,0.08771240765543942,0.02833951373311758,0.7891031556947797,1.0102046424095847,1.0570529069309276,0.6225753039207704,0.9441385769145506,0.7323254425111653,0.9527977988303602,0.6490434877299351,0.4354595219471875,0.7623512194290789,0.8055861471888366
0.05,0.09,0.077,0.02,0.024,0.014,0.012,0.018,0.015,0.016,0.017,0.06339743980475761,0.7561368356326075,0.3557301047664386,0.5066639451650328,0.9205022135922504,0.22686450763633836,0.5754506747136072,0.6674134720003085,0.8596597517825708,0.020647577511229698,0.5615582702072759,0.07076069801207052,0.5746628774461228,0.0650828072682148,0.9831311497910815,0.06389291386946372
0.05,0.09,0.077,0.02,0.024,0.014,0.012,0.018,0.015,0.016,0.017,0.9332369457322477,0.5318424718949312,0.6527173772359741,0.39937813444132214,0.2828912952108108,0.24946069524228037,0.8896615212095883,0.7755533390720536,0.11841104547273362,0.7487437134245886,0.6277584165336145,0.12320090909122072,0.3618095377459213,0.8398540702383877,0.7434151249920656,0.7157252920525727
0.05,0.09,0.077,0.02,0.024,0.014,0.012,0.018,0.015,0.016,0.017,0.8860154875665814,0.9501746753196207,0.8426506160466647,0.7951640906453772,0.015901687800937526,0.41325439146174475,0.9076811235488614,0.2549443447360195,0.8630449626758149,0.9975316930963118,0.5931880490330567,0.7385667267606211,0.17051895757196733,0.6824886250569313,0.9097053835786302,0.08942337772412634
0.05,0.09,0.077,0.02,0.024,0.014,0.012,0.018,0.015,0.016,0.017,0.52415746856492,1.1464926306449346,0.1274264442450883,1.0881981654758128,0.5383788806278438,0.9930555856540529,0.27535398581643183,0.32007259411555555,0.3705466226294927,0.19984235633930003,0.8639019440751399,0.9831684781757133,0.744041523382795,0.649815807893054,0.38933138452605254,0.872942729253746
0.05,0.09,0.077,0.02,0.024,0.014,0.012,0.018,0.015,0.016,0.017,0.6788237857862272,0.5037919965919195,0.8332390188104498,0.3948417364275265,1.144806468308592,0.9763736370351876,0.10606983841302883,1.1675411568554424,0.7509520761212595,0.24152296781705196,0.0596610970014666,0.9414175921969337,0.9879208484413056,0.943910035702476,0.5263779337928345,0.08764294417723517
0.05,0.09,0.077,0.02,0.024,0.014,0.012,0.018,0.015,0.016,0.017,0.8022671254749135,0.6803047068320468,0.3323913034424846,0.3016184148197936,0.5157882410252673,1.1532498725496128,0.6179961734610477,1.11892287188811,0.7503551595240135,0.7256979959414337,0.4874963488107832,0.8357176721942716,0.8636211920941711,0.14530715368270852,0.8693396303479983,0.7191043806187011
0.05,0.09,0.077,0.02,0.024,0.014,0.012,0.018,0.015,0.016,0.017,0.5465311552916446,0.5432546030910673,0.546876524029226,0.8818078619104135,0.3647296467301593,1.009268952566857,0.19858228034069425,1.1467948052437453,0.4845289330008946,0.5953040071294158,0.18376489973476218,0.5744256516175613,0.7219258547849775,0.8769234030466284,0.19304326346529976,0.2819538997684038
0.05,0.09,0.077,0.02,0.024,0.014,0.012,0.018,0.015,0.016,0.017,0.05455395509626535,0.7620354941669422,0.07224714467947128,0.7597757914622479,0.7613590919684641,0.6634832835326041,0.015803347103794118,1.1012276024459946,0.4491011078937832,0.6134153372644254,0.261437815356673,0.2819277129812372,0.7943028311964527,0.1734824908674757,0.46502602805367554,0.3780549419584258
0.05,0.09,0.077,0.02,0.024,0.014,0.012,0.018,0.015,0.016,0.017,0.14088569605282455,0.3861010777731382,0.4333971763220861,0.6080185078409998,0.7819084639281172,0.21767097817217398,0.7889486220677814,1.0999498746118372,0.605492308688748,0.06973741508022613,0.755769803755668,0.3080086930353505,0.7234050793433824,0.14017162646878767,0.7257093428148401,0.07762597827638562
0.05,0.09,0.077,0.02,0.024,0.014,0.012,0.018,0.015,0.016,0.017,0.2571208569444793,0.3442706553300674,0.7007047013232328,0.097474690520413,1.0604702533244421,0.0944980346586743,0.6793150997944452,0.9989991612272238,0.4215743413376878,0.25824156570584733,0.5005863579429963,0.40271601861972295,0.8462221332823372,0.685183339568136,0.9370479793198241,0.4223221167049237
0.05,0.09,0.077,0.02,0.024,0.014,0.012,0.018,0.015,0.016,0.017,1.0800199746862307,0.6929503682412681,0.9333318201240212,0.41501011846178737,0.31891942047388655,0.32565425454853686,0.5509336456528173,0.05305236341169883,0.3310681440533597,0.8540467655019583,0.4722575346089152,0.5762548395934536,0.31255131459404784,0.1177141584292748,0.6368876074517197,0.4526729129197544
0.05,0.09,0.077,0.02,0.024,0.014,0.012,0.018,0.015,0.016,0.017,0.7338427892605293,0.26452804700825844,0.053773076523276675,0.35246362763965755,0.4017359106207282,0.42757280644830387,0.17589331170121114,0.1508799452153704,0.12074125454791995,0.20831301323589935,0.3173719385619158,0.9840504876842029,0.8162450814229192,0.6358560819567506,0.08236058937528978,0.05503552219638508
0.05,0.09,0.077,0.02,0.024,0.014,0.012,0.018,0.015,0.016,0.017,0.7106501550073956,0.32319278700424997,0.46709218857659024,0.22662701193169468,0.008827049038014722,0.5357398048942277,0.7306715849965955,0.6497813249331784,0.03462636481154635,0.3851805838364629,0.27149015401698495,0.5618208309101074,0.7719126313463611,0.6125822424501205,0.667864966135986,0.16460816245240095
0.05,0.09,0.077,0.02,0.024,0.014,0.012,0.018,0.015,0.016,0.017,0.5982565630534438,0.7003422254475373,0.5168078784031108,0.7459486655653139,0.28044549916366057,0.4827391407669042,0.016809025560084522,1.1574332714365347,0.3885954063010332,0.8534344756333588,0.46354924265644315,0.1359156495535051,0.5931007255626507,0.37925607666208627,0.6451260828905965,0.4994260677124671
0.05,0.09,0.077,0.02,0.024,0.014,0.012,0.018,0.015,0.016,0.017,0.6106635406364679,0.5105422832647043,0.53657157260819,0.7939670725894027,0.18569561462124431,0.9415705962986649,0.7327745347294868,0.34057884501115043,0.6021574096020149,0.395354186036606,0.5609576962151447,0.2638732156671423,0.9750120453224188,0.8808940028373248,0.41700650661343297,0.2563656511456377
0.05,0.09,0.077,0.02,0.024,0.014,0.012,0.018,0.015,0.016,0.017,0.3236912834121789,0.0958962906232065,0.34137643319239946,0.13727859679877125,0.8217375548547803,0.8891123792430812,0.6325500982178415,0.8425257162908889,0.6437990023927518,0.04275280625682332,0.8314736281479926,0.7690681220319767,0.18455316587082582,0.4031647716046872,0.0033149113861211665,0.6533353148495846
0.05,0.09,0.077,0.02,0.024,0.014,0.012,0.018,0.015,0.016,0.017,0.813253117340849,0.938004718863614,0.7372924806910974,0.3132791803041371,0.5160676548064895,0.8266929786183125,0.9297860514801315,0.40916900801568584,0.9454707659007893,0.42763142007221655,0.8944100473278546,0.6354022397974498,0.8193656650738492,0.5628453982043394,0.13719459247623333,0.4781372139716147
0.05,0.09,0.077,0.02,0.024,0.014,0.012,0.018,0.015,0.016,0.017,0.5081399566120196,0.3695707807515261,0.6782998275920693,0.954266854081967,0.7747262283061143,1.1845856068277993,0.21697996060874128,0.10007009089455345,0.9296444159892269,0.7170833399162305,0.3859960833686945,0.6016875109101527,0.4193582134766425,0.49568660841515577,0.10202215003587745,0.7187514730685017
0.05,0.09,0.077,0.02,0.024,0.014,0.012,0.018,0.015,0.016,0.017,1.080178914952901,0.62662354606915,0.6089328098149414,0.9554029902108543,0.0706920441895591,0.6055967095175043,1.179711118813083,0.7298995145793407,0.8572649643418501,0.938310877382369,0.8805175216392876,0.7673763425393052,0.07754010727742633,0.03061871536416827,0.7211537509183575,0.7458869203474631
0.05,0.09,0.077,0.02,0.024,0.014,0.012,0.018,0.015,0.016,0.017,0.12196064235653971,0.5865824842182799,1.098732007010433,1.014842065997352,0.7739929166795708,0.08909817522232122,0.5307241991451658,0.0582952641034657,0.7162763878871329,0.010917963827850263,0.7968971513175227,0.5253451273081855,0.08268502431668145,0.7330696441461868,0.7588014317313526,0.7225878149409156
0.05,0.09,0.077,0.02,0.024,0.014,0.012,0.018,0.015,0.016,0.017,0.39979576187485205,0.8294716803195678,0.3247095473231769,1.1030102728953,1.0027446318673372,0.05596450141570921,0.6212922540829965,0.09118738308515546,0.9604919568184036,0.97247223356002,0.16404963785773308,0.9938761893586981,0.08719351784307905,0.44004897721744696,0.21671477304324083,0.46493541965331664
0.05,0.09,0.077,0.02,0.024,0.014,0.012,0.018,0.015,0.016,0.017,0.7673211874938252,0.7929237854287993,0.03206592863848394,0.04524259970626127,0.6153896445086007,0.6161011783321634,0.283359054978831,0.6068861937820794,0.5390290199632323,0.2249073325679639,0.13727522792556424,0.47997550362599184,0.6759886646576808,0.7466858977251953,0.13564738076305605,0.3434146754699051
0.05,0.09,0.077,0.02,0.024,0.014,0.012,0.018,0.015,0.016,0.017,0.9124883427556603,0.694083290053162,0.5610492505835709,0.53400095363179,0.8234228887083365,0.8668424097821781,0.8586391936093688,0.8625227524831471,0.0791110122565103,0.6225795719035109,0.5864417021348918,0.6893277957185503,0.9682305735179644,0.7448096222175612,0.913763466264737,0.6125878089348533
0.05,0.09,0.077,0.02,0.024,0.014,0.012,0.018,0.015,0.016,0.017,0.5363810108262533,1.1338213642766632,0.19039350473443054,0.7621855840080172,0.48927530345578063,0.4887817886952344,0.938283409356151,0.6174832467138619,0.3883460177105402,0.18982385002083657,0.7563101866240295,0.02480024867969577,0.2900848728092006,0.731295257920545,0.01266870424538069,0.7643494330216811
0.05,0.09,0.077,0.02,0.024,0.014,0.012,0.018,0.015,0.016,0.017,0.33563379184989073,0.8461946929556688,0.5192407962328701,0.4872807016685874,0.3350167561829385,1.059077527844887,1.057214520169666,1.1646437278557678,0.11359922185893445,0.7173722690165931,0.8555356339626613,0.5847330406774771,0.9157593582910162,0.47602555954923453,0.11728627977545303,0.9343226028032182
0.05,0.09,0.077,0.02,0.024,0.014,0.012,0.018,0.015,0.016,0.017,1.0461767469800165,0.41446031396521027,0.20864729914245064,0.3503704296682556,0.8395518205192941,0.2606405342241904,0.10603266713556984,0.46616218543980303,0.1860325078944246,0.9729501918378431,0.512561474439264,0.8453724348377883,0.655526840046999,0.5214812272002429,0.8748558679681887,0.5989509110053031
0.05,0.09,0.077,0.02,0.024,0.014,0.012,0.018,0.015,0.016,0.017,0.4993390021020896,0.23166315407519056,0.38314203125315704,0.4843376946161704,0.47643306169317934,0.968392272000015,0.014299085899675788,0.648863026138715,0.19050275824997676,0.373975942775278,0.2813692762155293,0.8361664988476843,0.6675350389500805,0.42846180888776786,0.15208107003069427,0.9323084756067549
0.05,0.09,0.077,0.02,0.024,0.014,0.012,0.018,0.015,0.016,0.017,0.8119226503119374,0.32586841415443396,0.16042381783223839,0.46986469050778196,0.8603949422500989,0.36420180025675936,0.7780273134959625,0.07390291979805293,0.7792372100141345,0.868852369151651,0.640725785972891,0.7273422670031097,0.19971783903384843,0.16271536241939388,0.04039330958195009,0.267541541212841
0.05,0.09,0.077,0.02,0.024,0.014,0.012,0.018,0.015,0.016,0.017,0.1319978827969619,0.012028498119276154,0.04115186037830121,0.8576363173052626,0.5207401398320125,0.1551454449266189,0.14592869131120292,1.075255705044184,0.8522160872896748,0.5658129833983815,0.10223928270881544,0.985516479045193,0.616035893105093,0.738359616256939,0.43827942828524724,0.4474835566507407
0.05,0.09,0.077,0.02,0.024,0.014,0.012,0.018,0.015,0.016,0.017,0.7222380665441268,0.6979743586979185,0.23028813780635085,1.025113444438382,0.4531733410363518,0.4598964587199073,0.5565485999537446,1.1777132570085052,0.862146097520406,0.3722395784655207,0.31054321514302563,0.3374095144270248,0.8945202502531114,0.1745892960023755,0.96286737275283,0.9799882348020267
0.05,0.09,0.077,0.02,0.024,0.014,0.012,0.018,0.015,0.016,0.017,0.6350697858762384,0.007253241932505049,0.10917588440592389,0.4079718495834677,0.22909200847226638,0.36095127943781224,0.5833289115322736,0.12084040432322771,0.19154096858889247,0.538562636054158,0.9581467949545877,0.9070084101555609,0.9369781771443542,0.5305251300719214,0.8744205331250765,0.8131326346420573
0.05,0.09,0.077,0.02,0.024,0.014,0.012,0.018,0.015,0.016,0.017,1.1508197917288057,0.02274103294110441,0.368404541551791,1.1401243510288979,0.6073694543975979,0.5326121095977278,1.0052779877434361,0.43127649068195667,0.7311545906005873,0.8995900949777752,0.08677807802989868,0.9446839474448807,0.5514279344935369,0.38951856751765723,0.005958549613544917,0.89980560813068
0.05,0.09,0.077,0.02,0.024,0.014,0.012,0.018,0.015,0.016,0.017,0.6055567925208682,0.9879622772922414,0.538264014896571,1.1356163960289594,0.34970259941820614,1.1474874925848946,1.1593707722367674,0.6882914600326191,0.34070275980734865,0.6221783104497652,0.9777248412461282,0.3881616994395862,0.39510019204589153,0.21419156333592448,0.9914228880051169,0.3879633314878054
0.05,0.09,0.077,0.02,0.024,0.014,0.012,0.018,0.015,0.016,0.017,0.894971498196363,0.00924395251865988,0.04514967994374506,1.1901000224267484,0.013656640282161224,0.00501498859241174,0.0015668785001475615,0.948598478132317,0.10948716573535977,0.8672542748223824,0.6690752667355608,0.5888090311726768,0.23293829415233358,0.9077704056077806,0.9436941059681441,0.547288236800652
0.05,0.09,0.077,0.02,0.024,0.014,0.012,0.018,0.015,0.016,0.017,0.9755764379111467,0.030681551563434883,0.36343908198841507,1.0786605183648916,0.20589643005825814,0.6602453369724495,0.08016983863032574,0.3588397063863128,0.44897226189385087,0.6751210834970574,0.5296024913659781,0.8306307024490115,0.2609204976010915,0.7948444951795756,0.3125160727219801,0.46522164322463044
0.05,0.09,0.077,0.02,0.024,0.014,0.012,0.018,0.015,0.016,0.017,0.8498539257155222,0.6943024593014199,0.7469845481365588,0.8913973974361968,0.21283144685663272,0.16935950803465646,0.9872392059107366,0.11944751397234449,0.5514829250169297,0.6183957038841318,0.42827173718460787,0.9329074754242747,0.10166401545909654,0.8222573698589296,0.6910695383941428,0.38874406249097737
0.05,0.09,0.077,0.02,0.024,0.014,0.012,0.018,0.015,0.016,0.017,0.30509788905210333,1.066159417220681,0.057781078399694104,1.0540278221411006,0.9106106932633511,0.48714435744725704,0.18429085338916534,0.4214180212019874,0.8466246658183445,0.3599544785546014,0.3398415719536019,0.7931171042845179,0.31465875797501885,0.07218223452872408,0.23469725253614315,0.19666522101966
0.05,0.09,0.077,0.02,0.024,0.014,0.012,0.018,0.015,0.016,0.017,0.3237260322047633,0.08558258446375556,0.551647436306301,0.03452998080228724,0.4224206212182079,0.5771288675559276,0.8396769363250631,0.5091005863566498,0.04170015264617999,0.5764720702765469,0.11394709650931567,0.7196525871508961,0.2527196991045625,0.27248006700779925,0.5941032056314924,0.9909651769905555
0.05,0.09,0.077,0.02,0.024,0.014,0.012,0.018,0.015,0.016,0.017,0.4359553979454059,0.38119472693521966,0.4676521438452921,0.02156791199227004,0.766886410620825,1.1261298254258327,0.9108343934334937,0.8499166592430183,0.3856034853435849,0.1013086682390072,0.2462898102110631,0.5701299745554966,0.7438770225392329,0.8367602453902127,0.39641587255993893,0.7877223224741574
0.05,0.09,0.077,0.02,0.024,0.014,0.012,0.018,0.015,0.016,0.017,0.2583854580842174,0.015093289701297107,0.1158929333523916,0.9285050251018313,1.144982111917447,0.8798009031749188,0.27410516792133305,0.045861582420111624,0.6380938667212803,0.5644176323522362,0.5697455500285235,0.9363194046962647,0.9262556154241905,0.3985154650093611,0.02634751821581993,0.8249558324057188
0.05,0.09,0.077,0.02,0.024,0.014,0.012,0.018,0.015,0.016,0.017,0.5049456108722504,0.8137990998704336,0.09439983742563109,0.16527393084819691,0.07612347297885651,0.07087034257007283,0.5857661964794537,0.05830597040536034,0.9078990364241537,0.857500711871625,0.7481244572323228,0.8896497662204181,0.03785370951667122,0.7066113301308675,0.6743569019649919,0.8154499793771465
0.05,0.09,0.077,0.02,0.024,0.014,0.012,0.018,0.015,0.016,0.017,0.8417552257294264,1.040730323439982,1.0316935737861104,0.9805176883530389,0.760032517258577,0.4218849405497504,0.46714105418875546,0.31247129170998766,0.573184820573763,0.9909391998370863,0.5006807111366758,0.35438471289164997,0.3951119448490813,0.6308521302396017,0.41592271380756485,0.712214289404168
0.05,0.09,0.077,0.02,0.024,0.014,0.012,0.018,0.015,0.016,0.017,0.3736915003079947,0.06068092298957701,0.6683795556663384,1.062425131604079,0.5238864479262023,0.5048403377689076,0.22968504060148648,0.35962967348117486,0.0398894709676596,0.06975705807290011,0.910831130455046,0.8631239404071843,0.8137034374105816,0.6791830623427858,0.06430684483674465,0.5714337761695278
0.05,0.09,0.077,0.02,0.024,0.014,0.012,0.018,0.015,0.016,0.017,0.9310613000877609,0.0855593310718457,0.7842466655713334,0.30096321253797687,0.14226029106078433,0.07619829246251698,0.48104382021044867,0.2671188592800385,0.46152702356856024,0.5009634002699949,0.7157961855064949,0.766996243649234,0.23140361258343078,0.6470305384160149,0.25107974849444004,0.6979884195755028
0.05,0.09,0.077,0.02,0.024,0.014,0.012,0.018,0.015,0.016,0.017,1.1551464478881377,0.6121557253714115,0.2446556418481343,0.6938735052945362,0.10943237343093139,0.759387270006001,0.16911932958197187,0.8505948431914048,0.002996036321004647,0.7233401365657264,0.6831648310106139,0.875236297111467,0.8929371042757698,0.7206508374654123,0.2248172441631674,0.18366370028467738
0.05,0.09,0.077,0.02,0.024,0.014,0.012,0.018,0.015,0.016,0.017,0.3118188599339032,1.1329870783124243,0.7622807826198063,1.124199324977181,1.0373919745439635,0.4731725095115943,1.1793023510063876,0.7636587222932598,0.823069956974727,0.207702386817329,0.4583483873515054,0.9434846975959214,0.10569315644765431,0.5010980623788386,0.4063822381340835,0.3091868571598737
0.05,0.09,0.077,0.02,0.024,0.014,0.012,0.018,0.015,0.016,0.017,0.5161314579167416,0.03426523235980552,0.12821874231537103,0.652829553498084,0.41416821232676854,0.9151950923662447,1.1033610242960201,1.1737427746212408,0.3051192721709939,0.6670560201399802,0.2699592581535074,0.224301089399928,0.5940188929088105,0.685840742868781,0.4255384505224573,0.5908618092173493
0.05,0.09,0.077,0.02,0.024,0.014,0.012,0.018,0.015,0.016,0.017,0.472796890961267,0.8419357409165963,0.6935453349101721,0.34894845758571796,1.0169375308683517,0.47718867032253787,0.5124905986087499,1.140940830980508,0.5247318515563221,0.33093396424106547,0.5575543648122422,0.7663074413029513,0.2667200503196431,0.525048688747083,0.013500772914820991,0.556456378812028
0.05,0.09,0.077,0.02,0.024,0.014,0.012,0.018,0.015,0.016,0.017,0.061668995711272954,0.28555683702897877,1.009022459510624,1.1909375928868717,0.11765238961990598,0.5253828231280405,0.5837199986784326,0.8852803127866552,0.24992415231213283,0.8586346387293369,0.697411361772392,0.716407057175932,0.5218426637196653,0.6552857748804101,0.3368003966853368,0.5912600792538513
0.05,0.09,0.077,0.02,0.024,0.014,0.012,0.018,0.015,0.016,0.017,0.31649834329315846,1.1567393794882455,0.7089145264342803,0.5846676349454142,0.17513262918186112,0.10248805931602352,0.7644038677281022,0.31319481327314863,0.5590710598628335,0.3035793743248304,0.36122060906198217,0.7964736953742089,0.32268394018781843,0.2289616971613484,0.9234826561115482,0.8051787664321506
0.05,0.09,0.077,0.02,0.024,0.014,0.012,0.018,0.015,0.016,0.017,0.3008767648927851,0.9252341935642595,0.05895361405206345,0.2825997519482365,0.5459834180046269,0.11123784103364244,0.4659074814518645,0.8503052708093074,0.3338169401056068,0.6773081316284777,0.757512618288559,0.9139280235754598,0.7884990675215083,0.6409531132359455,0.20407301380167564,0.26713357773739344
0.05,0.09,0.077,0.02,0.024,0.014,0.012,0.018,0.015,0.016,0.017,0.2175382623368938,1.1673516790594352,0.3531786038874194,0.34327467557413127,0.22448010300600044,0.4032817034598504,0.42608001144216906,0.6154982435510687,0.4802237858432735,0.6683511671687329,0.34458061392610306,0.06280948655807672,0.5470044136260725,0.41104084995566104,0.13550446660739723,0.20706330438765075
0.05,0.09,0.077,0.02,0.024,0.014,0.012,0.018,0.015,0.016,0.017,0.2730259627448775,0.14970683551300593,0.6447424638663563,0.4410269694750327,0.7440463902139869,0.33304492509250844,0.4600976434499462,0.7351882954358587,0.024896801160348758,0.8342847525659222,0.5889932653604111,0.46866541104112835,0.7206005344799252,0.3049498525051928,0.38986953784248457,0.8152914407881933
0.05,0.09,0.077,0.02,0.024,0.014,0.012,0.018,0.015,0.016,0.017,1.0293131517893432,0.8230781440669159,0.5269144516547535,0.8718604352248766,0.27364829701222015,0.03797687437826571,0.9546204368303536,0.7840652946588164,0.05434885014959401,0.6494332657909467,0.5966845587216412,0.5900767316499298,0.7914610081924851,0.06467893511375389,0.9079647651231603,0.24116200327764947
0.05,0.09,0.077,0.02,0.024,0.014,0.012,0.018,0.015,0.016,0.017,0.5381717946347175,0.9020870714062131,0.050028581060377685,0.41497997896758393,0.028672655208809593,1.1545164360651228,0.8930146711526276,0.606630816667753,0.6214330875100565,0.4320442629609461,0.8913391057113208,0.21795722520624472,0.5747110140873739,0.08766930552566654,0.03286871944937009,0.9442170467164537
0.05,0.09,0.077,0.02,0.024,0.014,0.012,0.018,0.015,0.016,0.017,0.07129112017185295,0.5360522908363465,0.5352114950136605,0.12421250624298365,0.92249055100168,0.5810422954580318,0.8764497938949315,0.11563705138947031,0.9094605339392882,0.5978551398495308,0.4438323394506626,0.36384824113589576,0.49135571276485424,0.4509417054730863,0.08047037717535255,0.141063776291668
0.05,0.09,0.077,0.02,0.024,0.014,0.012,0.018,0.015,0.016,0.017,0.40186585020272236,0.9496136273572613,0.4946311227242267,0.8842703314741178,0.880665890082991,0.2695569505041163,0.6455082860571976,0.20021454717281253,0.8620274814164698,0.17564970973300342,0.8229623899473817,0.613332532425806,0.22888573635192744,0.5310694439258856,0.37260238195275197,0.2596419293754466
0.05,0.09,0.077,0.02,0.024,0.014,0.012,0.018,0.015,0.016,0.017,0.9903934716941738,0.3204439070915402,0.29684899208509086,0.22494625297394102,0.13977005768314052,0.88727232793276,0.6841314671538629,0.8450146236229666,0.9448014217747129,0.31093702503184795,0.5618334097838518,0.6092108278185426,0.14829578571062807,0.10532634285658304,0.08374019790262865,0.6896218309949896
0.05,0.09,0.077,0.02,0.024,0.014,0.012,0.018,0.015,0.016,0.017,0.10714747470476853,0.6628500286361296,1.0725431613422987,0.5703203368919839,0.6465126038465366,0.8956361036916561,0.985789585314687,0.2746354622183405,0.4468002311392889,0.858082140275605,0.1841963064514831,0.573930537702223,0.29925466675556267,0.8432541786386694,0.2646432226370996,0.8153437607778317
0.05,0.09,0.077,0.02,0.024,0.014,0.012,0.018,0.015,0.016,0.017,0.15981808505423747,0.5661224465549574,0.27594083517130075,0.6043363559342252,0.6239814350578591,0.3344454252382418,0.039750332388177066,0.23507056799862588,0.15207197872317313,0.43135970545108715,0.018919271431835027,0.1054995738989295,0.2946007303473138,0.7879417212798075,0.9627531672688758,0.5054724530041884
0.05,0.09,0.077,0.02,0.024,0.014,0.012,0.018,0.015,0.016,0.017,0.10311775611054198,0.8193659396129104,1.0402918265301333,0.16352611100934947,0.39853957246437927,0.010848843645605432,0.01569341149667216,0.3840265932825464,0.8446183443361341,0.18969132032681268,0.790868807632248,0.8900072065496796,0.39316404653696935,0.035915065599776974,0.2853475750643838,0.4065046029275855
0.05,0.09,0.077,0.02,0.024,0.014,0.012,0.018,0.015,0.016,0.017,0.29446047583413404,0.624528642278641,0.1326037756517024,0.7938537630741042,1.0972629831176517,0.911858147000626,1.0473601235974865,0.4182225698773348,0.1664548027993905,0.4809046550137681,0.3283862805250606,0.7190807469959603,0.8675433252757458,0.527330579020589,0.9838033502461757,0.7181751809718109
0.05,0.09,0.077,0.02,0.024,0.014,0.012,0.018,0.015,0.016,0.017,0.8318283165710246,0.8934338259395173,0.22399969208874773,0.6322524178852453,0.029560455481085855,1.1868846103298014,0.9619073900897532,0.6011702748341484,0.20131936371185077,0.4834376549851366,0.9841933592342217,0.628992341924879,0.28643865721951434,0.24890001201815615,0.9875714399191725,0.0746744796699157
0.05,0.09,0.077,0.02,0.024,0.014,0.012,0.018,0.015,0.016,0.017,0.5053130374945515,0.4909379171653476,0.6816850331907153,0.7851967330291505,0.7910340026379653,0.9029750862145601,0.9156291858954811,0.39121714324936174,0.5307652276816445,0.899397756826659,0.5344005108538142,0.5115519368753598,0.49660189197792504,0.3429670748152527,0.524529589241318,0.6970294305235072
0.05,0.09,0.077,0.02,0.024,0.014,0.012,0.018,0.015,0.016,0.017,0.6731465221286305,1.1764598291955637,0.5477677987374341,0.8668800031079623,0.5265084500433702,0.663056435246695,0.5508733736279903,0.0346577790367534,0.8272155529707187,0.021524289918784634,0.46703586400399066,0.5016491164170578,0.3033731506262871,0.025506187027763305,0.4695810804685734,0.4196052989061143
0.05,0.09,0.077,0.02,0.024,0.014,0.012,0.018,0.015,0.016,0.017,0.5381717526452183,1.0435905798760274,0.938776972108236,0.2014851754727752,0.49749953486945786,0.6496275621058702,0.9927758654165195,0.10336751183682331,0.08422748323152507,0.6789350869075869,0.4123697878696656,0.4625903815620326,0.3526127276802412,0.8230273717805762,0.8810962647848731,0.9202895072946163
0.05,0.09,0.077,0.02,0.024,0.014,0.012,0.018,0.015,0.016,0.017,0.7469650169808894,0.7327845190589394,0.740315634709664,1.1197933399143118,1.1306445750158016,0.023448688715671694,0.5923679943070497,0.5043591052632953,0.14956178152627786,0.38422546486859244,0.028651307495610956,0.9877165723651737,0.7972803983880647,0.28082471029726497,0.4681831313035799,0.8529078773995623
0.05,0.09,0.077,0.02,0.024,0.014,0.012,0.018,0.015,0.016,0.017,0.06146858747340826,0.2292376596438192,1.1379491039199128,0.7877403315520982,0.04062909310883116,0.08789797557555835,0.7336207604772744,0.17138951417420983,0.37648500461246626,0.6976703974332257,0.028758091974247835,0.7157787277844158,0.832966107559427,0.5437710581402229,0.052477006485758704,0.8263559515202178
0.05,0.09,0.077,0.02,0.024,0.014,0.012,0.018,0.015,0.016,0.017,0.008412290291348911,1.093479751208245,0.6642475212578166,0.36394149344851484,0.7311166210306106,0.7870082334296516,0.9661463411035115,0.9629514239831799,0.5880953149173238,0.38999177185885625,0.1233984965256043,0.11629492763934268,0.9456551363559018,0.08631872178827726,0.4078856462930913,0.933915327100285
0.05,0.09,0.077,0.02,0.024,0.014,0.012,0.018,0.015,0.016,0.017,1.047212889500316,0.2418235855315975,0.8458429593600383,0.2663034837114294,0.4077930853864067,1.1389194699410001,0.08285399680229245,0.26681845442809093,0.6234258906226974,0.6149685684034258,0.9199067877161788,0.7107671480818982,0.7176026951877861,0.3550599294566863,0.809708703295987,0.6994410608558996
0.05,0.09,0.077,0.02,0.024,0.014,0.012,0.018,0.015,0.016,0.017,0.9052408941344003,0.2029450475710594,0.1412016905490978,0.8709688180980412,0.4592022837894164,1.1401680907003209,0.14774516109955063,0.2381700353331666,0.16782158351457177,0.7489176793033109,0.8128147918920646,0.04703900118005755,0.3691924719185202,0.9979666689115981,0.46447388315837357,0.7265162645392554
0.05,0.09,0.077,0.02,0.024,0.014,0.012,0.018,0.015,0.016,0.017,1.0970172558698494,0.850822024817151,0.23677573283016562,0.40514929558253626,0.6864150142784045,0.38019968036977086,1.1373642482603799,0.05440279750250192,0.5882830708146444,0.5999255847437348,0.46813203782172086,0.672741171043584,0.3746729596098727,0.5652538231173312,0.528660584975578,0.4567144769977748
0.05,0.09,0.077,0.02,0.024,0.014,0.012,0.018,0.015,0.016,0.017,1.1142861085366238,0.5566781255651715,0.41325944563867784,0.047081407039079655,0.19518915774917905,0.2408794248123085,0.9989404867923775,0.03735542875440956,0.6914921262577994,0.033726077305481494,0.9586399431781362,0.3196998400059483,0.3608055158678125,0.6970043857426196,0.5584919626485082,0.5462849177420392
0.05,0.09,0.077,0.02,0.024,0.014,0.012,0.018,0.015,0.016,0.017,1.0289273364586156,0.5133930966782165,0.6305106199653768,0.44178471700656635,0.9156814570462553,0.741611826106862,1.075900330970966,0.6803804504749558,0.33952454941228993,0.9231950159559499,0.9330302180223078,0.9586470634380893,0.5711941068386879,0.6725931309857349,0.814149412789035,0.4547374184458012
0.05,0.09,0.077,0.02,0.024,0.014,0.012,0.018,0.015,0.016,0.017,0.4317837348267067,0.3812213957054356,0.7750347099769639,0.3879331323132,0.5291931109886915,0.15334468414808064,1.0433630440950812,0.3600671635781146,0.03959960402870055,0.5516111077369035,0.9680486590228423,0.9639174668339076,0.605426697346416,0.7600370953385105,0.472435220776492,0.0605082773178609
0.05,0.09,0.077,0.02,0.024,0.014,0.012,0.018,0.015,0.016,0.017,0.5411787895852299,0.4219755802954674,0.8290264087717755,1.1492843922165492,1.1013682134238907,0.2974373468361499,0.5279434144395113,0.029457536927639482,0.05557788673629305,0.7862395644632585,0.7308404732079945,0.3423546612521776,0.5041016192919511,0.13188980074954426,0.1922824009200479,0.17673190061932686
0.05,0.09,0.077,0.02,0.024,0.014,0.012,0.018,0.015,0.016,0.017,0.568609898078729,0.014588459745130011,0.6966280910033796,0.7602829610198014,0.44376947468497724,1.0469206660773736,0.8511724043959579,0.1092699385941592,0.5723282992943319,0.35380875502821385,0.4832055527324972,0.09756717396574244,0.5587712785315017,0.734741641323345,0.25958122550014917,0.85379483870745
0.05,0.09,0.077,0.02,0.024,0.014,0.012,0.018,0.015,0.016,0.017,0.5613492907955983,0.7348708527422129,0.20124936453840866,0.4880598235069215,0.3140110698774326,0.04392769570317787,0.4283550015979341,0.09202088303889346,0.8330687487380685,0.4154017765906214,0.9543927464303197,0.46941951558860695,0.29805280371547305,0.5336575674099635,0.6498614910869984,0.3573571877588888
0.05,0.09,0.077,0.02,0.024,0.014,0.012,0.018,0.015,0.016,0.017,0.38616867388321086,0.5974895325551256,0.5818778416270672,0.35391829371005673,0.7260790456158753,1.1532567126245927,0.43540998401791337,1.1560561484304275,0.3937411296872827,0.003004683328823976,0.3149028009621766,0.03764083249098915,0.3555162554725366,0.4129615450180395,0.35328261238686864,0.19877827326287845
0.05,0.09,0.077,0.02,0.024,0.014,0.012,0.018,0.015,0.016,0.017,0.382485260830984,1.1874670223427597,1.0938764336048692,0.9276348760552063,0.5541550365533683,0.7794622275346189,0.42691564844173985,0.43874406252475395,0.21840986301567833,0.949556134500625,0.11730860558478007,0.28312029637166747,0.6175382599660297,0.027697759284691092,0.6047578455630548,0.11373616216698934
0.05,0.09,0.077,0.02,0.024,0.014,0.012,0.018,0.015,0.016,0.017,0.2739070628444515,1.1669742424065872,0.21307837889927364,0.7820133071535138,0.019436898281902426,0.6655118203763993,0.4954016209047655,0.4036595484352903,0.8372599657183405,0.8340474585200147,0.4832119276033835,0.3299656677533477,0.29229287363919343,0.24249652727064985,0.7700007010020163,0.3485729469090898
0.05,0.09,0.077,0.02,0.024,0.014,0.012,0.018,0.015,0.016,0.017,0.4890885561872975,0.38017820674016467,1.1348472326440546,0.4148630070309324,0.7472909517576111,0.10406181199477822,0.4366926197241908,0.32562550451816713,0.6765507109591066,0.18818843898802262,0.6207770232853326,0.19551382909732085,0.9163878087802569,0.7905282376386552,0.19028700620508,0.9269378128284724
0.05,0.09,0.077,0.02,0.024,0.014,0.012,0.018,0.015,0.016,0.017,0.0032050830990910215,0.620633687699011,0.31490209222397986,0.8747197189331738,0.6698244753749433,0.9046239081363404,0.03309822004950722,0.6132499387604975,0.5669198571223132,0.7016507602163004,0.06016426823351384,0.3022704241611949,0.16675872569799977,0.6156703727613922,0.591345948683466,0.24197936789390984
0.05,0.09,0.077,0.02,0.024,0.014,0.012,0.018,0.015,0.016,0.017,0.7118530708023816,0.23046029667615742,1.1676589866757774,0.3156186428336595,0.899913599085984,0.25562891852602604,0.2827978303939079,0.7455927704864055,0.3337095113493702,0.4672031114399784,0.25404477897424615,0.23739672454835015,0.7288816533915362,0.059635871204835045,0.685820465071737,0.635536743691679
0.05,0.09,0.077,0.02,0.024,0.014,0.012,0.018,0.015,0.016,0.017,0.7293783950108008,0.833338744575138,0.5110055451128278,0.5950013576424056,0.1145682310974883,0.1963899805333637,0.7637006145331938,0.9249215617398678,0.22351657138693137,0.8769907854876351,0.9460936750436982,0.7254382174366485,0.900145096877366,0.033984656572824234,0.6207110086988864,0.739040164607309
0.05,0.09,0.077,0.02,0.024,0.014,0.012,0.018,0.015,0.016,0.017,0.33064471078182417,0.8218399796683233,1.0102414296354063,0.7873407927840346,0.4120097043368625,0.01795567588846998,0.43255934551448694,0.013165332639579664,0.5293973455550665,0.13733286791430876,0.8732155587891599,0.42530281935312786,0.26498576689097386,0.3124212524098853,0.05354434913851014,0.9581589612516603
0.05,0.09,0.077,0.02,0.024,0.014,0.012,0.018,0.015,0.016,0.017,0.12300479074618154,0.09362182674475328,0.5038129129192417,0.5315572571377499,0.7675237754148138,0.6473041801847718,0.9673118454467565,0.8070996977820565,0.07638907571539832,0.2187408769251139,0.8847199054012364,0.6688845531690755,0.02569179630002727,0.5502218608799387,0.6542678262779806,0.19066868472097942
0.05,0.09,0.077,0.02,0.024,0.014,0.012,0.018,0.015,0.016,0.017,0.3375190931344477,1.1178520028360008,0.6733798477659613,0.010305630632998187,0.7181138319769953,0.8661783841247829,0.3356938562712756,0.7445754905212747,0.2914971983177935,0.5634303060062161,0.4195579569108836,0.24928413819239092,0.4707162921852779,0.22702150175200642,0.5934769074867712,0.28056266107865335
0.05,0.09,0.077,0.02,0.024,0.014,0.012,0.018,0.015,0.016,0.017,0.2897759970299995,1.1932990794909435,0.8908562844745086,0.31504888693991323,0.3853781708155628,0.3077440087760072,0.6631946097777374,0.07257761581344102,0.8901225517997944,0.7593109893023898,0.18305348864260096,0.1037123807605006,0.2428673336563616,0.053958183730034914,0.7604113586188685,0.38184609635998623
0.05,0.09,0.077,0.02,0.024,0.014,0.012,0.018,0.015,0.016,0.017,0.3405884744538791,0.9141501015773088,0.7495586359592707,0.07753050409847674,0.7110905078453545,0.37688957347078644,0.699331389050661,0.6649823632251314,0.4947792089437636,0.19243947156524654,0.12363851862596542,0.7148855938853691,0.4164960731971066,0.9356663922869822,0.050135037840869257,0.9378562816369082
0.05,0.09,0.077,0.02,0.024,0.014,0.012,0.018,0.015,0.016,0.017,1.1966144540600983,0.36048675418915344,0.5940008301124172,0.512413282894889,0.36278424439619733,0.9128368255176467,1.1399833834089372,1.0263191490242591,0.5968569020780992,0.18615627822597847,0.3350006934933907,0.08323557699066397,0.6399412983885027,0.05577574959927756,0.9860777097987652,0.7375576677441723
0.05,0.09,0.077,0.02,0.024,0.014,0.012,0.018,0.015,0.016,0.017,0.13005592502377547,0.35862776482806713,1.1992793787561644,0.630682021805096,0.869597582957529,0.2274530346699603,0.08113403744697907,1.125379295192718,0.8936043468506467,0.41760116296169425,0.8797944642755885,0.10958944851429109,0.3956948823235096,0.5349241959094225,0.9908637047338262,0.5493929243077861
0.05,0.09,0.077,0.02,0.024,0.014,0.012,0.018,0.015,0.016,0.017,0.3192702044273876,0.7584040782806838,0.09604809790418956,0.8412677599454897,0.6730655399507243,1.0337626540263367,1.0629790030754278,0.5778401348857477,0.7097582095357162,0.019900666765425234,0.9877090560262086,0.7003453277352637,0.9965806889975101,0.7115418869158047,0.14422177774521205,0.6393806250814326
0.05,0.09,0.077,0.02,0.024,0.014,0.012,0.018,0.015,0.016,0.017,0.7937547282534693,0.8788881023357314,0.8823779013297702,0.23774313737569475,0.18734153989951258,0.17044719434638492,0.6473647597796934,0.8727486338260774,0.9371080130058356,0.08183590819930009,0.1278663517939047,0.534432270950926,0.4248641415120692,0.7871173078720931,0.8425400739310337,0.6528962897802112
0.05,0.09,0.077,0.02,0.024,0.014,0.012,0.018,0.015,0.016,0.017,0.26142106263897347,0.9745429763059609,0.023527149704949225,0.8523430418971435,1.028922866418384,0.6026440592033706,0.9081771590875702,1.1656112890298098,0.7225890681068271,0.7754516826175648,0.6340916851014032,0.4100856202146427,0.7275737562732695,0.2284082363575045,0.20713464324773234,0.503113721995456
0.05,0.09,0.077,0.02,0.024,0.014,0.012,0.018,0.015,0.016,0.017,0.8450019743270022,1.1038431614466906,0.4040862136795898,0.3744162402163591,0.17241247159948214,0.1762744371730868,1.1555591627043023,0.5383028757246291,0.8985455517148035,0.23653032524861994,0.6607483163575997,0.19771712537395425,0.6286572626416005,0.47963536549996433,0.8887438408999373,0.4376292200975317
0.05,0.09,0.077,0.02,0.024,0.014,0.012,0.018,0.015,0.016,0.017,0.032608204286627675,0.30535312799565717,0.08736237650228947,0.9334623082357947,0.8854738130596468,0.18125506747299996,0.6372715295156272,0.4501891699525743,0.5828658969353344,0.3484744631060228,0.4327427510537465,0.9013421454228998,0.8953824444485748,0.8378332837314137,0.9354427113085649,0.27594450107526347
0.05,0.09,0.077,0.02,0.024,0.014,0.012,0.018,0.015,0.016,0.017,1.1531499691198341,0.6098822243014134,1.156387513979419,0.16154575500187165,0.047626818741576794,0.7369196471859811,1.0375697348486423,0.45149978904062266,0.1770438368063445,0.2331211722600346,0.27470333190882557,0.3095061951278665,0.5223401147807535,0.5478253259166352,0.5188551547226093,0.8129067995369551
0.05,0.09,0.077,0.02,0.024,0.014,0.012,0.018,0.015,0.016,0.017,0.20968685777778387,0.5435137277613693,0.26677769749685765,0.9775725318606894,0.37477766770040777,1.1617839233990825,0.035186057080225375,0.9488043592302702,0.5069010931405016,0.7067162605447713,0.12883205907559137,0.2657934231587802,0.4587324902947423,0.08367496866215085,0.5718830374401953,0.5405198454277566
0.05,0.09,0.077,0.02,0.024,0.014,0.012,0.018,0.015,0.016,0.017,0.12076537168566975,0.34225566723261885,0.910983747582538,0.9329044205815851,0.20142544657971143,0.38740635173462795,0.9447460309592075,0.3857131815972026,0.17082460576605096,0.022370873332657193,0.9289369276473572,0.6182449466800269,0.2568452908508533,0.8541488603449217,0.15337072259534557,0.7826187480327395
0.05,0.09,0.077,0.02,0.024,0.014,0.012,0.018,0.015,0.016,0.017,0.9166681841128408,0.9609022267296867,0.5452897153087712,0.054674041338367195,0.6144578049320971,0.7759997981204557,0.7571603107344207,0.1359210488081483,0.8586328037309567,0.5452003827804525,0.9985178138856309,0.9047906151260319,0.3678002595799962,0.8336519931271652,0.4952985096032937,0.6401736536632522
0.05,0.09,0.077,0.02,0.024,0.014,0.012,0.018,0.015,0.016,0.017,0.11065858544572368,0.32718597093811147,0.9006657781127041,0.08938410412263388,0.6843507661761403,0.744940270232919,0.9615383558374937,0.16399427982061096,0.3582555230104112,0.4690907924347818,0.5261513521687112,0.008458737282353135,0.20528009564715866,0.8315666871999627,0.8864456657818751,0.27608311046229594
0.05,0.09,0.077,0.02,0.024,0.014,0.012,0.018,0.015,0.016,0.017,1.1955145408218995,0.7660922917089948,0.45589523439442636,0.5900794790581828,0.3613536804704553,0.5973484398926787,0.8926392599058475,0.777488708369593,0.17398207554942624,0.0026283166234302158,0.1575614325629282,0.4430828391619912,0.8295907860334356,0.6909838967970313,0.7067283254330463,0.4545503240341231
0.05,0.09,0.077,0.02,0.024,0.014,0.012,0.018,0.015,0.016,0.017,0.06392008935403859,0.12156164357098391,0.12784333136164178,0.12161239549179426,0.7840156360884368,0.1451845897038551,0.6178146396654765,0.358134277971987,0.2784159540508522,0.532138477349747,0.5094680208277502,0.3153148901619558,0.7279279291256433,0.45167342190516524,0.7551373162842769,0.9047096625228821
0.05,0.09,0.077,0.02,0.024,0.014,0.012,0.018,0.015,0.016,0.017,0.439490471669978,0.3573275497688383,0.681663393813719,0.20093765832121857,0.49173361954263134,0.7830659789025706,0.018164215366454826,0.6468798754396653,0.5083951019318789,0.19212657684608758,0.8978155192296426,0.5983387468307242,0.5314166588926442,0.9067917456932238,0.6961403721880696,0.9161894468765144
0.05,0.09,0.077,0.02,0.024,0.014,0.012,0.018,0.015,0.016,0.017,1.0640449334747009,0.9216110659429805,0.25062305191169504,1.115312162529423,0.9598119138705437,0.9081240311230464,0.6134134487300813,0.9678937119885451,0.00864953879934438,0.49197967730815806,0.29029836177594615,0.1476951810270194,0.8427702668484799,0.7116056680257185,0.8163143210280841,0.8738515361132921
0.05,0.09,0.077,0.02,0.024,0.014,0.012,0.018,0.015,0.016,0.017,0.04812457839358375,1.115471785479383,0.28708445177017977,0.022074223879317543,0.5879990127372877,0.39598963372139045,0.793171201356493,0.9057596814453259,0.6591469946082594,0.7145842141547387,0.8262195727791121,0.3216330782670397,0.9746346115279378,0.6140459011262004,0.14417924954359018,0.23777901185744854
0.05,0.09,0.077,0.02,0.024,0.014,0.012,0.018,0.015,0.016,0.017,1.060472536777527,0.9012671737499216,0.2864828688641373,0.4648324795767589,1.1913580334393672,1.040575391305266,0.17671565563810657,0.6528695766367028,0.7546267737656495,0.19926948681623313,0.2045736149194105,0.3622428441822373,0.9850827153310729,0.5802947959949758,0.1345669859635299,0.7906409056966346
0.05,0.09,0.077,0.02,0.024,0.014,0.012,0.018,0.015,0.016,0.017,0.570493538920917,0.4781487474186015,1.004865102118618,0.26287835565574974,0.15790400826836995,0.39278003975574793,0.9851210053406367,1.1493633414416684,0.9712716385643267,0.1864613222293754,0.20121993046141495,0.6183497851790719,0.5622566655731501,0.38754609500513537,0.4790148972502991,0.2801196765448024
0.05,0.09,0.077,0.02,0.024,0.014,0.012,0.018,0.015,0.016,0.017,0.08253977804967305,0.12805967462936652,0.07539913032539469,0.4906773230009697,0.10775602781430416,0.6302847214576238,0.0630713252080752,0.9557874960341937,0.15592092209180608,0.8976637311727771,0.621318980493909,0.3548498846814193,0.7691667764780818,0.3263598703679158,0.4629885921651039,0.19237869782594952
0.05,0.09,0.077,0.02,0.024,0.014,0.012,0.018,0.015,0.016,0.017,0.6874333081718643,0.5959497659370087,0.16002587922735478,0.40696164800692525,0.5507899329036428,1.1779283562920835,0.8985836435335451,0.41330086907978325,0.591859932418194,0.8258662368833217,0.1660563366710035,0.6361178944796483,0.11860669824081882,0.5567907865598727,0.1369205875733146,0.37556642492310766
0.05,0.09,0.077,0.02,0.024,0.014,0.012,0.018,0.015,0.016,0.017,0.953268102517234,0.018760772419268743,1.0990015102101136,0.584268838356181,0.7008490784204165,0.2506358962547813,0.2080818500323373,0.7469841440561237,0.9271223032246216,0.32318919001520907,0.7965728190053702,0.694899956199977,0.8409020993347128,0.8987938228333153,0.728934720972495,0.2602536649047148
0.05,0.09,0.077,0.02,0.024,0.014,0.012,0.018,0.015,0.016,0.017,0.6723517526276612,0.7639748038485492,0.8825386511091594,0.08739930064752484,0.4100855295719013,0.41985522394206326,1.0695154375411562,0.7114550768807301,0.14950409421492605,0.38994122363613404,0.28641160716597835,0.6964441857614763,0.1861869916478247,0.7035001298547976,0.2828963414325545,0.31503261369060787
0.05,0.09,0.077,0.02,0.024,0.014,0.012,0.018,0.015,0.016,0.017,1.1062216626619783,0.9937257492473697,0.8449596808605737,0.06619349028593131,0.4362688848760284,0.9332597924066621,0.1344909445872755,0.6519819599192251,0.6669383549271647,0.9886735271066256,0.4225469595768905,0.1466198173452059,0.46520061654638856,0.14421990500295834,0.417139822042235,0.5498787873237727
0.05,0.09,0.077,0.02,0.024,0.014,0.012,0.018,0.015,0.016,0.017,0.924936690972229,0.8335512104314564,0.6269347265641765,1.108008241505529,0.09309830666219562,0.5025917748218163,0.797642817699323,0.7494144611368266,0.852796195125991,0.9990626659998366,0.18144833340556143,0.7148398251213024,0.7025063405468845,0.25678173372289304,0.291076214096608,0.5822098555546404
0.05,0.09,0.077,0.02,0.024,0.014,0.012,0.018,0.015,0.016,0.017,0.730532049329709,0.9843345981036346,0.8168621872329415,0.49700021690138857,0.9643557996928476,0.6368786493069072,0.857588749604827,0.5176399766392717,0.9388607121991782,0.07970698717517843,0.09734482339761663,0.1933747697336522,0.42060612270741426,0.7329581814407098,0.2909058567410959,0.7109266871878869
0.05,0.09,0.077,0.02,0.024,0.014,0.012,0.018,0.015,0.016,0.017,0.44350567055159856,0.9447813559816665,0.7400598944668815,0.8227020958085217,0.6649268669932761,0.06891746943459544,0.004611242851987684,1.1213321174418325,0.2809034274689294,0.7992070207654166,0.6349922631679267,0.11490432981827114,0.3685206385104718,0.4946805544925358,0.47409190240869437,0.2444458359737547
0.05,0.09,0.077,0.02,0.024,0.014,0.012,0.018,0.015,0.016,0.017,0.282510308073032,0.47976137485907944,0.0770698135307771,0.1815266011975403,0.26142404222522453,0.10832449682462379,0.21400315497435976,0.06583192678370646,0.8229648994608766,0.9768939405961529,0.817824157151805,0.9237169286429547,0.5012403078590513,0.18600300903862954,0.8022087308493514,0.4586889705788737
0.05,0.09,0.077,0.02,0.024,0.014,0.012,0.018,0.015,0.016,0.017,0.9155597874122469,0.5944803186125008,0.9295903112327522,0.8416760492755281,0.5571861000233992,0.633534609502261,1.0879768251170525,0.4770953007191212,0.31965079057203893,0.6863611652460686,0.6124451707752271,0.10086310726148129,0.7719733221213748,0.6206955101031931,0.4027099435050605,0.21458669256066565
0.05,0.09,0.077,0.02,0.024,0.014,0.012,0.018,0.015,0.016,0.017,0.24094624051807625,0.24502882618704902,0.4409319628840825,1.0767407421768749,1.069257476249948,1.1828296717744788,1.0779086849026787,0.10001696787395699,0.9397353163587523,0.2706849596233206,0.5069962121816396,0.5017323047705471,0.9836390248333416,0.15398478853267838,0.21835758948190465,0.43651650998780744
0.05,0.09,0.077,0.02,0.024,0.014,0.012,0.018,0.015,0.016,0.017,0.5660028510828181,0.10731220910567489,0.6567749176187495,0.23025759764619486,0.37581998093344837,0.24578525456572609,0.31229306886817587,0.5495458297520164,0.49116161320256235,0.0427254597137402,0.8664607843197164,0.7167475399387604,0.9104231928393083,0.6138625259359909,0.7211890212109394,0.5474645130416211
0.05,0.09,0.077,0.02,0.024,0.014,0.012,0.018,0.015,0.016,0.017,0.04274353821791208,0.7062284057847594,1.1407045040368522,0.41131543009632465,0.8610265058674189,0.7822452498258736,1.0316950330348202,1.1668377773879994,0.8147060874019215,0.5785982644375413,0.19032613426562506,0.18985663349104054,0.5636369511863252,0.92451181700898,0.8467042627059019,0.3566156764776869
0.05,0.09,0.077,0.02,0.024,0.014,0.012,0.018,0.015,0.016,0.017,0.16207157334922057,0.8120440498966062,0.5062542280137052,0.3842929580389223,0.9116599964522036,1.1090544967274145,0.9100908208562994,0.053179868061303905,0.4671422207487209,0.2648293709049061,0.326185387590582,0.9192274752658369,0.8530167950281856,0.650770838343232,0.15797751549487737,0.08798332124756736
0.05,0.09,0.077,0.02,0.024,0.014,0.012,0.018,0.015,0.016,0.017,0.4090116569942016,0.9696058287576044,0.7440359675902154,0.37890839139356025,0.2045315740344591,0.48979039610327946,0.347009686073486,0.7858479031225953,0.42624793657273574,0.36105784701220445,0.9567372708017026,0.4284114391251109,0.6998333868987674,0.6076416143430035,0.08784270691428098,0.8263921003079127
0.05,0.09,0.077,0.02,0.024,0.014,0.012,0.018,0.015,0.016,0.017,0.7069916545759736,0.990255416340251,0.2927804983903427,0.9632365175594902,1.1039906078302764,0.7258271571083347,0.395441216409691,0.8474942865709882,0.9429894743430003,0.6461176231339528,0.43197428162417284,0.5224784998432209,0.6033073701868646,0.5165221506285497,0.06148544211551088,0.3760322115271373
0.05,0.09,0.077,0.02,0.024,0.014,0.012,0.018,0.015,0.016,0.017,0.31287073880522326,0.45447718836226736,0.3280343634289267,0.7197963766758793,0.5147692436118098,0.9846265561490127,1.041790503253578,0.7933082550513793,0.46196775574824145,0.11942348912489464,0.03393045226029523,0.602341686429765,0.5672835269187403,0.09422747771379614,0.04700014919349749,0.08851987953145413
0.05,0.09,0.077,0.02,0.024,0.014,0.012,0.018,0.015,0.016,0.017,0.2816994093138027,0.24143259177358933,0.10874720141192026,1.0024327330949392,0.2881555268874632,0.47961956336906036,0.02431393347887334,0.743242576702651,0.08953979479363272,0.9781458430092265,0.4032830897558407,0.7955433582719698,0.5827221108429996,0.03710558272492326,0.08265894242232419,0.2455232416733908
0.05,0.09,0.077,0.02,0.024,0.014,0.012,0.018,0.015,0.016,0.017,0.9000691641583957,0.965468468712415,0.38634459925380454,0.8270194256522195,0.8082249080738223,0.1429353076854625,0.31477506626192187,0.7947597657668632,0.9116427701604346,0.6507740875081279,0.06185375783261449,0.6803254600861821,0.3286940590198184,0.09717636994817624,0.08238363442875807,0.2688538218510048
0.05,0.09,0.077,0.02,0.024,0.014,0.012,0.018,0.015,0.016,0.017,1.0440363118677316,0.39297689810091213,0.3464490207680133,1.1086891706827302,0.06155355516014622,0.4104569848277341,0.008136135258021858,0.06248220224668812,0.42453144063666426,0.7959906752942773,0.35921541306607996,0.6759726345285226,0.3433769411831865,0.30449825006779707,0.7248878140228472,0.9557068935170893
0.05,0.09,0.077,0.02,0.024,0.014,0.012,0.018,0.015,0.016,0.017,1.0453544363181675,0.11591347191298919,0.18985088490208754,0.654421957722794,0.013420703665265377,0.40041794593049695,0.784442568498326,0.19322119934717946,0.16640912065348112,0.33832596094522305,0.7128070260119314,0.5158345236216092,0.0005141750641323162,0.3504901769033387,0.2267415010523085,0.0036798557837314227
0.05,0.09,0.077,0.02,0.024,0.014,0.012,0.018,0.015,0.016,0.017,0.7249977786407491,0.39411862273569037,0.649441398081361,1.0727607008321756,0.9318576365856958,1.1186772210764149,1.1097411096320104,0.8565034556809505,0.8613548805271755,0.5961058677832413,0.24247862132457365,0.3159035585793851,0.3268298708759748,0.7654165100255399,0.8648367267988792,0.6809990251318923
0.05,0.09,0.077,0.02,0.024,0.014,0.012,0.018,0.015,0.016,0.017,0.4129088285753551,1.1003644893122775,0.514473616244638,1.1204483708208588,0.020219928048289315,0.6478319415740493,0.5992757898653888,0.7575116467734017,0.8483478680424678,0.8222800166025424,0.7551201781429167,0.8037331667245389,0.8624355270770083,0.23464157324466095,0.7106960689761624,0.37562980999109874
0.05,0.09,0.077,0.02,0.024,0.014,0.012,0.018,0.015,0.016,0.017,0.5643158986798494,0.09474498551861922,0.6818327681062388,1.199351217205271,0.2879461515818832,0.9777678820725839,0.9033970278876956,0.8515439065375374,0.7323819820861145,0.03831915943895747,0.8283276198601928,0.5128923884620255,0.16192728173927162,0.6020707388795298,0.6729255609045368,0.8881308194261472
0.05,0.09,0.077,0.02,0.024,0.014,0.012,0.018,0.015,0.016,0.017,0.7100766427301771,0.19529311051337567,0.3233070696738114,0.5420112528846738,0.5315415681321561,0.0002772968938066889,0.6644323786903671,1.1095550777795211,0.8760727123740663,0.5831223283371283,0.979978950934075,0.25602528314021333,0.7349399635133181,0.374096515479836,0.4928574184397282,0.9654389163036106
0.05,0.09,0.077,0.02,0.024,0.014,0.012,0.018,0.015,0.016,0.017,0.6423911480108114,0.5291264184723803,0.27117517766262933,0.04364454761392289,1.0390319750620227,0.24170624551919437,0.19213805633100492,0.9331679902169473,0.11776186795146892,0.44785285220284354,0.6049500164651195,0.19433157648744903,0.628669432651388,0.514460045871096,0.6959078432087635,0.40196089915281175
0.05,0.09,0.077,0.02,0.024,0.014,0.012,0.018,0.015,0.016,0.017,0.0646950521603638,0.21261235077093987,0.49337429216128337,0.6733222890482963,0.2748312400948804,0.333370942990779,0.7819102900079614,0.27653199974514625,0.2888991084630129,0.4167203974591993,0.4128813070125481,0.14865630803679697,0.2905375568890589,0.21999232402176783,0.29906432761829116,0.7463015109495083
0.05,0.09,0.077,0.02,0.024,0.014,0.012,0.018,0.015,0.016,0.017,0.35048417411159144,0.8763934020311038,0.5315781186642609,0.7400701562031392,0.32933128950660123,0.5930634513254954,0.5975952885927917,0.3713537320390768,0.16654528804028235,0.6249912962491082,0.1731299787976046,0.7417720506826879,0.08266983306716658,0.09892411148920832,0.24699987562361958,0.6840932488824787
0.05,0.09,0.077,0.02,0.024,0.014,0.012,0.018,0.015,0.016,0.017,1.0473720165323912,0.5836678073313857,0.7447078486969398,0.09785285115122293,0.38767030846429823,1.1280662726919586,0.7388863773907535,0.43144088020628296,0.7611531931850255,0.4464160372441026,0.47753427088490175,0.30430028982645396,0.01930108849926304,0.5439239692534451,0.24024023934196714,0.03265636163889918
0.05,0.09,0.077,0.02,0.024,0.014,0.012,0.018,0.015,0.016,0.017,0.20764407220166606,0.7895422230400282,0.8263497393737574,0.14039881775800903,0.6014072008896003,0.597594180590318,0.959528490207297,0.9679476330199102,0.5796055938638841,0.9748920306551692,0.41011847327800577,0.7505601965080735,0.7148647907509444,0.04073857404743486,0.8281336815217457,0.20086605593438844
0.05,0.09,0.077,0.02,0.024,0.014,0.012,0.018,0.015,0.016,0.017,0.10309572142324601,0.6010387930990456,0.7842255782326458,0.6788991446817064,1.0571144853891534,0.8718563145534054,0.4101425250063878,0.6998144610211031,0.6490856129623523,0.6951909085742489,0.6207569686363458,0.6484633491919772,0.06597930736781721,0.09399841719936375,0.6052093728691449,0.30619920332468364
0.05,0.09,0.077,0.02,0.024,0.014,0.012,0.018,0.015,0.016,0.017,1.0457221508511605,1.0367116249745878,0.2385656650211913,1.1898020492246255,0.9095715087041574,0.20923254001544217,0.9803918532647337,0.45028117069286755,0.24194793672841897,0.5747621548320827,0.8250986560552453,0.03582878635209452,0.193722988125537,0.8100497803139343,0.7088918187417184,0.5067610807537231
0.05,0.09,0.077,0.02,0.024,0.014,0.012,0.018,0.015,0.016,0.017,0.17920762961706385,0.006299214458497592,0.1637975513069941,1.163623854009023,0.8240977768719958,0.18206247044174736,0.8168300951315983,0.06972528531511854,0.8223538624065249,0.34209539638487285,0.4459707933203064,0.970369426980323,0.945498652125135,0.46413995967718147,0.8539277303047709,0.021204646519973003
0.05,0.09,0.077,0.02,0.024,0.014,0.012,0.018,0.015,0.016,0.017,0.7227274209983605,0.04050619026426831,1.0482439333000708,0.013811250814229136,0.3670075211876314,0.6045666559793854,0.1917331392047251,1.025981713122223,0.9485741793152677,0.6642606329821982,0.08306197336958387,0.01614766574475357,0.15711339373092537,0.9129462599671905,0.4328722429425099,0.7008345248358674
0.05,0.09,0.077,0.02,0.024,0.014,0.012,0.018,0.015,0.016,0.017,0.4049830900491591,0.5403936135033726,0.9373550833618741,0.31182299257671964,1.0521641922659821,1.0822194432396754,1.073106951424919,0.07661363840700504,0.41329486419730677,0.5955319785216494,0.6083335068193745,0.3597397087607125,0.7900101780701972,0.35670769777613986,0.344472350685882,0.1894516664311222
0.05,0.09,0.077,0.02,0.024,0.014,0.012,0.018,0.015,0.016,0.017,1.167125216470403,0.5112758558492257,0.26573221329138136,0.907414656667509,0.3144929310170748,1.1000169085505602,0.2667904623701158,0.09036870173329423,0.16726098419876245,0.6577011738786533,0.29474880958543126,0.8977697970235434,0.6479460274114157,0.260852146894462,0.7492119259825695,0.4385301749651782
0.05,0.09,0.077,0.02,0.024,0.014,0.012,0.018,0.015,0.016,0.017,1.0707856288700952,0.25433212845557357,0.5687985970881825,0.35998867362910847,0.4281002110249788,0.00478137849137199,0.9929373495727662,0.04896101066397631,0.5848348912210684,0.21297303139132928,0.8742006348227965,0.6634824515427562,0.45971310419480116,0.06580751314285171,0.4552590982190333,0.9104902666094723
0.05,0.09,0.077,0.02,0.024,0.014,0.012,0.018,0.015,0.016,0.017,0.025844039921201923,0.6998392767305128,0.7419234699508138,0.36145890395804403,0.6399522908885656,0.4363922737244071,0.41933733331896167,0.6911835801454945,0.6219808018830121,0.11748982905241756,0.7917641190557051,0.6317244003871281,0.8846685256745517,0.019847944588449185,0.35396735029409054,0.41260367868322934
0.05,0.09,0.077,0.02,0.024,0.014,0.012,0.018,0.015,0.016,0.017,1.0434323408082726,0.9482995550067197,0.7352132433608337,0.8799274738219472,0.757914459148358,0.08062682213855106,0.9395341701872818,0.9015699272493694,0.9073851370830055,0.2251965625292619,0.48812389925894273,0.4886546819197558,0.31113661501540923,0.4491038528523754,0.2933383859274312,0.2625362197102489
0.05,0.09,0.077,0.02,0.024,0.014,0.012,0.018,0.015,0.016,0.017,0.22106140906808838,0.3853835076253939,0.6599282846175937,0.9243342474994498,0.4211002485635243,0.6248709789843001,0.782178009206372,0.7335747540896026,0.7609727000785136,0.8302897001752557,0.5480871029614464,0.6587379235655535,0.6304869032973617,0.17840791122750055,0.7790182944314847,0.2243512964388864
0.05,0.09,0.077,0.02,0.024,0.014,0.012,0.018,0.015,0.016,0.017,0.08691981667468975,1.1912926847562109,0.12241565775592712,0.6213378632504077,0.3350981711853227,0.8793692431955918,0.7539548284627547,1.1180331360623266,0.40126841576518457,0.9332778993641351,0.24523484403702067,0.1136248803441201,0.39539044821572567,0.824548759112396,0.19122493983628708,0.7300002325355515
0.05,0.09,0.077,0.02,0.024,0.014,0.012,0.018,0.015,0.016,0.017,0.5177453514329665,1.0218523444863175,0.3561377254869776,0.5953200852502247,0.07711335533782741,0.7122340884539641,0.31210865349600764,0.1848826969797887,0.03675219352548875,0.7631955158849762,0.8512117168920073,0.3083490162481948,0.34594131413866236,0.42740214910142504,0.6268649049475515,0.33546450889506085
0.05,0.09,0.077,0.02,0.024,0.014,0.012,0.018,0.015,0.016,0.017,0.30275184408256495,0.4300872760821266,0.7720163697376766,1.0966547172606755,0.18095352655656688,1.021967464203108,0.7073197605317405,1.0287813986545786,0.8686897850184042,0.5692369629802497,0.2617453049311478,0.7327324578232066,0.7577824802114272,0.020528223098090104,0.09917737098402679,0.3118574929301038
0.05,0.09,0.077,0.02,0.024,0.014,0.012,0.018,0.015,0.016,0.017,0.802473122370136,0.7740972532173552,0.6787408621921378,0.7377974973472976,0.4430598080651705,0.6108040523359644,0.4222601973573939,1.0402150147293352,0.5887277248512336,0.6477680118022847,0.03664822872340334,0.6154709872865143,0.034332739086416986,0.36837767989965686,0.2047573401431646,0.803566995313365
0.05,0.09,0.077,0.02,0.024,0.014,0.012,0.018,0.015,0.016,0.017,1.1166584731116729,0.38050765222832156,1.136505791699709,1.124667828265848,0.801909547493435,0.9292661431386727,0.36807547111416494,0.16607355567139534,0.7846770595326406,0.8400874468654467,0.43132641796667903,0.582788483054234,0.7320677602138295,0.5489356098598795,0.05946578874808228,0.5622610664230714
0.05,0.09,0.077,0.02,0.024,0.014,0.012,0.018,0.015,0.016,0.017,0.510349976879746,0.9041955893281575,0.00899855671466283,0.08395131977664239,1.1558275473077613,0.20105827729387607,0.2644585537256816,0.5689833346235372,0.43971049752025093,0.1702792813290721,0.237027603301893,0.9103207026284501,0.5102355538425996,0.9268473592481257,0.40004019226249155,0.9976902507075629
0.05,0.09,0.077,0.02,0.024,0.014,0.012,0.018,0.015,0.016,0.017,0.2498236685567058,0.518822045979865,0.9217019273427438,0.5191606272747123,0.739134161364945,0.8004870851278587,1.0837840174144189,0.09487262091997772,0.04446623758711765,0.9201721108485638,0.011920428249434734,0.3384801078829489,0.5521871069728135,0.7772261179464979,0.18582314034548753,0.9578897972145332
0.05,0.09,0.077,0.02,0.024,0.014,0.012,0.018,0.015,0.016,0.017,1.0841859001204313,0.0799331375910393,0.6739494860085,0.16077957335374488,0.8668883849836685,0.16407007018613862,1.007024484272515,0.25131065942506,0.40996009958455104,0.45889435589249516,0.20669360710678797,0.08423197166551233,0.3385655154386735,0.8450475724662642,0.09362785640953808,0.8233422857136983
0.05,0.09,0.077,0.02,0.024,0.014,0.012,0.018,0.015,0.016,0.017,1.151690053073474,0.44155658930698355,1.0077394393156651,1.0391412171158905,0.7032989776260277,0.022538476867114632,0.47679774969440103,0.7254366584067788,0.10530305738905854,0.13930311476036017,0.4466437253942219,0.17484230058384476,0.9045013908706785,0.308668397306487,0.25761716931982137,0.35452446953581107
