0.053750562732949154,-0.08725171807424914,0.039611592554753106
1.0902142701139457,-0.8192180301942003,0.4147070995379245
0.21211932292808017,-0.14513393202778957,0.09254335300500038
0.07780168604519334,-0.13461791211451413,0.04484565208783575
0.06530967295117329,-0.11448914452606118,0.04224589555103897
0.05230986278846856,-0.08556869342540097,0.0395058446313139
0.05762086495766204,-0.09946264493945023,0.04137932316060544
0.06881182309714988,-0.12370904892352996,0.043190596041961626
0.054444970104479976,-0.09908552289935812,0.041576758340843956
0.05981547147979914,-0.09172110789891974,0.038999517915980775
0.05407746923895852,-0.10098612172333787,0.03983873929223414
0.05831425979232683,-0.10743520308360388,0.04139108057823515
0.04950966865217965,-0.08739783422359437,0.038160227096675214
0.059045146767445725,-0.110860946982001,0.04251937979873155
0.052589568473328845,-0.09277543642640751,0.03948342695979523
0.05357793719870932,-0.0873307851421572,0.03915217226492107
0.05223434669302199,-0.08924834270198545,0.039410977409831016
0.05586929008825117,-0.09973880175679284,0.040629872817024015
0.05380382460545764,-0.09646323500432175,0.03974685041666248
0.0637388948381637,-0.09046981782130814,0.03853356678453279
0.055432437780198664,-0.09980185477405712,0.040886617157364746
1.0165973376173316,-0.6684190235833753,0.41314984757706696
0.05510457011049377,-0.10064461715907669,0.04196848711219747
0.053322325846741604,-0.09727912612463285,0.040313479312859446
0.052739237981447765,-0.09459293360832532,0.039602376047449095
0.05967951743013558,-0.09761045183605432,0.040351785876687085
1.161797712760715,-0.9488171211677141,0.3177401707622032
0.054754177899250814,-0.10129407109279498,0.03961483075860084
0.05115194304278323,-0.08879335419081258,0.038700758884610664
0.056416758896453256,-0.08963556337138812,0.039293527425708685
0.06445991944258576,-0.10214862269078395,0.04074259244982281
0.7866029459063061,-0.5972979397958014,0.3398447584563211
0.22093478130461866,-0.15387643226428338,0.0936643448709642
0.054389258419127555,-0.09382619842154583,0.04010932883042129
0.056560875132636954,-0.09419358325792615,0.0396173848348389
0.060974689023050546,-0.09960182893900793,0.03963513213145298
0.06397321528732625,-0.10141286971713726,0.04089147600055476
0.06376530742392497,-0.1010698676678814,0.040924158304108005
0.05463305913266922,-0.08937134763634447,0.038960797914112
0.05966903489122875,-0.10365864932442292,0.04134602620808625
0.05051361529117989,-0.0924185288076842,0.03999155898958229
0.0527903332812968,-0.08912591856090302,0.03920180045969257
5.9152398651736915,-3.50803021862761,1.7454667267571722
0.057537066743263976,-0.09881750573033088,0.039811074426245874
0.06087739468812262,-0.10141442655653066,0.04073626399238961
0.05644029933161145,-0.10296936653102762,0.040441752464692726
0.06032753103959664,-0.09420811785561511,0.03895344504008369
0.05846473794114486,-0.09991451893650805,0.040974378353590524
0.05033833894116326,-0.0829964835909962,0.03752412651679249
0.050332643512416064,-0.09784642418587453,0.042347891378284874
1.6633667702481467,-1.102388379069943,0.5808645280772637
0.051983500953761495,-0.09069765533798346,0.03982340074580781
2.0497210426200017,-1.206075775560187,0.3029858311081064
48.11916875717125,-4.5521768339643245,1.7173003951765509
0.07582628740428876,-0.10756088584479073,0.05977905034752329
0.05716865754754937,-0.11359612821693332,0.043480366617528965
0.04909206633558304,-0.08647349983839803,0.03881964409837524
0.05474727418265881,-0.0922565059313456,0.03955245433183796
0.05301172269248344,-0.09254587037590767,0.039797933360247395
0.05292427916077302,-0.09564745280475506,0.04033736186244097
0.05506242774609237,-0.09578656314537426,0.04049753484233998
0.054199683420143974,-0.0905747534943444,0.03916052543726334
0.05155859301427931,-0.0960844952690394,0.03982356128487341
0.055874920833943034,-0.10597035466437177,0.0422148717440356
0.05174089874064652,-0.08757325201872845,0.039409060251975436
1.03501154495673,-0.5876467166820376,0.1586173658150054
0.06056093093675264,-0.10914972890671493,0.043558891673238787
0.06134214717758099,-0.09676222581260419,0.04050282309410136
0.05556134203966449,-0.10717971185680142,0.04211468750123393
0.057902670195996965,-0.10161367806602328,0.03997822086792935
0.0556260022638162,-0.09163542075803832,0.03879787225193132
0.060231267308992004,-0.10103810759564169,0.04104236331575528
0.05619200719980522,-0.09704749745121433,0.03980965004133186
0.0585139806565949,-0.10503515153472875,0.04131341990322923
0.05563803819128411,-0.09552667905838774,0.040039333923338916
0.05659693229312908,-0.096051345411027,0.04033525110296665
265.1465115712043,-3.72735255332568,1.5940920882281375
0.05898265383961903,-0.0974288607213083,0.040300692064799915
0.05817824751742518,-0.09960612511228817,0.04040531245172874
0.05154025196893303,-0.09742514813120096,0.04193078488027169
0.05687697319117061,-0.09122434552175207,0.03972657587407191
0.06401522115573496,-0.09743670971286633,0.03980581520296678
0.06608390597175862,-0.1077322817647044,0.041330013141914534
0.05187202828258016,-0.08927977828614075,0.04035291650210793
0.05595486186712809,-0.0881647185632417,0.039174499348641145
0.05209993436485744,-0.10135843727809402,0.04132401129174834
0.059655382325438475,-0.0946398259286596,0.0403070987260401
0.0725031021569206,-0.10807847369343193,0.040482497572167375
0.05720965342608396,-0.10476939760824422,0.04175170555657992
0.057144712899699926,-0.10331042504829213,0.04115859260394661
0.06490857143346844,-0.12157037656472625,0.04315195666022298
0.05538222032459061,-0.08187270342784814,0.03830100623673527
0.05408072397247987,-0.09657764897766441,0.03944738746438192
0.05102832627410703,-0.09252763007297915,0.039920785767594946
0.06151438855055417,-0.0925634395118422,0.039128129326829963
0.06297435065795245,-0.10922963363325522,0.04214515461110313
0.05129519745585526,-0.09911664135503884,0.04092745695436095
0.06007833388078399,-0.09572002854839923,0.03986906094513598
0.051447028414608284,-0.0923311680175587,0.04043399955572413
0.048673127507990056,-0.09450185781469855,0.04001551062689446
0.056167795014240886,-0.09076804676175954,0.038531735512551624
0.05697567693156099,-0.10420640803133097,0.041106709851231216
0.053006250771946956,-0.08961153616697004,0.03967439750772073
0.06046133416070401,-0.09806573967556886,0.04059739424375364
0.053950827693235795,-0.09891868746849752,0.03962568204201
0.05202261450028567,-0.09212170655686691,0.03956864435192564
0.057197368281645435,-0.1006687058846083,0.04095609497865871
0.04959904883714522,-0.09237797510243695,0.040029917923078084
0.7414718378964852,-0.28530046141138854,0.10686388909922417
0.05464954836432262,-0.09791467232930984,0.039960008422847526
0.052118843204141285,-0.08740359269247477,0.03786072568498611
0.05313630380999591,-0.09549524782734409,0.039421921162307694
0.05791559092760725,-0.10053901040532764,0.04058159008241713
1.0342862210780686,-0.7292440935576963,0.27083879386423426
0.052448294053790596,-0.10041921581279922,0.04148011666891671
0.058978120823958036,-0.09806130690163428,0.039801544593393245
0.052445628396152306,-0.09568371764538597,0.03912740610574117
0.058317571665280635,-0.10237416916667996,0.042202103987847295
0.04990221859908581,-0.09863211082794265,0.04103550282675128
0.062045472857394424,-0.09901597014854957,0.04072998872435907
0.04721685601676418,-0.08752818290573572,0.04076724113028307
0.06446479891586249,-0.10713885048727434,0.04143944134303901
0.05596146889200334,-0.09689288424019793,0.03939363407433971
0.060246948104428336,-0.09647842545289365,0.040122576279640665
0.05398890785244917,-0.09155734914992308,0.039209716946427164
0.050532662108180255,-0.08732754507487073,0.03831150887610946
0.6374996508845748,-0.20782636842818647,0.16760726389165193
0.826264920513698,-0.48818257672560605,0.23630377511517686
0.05248576701423633,-0.08779406943727963,0.03898105504918181
0.05938215663884757,-0.10003560690491753,0.04043023977469451
0.05789550360185132,-0.10753365426923267,0.0427597986069892
0.051464330202844806,-0.0907673464914609,0.039416667664163185
0.05877390815874341,-0.12219958180619983,0.04490414997621972
0.06152852281244285,-0.10779367382743743,0.04147608790189672
0.05663063660464208,-0.09774920568293055,0.04011196682892937
0.05591218598553691,-0.0967387485422222,0.04125577127536051
0.05951282522298471,-0.10298305675720343,0.0420214581479903
0.04853568697874583,-0.0868001234142568,0.03925043960875563
0.05947361135093836,-0.09691248412888598,0.039337496630103
0.06024314293332993,-0.1033278915201663,0.04127690998249545
23.2368593763006,-2.732373088992354,1.122143197533493
0.059601597140049443,-0.10088466379236394,0.040272598527038905
0.05574406847575455,-0.09638721474793499,0.040523783702741234
0.0517372111332417,-0.08373975676190781,0.03779905567339714
0.05406428690038212,-0.09274227680761271,0.041020188636665456
0.05305411771374743,-0.09747918117251686,0.03996707939271982
0.06430880374790746,-0.09909572081603102,0.039508385089517706
0.05195832105610253,-0.09297313680966823,0.04001292573205495
0.055337265858891996,-0.08613113784784332,0.037932461363717085
0.060218442146939145,-0.0972451963385339,0.03929919455178554
0.049966919042379085,-0.10849634853956047,0.04232561081049413
0.05085510686783632,-0.08872371976885063,0.03905360356753773
0.20977769834239215,-0.1343097441416603,0.09265801964796783
0.056475255489695696,-0.0929407209720523,0.03897225006791327
0.05302902415047195,-0.08998354110697449,0.03846814049111291
0.057762852588029344,-0.10861782674606957,0.04157493910637733
0.05707392100735167,-0.10510564013526391,0.04125392663019278
0.05530334527271813,-0.11087103392432596,0.04215061331112935
0.05552574358083447,-0.08846529057780828,0.038250910340465794
0.06075054851344584,-0.09833146545771854,0.04033128446349554
0.056794742919495864,-0.08896738123444692,0.03788998500294527
0.05544020987356087,-0.10209017418527822,0.04236411918871896
0.056233433054121276,-0.10099310930525007,0.04189958906387936
0.05645220909643353,-0.10092807394372727,0.04092089730749393
1.1605610163902402,-0.4555372000275639,0.1346044272482958
0.06041664118960801,-0.09775459205819459,0.04054083920716467
0.05340927785761135,-0.08975113756087438,0.039472128509809856
0.05165945509813563,-0.0981809478868172,0.040349825057381494
0.061654150935984205,-0.09776130787938797,0.03954780594312446
0.05683210984655078,-0.09766924301781188,0.039560748685527614
0.05101519107059995,-0.09233696198934638,0.038856180637176774
0.05956884657602219,-0.09564686228186758,0.03991391977273473
0.06407631254435761,-0.1038942026491867,0.040273363610999535
0.05337199977860064,-0.08683376478337834,0.038034780092323306
0.05794991921584565,-0.11405832781309755,0.04261143204352624
0.05662258298845187,-0.10947534193660147,0.04270951506468368
0.05888641259264338,-0.0964790292891422,0.04016376933912014
0.052393540584447236,-0.09297814852251918,0.04032338131825597
0.06520880864645193,-0.10547318146825546,0.04355503483344281
0.0583463815927582,-0.09678592358652338,0.0408447572698849
0.7372646664781781,-0.2667736293048293,0.17549532684053304
0.06271670228393653,-0.09264141363797052,0.03992469348631689
0.0495015646519477,-0.08913548615780087,0.03868493042922383
0.06149830574106924,-0.09693948591879575,0.04049070728803583
0.05510891560326736,-0.09583898724083895,0.03997877164789543
0.05401851434944068,-0.09644904738470927,0.04069614971547475
0.05929039917590987,-0.09460377488468197,0.04046922314363277
0.056376386738912286,-0.0922914847708256,0.03856960035477819
0.06400259037978824,-0.1146906648080801,0.04222003174919298
0.05802695573776496,-0.09533997411169537,0.03928143983287358
0.056235199819984406,-0.10452642168714021,0.04030711331800507
0.05172312481842417,-0.08373679711743165,0.037727034478072685
0.05454823722725835,-0.10442189738000707,0.04192762788491766
0.05512014344960727,-0.09183003862377603,0.03882378714237644
0.054324197517719205,-0.09209882110161516,0.03993373710747106
0.06191124636481678,-0.11301334716094402,0.0416701361942442
0.05565233673151335,-0.10214193400864247,0.041431852242680645
0.06596387460192611,-0.10687334791499836,0.042197317202273155
0.0587401291587899,-0.10673952603299597,0.041391388760352754
0.05326549201811977,-0.09281604826857404,0.03900252945176197
0.049522484879088946,-0.08575337634749047,0.038189288009847555
0.05487893213257438,-0.09461662324446962,0.03961843733039272
0.056599327394640964,-0.10495257033613115,0.042272981249569686
4.4045639762702935,-4.482777532540631,4.3196697338126455
0.055110082258665885,-0.09703262360068265,0.04012287094825373
0.06395901923310127,-0.11658093498106581,0.04358726230106935
0.05559135956729977,-0.0947260756905024,0.0398149293066683
0.054309367132345306,-0.09503086980315345,0.03974752187897623
0.057050127037597737,-0.08998987228086008,0.040270928511913606
0.06129099961865093,-0.11252643634256287,0.04205967920885012
1.8545026498594956,-1.0062292427245154,0.3538983154974531
0.06375824005391004,-0.10150041814340227,0.04004982616544428
0.7617414093422628,-0.39541367067314326,0.15445574019896036
0.06048926792383581,-0.1058205099021663,0.04127301329966482
0.06854996141598864,-0.10479482079755797,0.039687063537503064
1.0084362330638177,-0.41550953897458953,0.1389443390863736
0.053282086710440775,-0.09886324448427075,0.040901318807034404
0.060422777545272574,-0.10448523200975046,0.040445500892220654
0.059975311901277924,-0.09794459398566602,0.04098500966868013
0.05451894321268453,-0.09570096188947019,0.04084810212479972
0.06159893075842977,-0.10496506187582355,0.041672140093304666
0.06463295140320274,-0.10122531712573846,0.0409129952653684
0.05159022485388958,-0.08466547516119505,0.038752013900383186
0.06587568441990736,-0.10877778691910578,0.04213631063285961
0.06118512260760306,-0.09347538449828363,0.03886515666497736
0.0614197792846225,-0.0990215443631115,0.04072977198115835
0.058088842613412774,-0.09626879445076497,0.04020612705077964
0.058486013917801026,-0.10810788819646433,0.04212815617886001
0.054590504955738285,-0.09335265472551413,0.03907510757249888
0.050277604748149254,-0.08468421089672518,0.03906586245997756
0.9353158981755242,-0.3830627878583286,0.16932691934537747
0.06143262474300945,-0.11787801024448896,0.0427295003188739
0.05487312072104129,-0.09979527843015745,0.04054127687440223
0.05606296325350729,-0.10257212204140842,0.039875289473975783
0.06346731859454435,-0.10682408700455426,0.04152223413419387
0.04778699061852551,-0.08459895281147567,0.038784260385868574
0.8810616543432901,-0.5213028517439469,0.344027007105689
0.05233566989293797,-0.09460228886393196,0.039954761250108106
0.05048019651659261,-0.09241844646992092,0.03932179063920538
0.053534460195475926,-0.0924320827397338,0.039727480505334256
0.05309988732786116,-0.102317142288463,0.040034323832297325
0.06490332229560737,-0.10562053436096619,0.0417496181552206
0.060340445203050125,-0.11388573296817839,0.043034445181744374
0.052741063310708866,-0.08994125240471362,0.03932205112793197
0.05165074189171838,-0.097075405571033,0.040577559308744515
0.061769841784593535,-0.11259790194520036,0.04282815622445835
0.06086463707331665,-0.10548800493313593,0.041759459143168254
0.049525904187667724,-0.09243788549155596,0.038798812837208985
0.052153309358471414,-0.08865280986603352,0.03849003028915865
0.06147990581343989,-0.09767593426516186,0.04053180541062362
0.056303416209565214,-0.10507783579396346,0.04162001885342903
0.06046433967221561,-0.10586438825077238,0.0411637512477836
0.05370860104538416,-0.09217865416382409,0.0405807676126555
0.06075216295205168,-0.09607768554593576,0.04139483767254948
0.0582014256588974,-0.0939860305561453,0.038816013328842214
0.7693073760706177,-0.3822622706988952,0.2903205256971564
0.05253524933862292,-0.09992609441599143,0.040793528476383845
0.052877069663549194,-0.09997813133340117,0.04098014284976381
0.058005040457706825,-0.1038990307111618,0.040616698345916635
0.057112543493452565,-0.0970308943979461,0.040731124824765264
0.06506653410025863,-0.1097991696935452,0.04145300347694336
1.3154776721404766,-0.6745015911845584,0.265520035590324
0.06098029691261359,-0.10759438807505717,0.042063016115231555
0.05050041020788824,-0.08713737880196248,0.03858459559925498
0.05197286218528671,-0.09807275525363224,0.04048791476859881
0.05898878358112406,-0.09536393903916007,0.03899459020985496
0.052237671282122866,-0.08300126500971317,0.03762561861167901
0.8347484006490544,-0.639319938589594,0.3612919623334001
0.05186452420029933,-0.08917140497592158,0.03930696484772467
0.053408451644702516,-0.09993441099945244,0.04050614749521175
0.052714004880581436,-0.08557542625823089,0.038976460484106745
0.05374026767250165,-0.09127877237588677,0.038102426444587945
0.056780389677385926,-0.1007085402101211,0.03930345848015682
0.061016842170758395,-0.09291469857433299,0.03867326562046225
2.2302420591864123,-1.8333757525022563,0.7142899826814926
0.05607059541833808,-0.08973425776022026,0.038594703432340616
0.05926943563251825,-0.10368306519336556,0.041490141240007716
0.047702655732490155,-0.0852337361720572,0.03889296106841433
0.05325558877618398,-0.09851605051923684,0.04011974892880765
0.0630548646241545,-0.10309290584722675,0.04147472172543187
0.05271753716994471,-0.1027937106774246,0.04161757862778526
0.05631139913072769,-0.0914116329125747,0.03846631900121178
55.72668058289341,-2.6783733849133355,1.0175738490149584
0.0630304704818954,-0.09790850936285267,0.039342868450044755
0.05562352785473512,-0.10276900116679144,0.04242778263697522
0.05537117090838408,-0.09913927560170777,0.04010505233369566
0.06252349776822562,-0.10829662411161678,0.040914167598900875
0.05390553778951874,-0.09723873531154936,0.040580015388405055
1.072086499526403,-0.600398329958395,0.43298762146715575
0.057757311866217055,-0.10310832384271862,0.04196740048746905
284.52357873399865,-1.638371162691378,0.329694026376008
0.05637187613762135,-0.09223185316639615,0.03871837636621267
0.060356162980169666,-0.09836717639919357,0.04104033117074346
0.05585345436700722,-0.10085267580949164,0.040976833801690926
0.052133988750693305,-0.09339150227475557,0.040139160668906104
0.06126575253531896,-0.11102584222724943,0.041477265958676846
0.052682877682899934,-0.10169950085828106,0.04048814540230694
0.07391672395871138,-0.10089576867650152,0.05987971182967655
0.05183528962757062,-0.09420976226981281,0.039808544926303036
0.06417835371301467,-0.10646891059877817,0.04143329182075428
0.05422918544004148,-0.090282044925587,0.03864002101956432
0.05471978391010593,-0.08807603505794503,0.03848125759599963
0.056443243329965836,-0.09511119777839383,0.04021217604683258
0.056997702063677984,-0.08926385860000607,0.04087869475328754
0.058244036018275186,-0.10259820174415779,0.039654751775613395
0.051907201388057364,-0.09484738538582604,0.04017432500050866
0.057873951560693505,-0.10334284551898065,0.0409145176177339
0.05548503315965535,-0.09325462097181969,0.03950846944809072
0.06017211364860108,-0.09189790689804056,0.039569284058768694
0.05603158265465566,-0.0911568451367728,0.03844435711361083
0.060072552142838055,-0.09361513868736182,0.03995904106521886
0.0626328565041299,-0.102882259302703,0.03982207403971616
0.05783444282966904,-0.09327576266890247,0.03975303453124113
0.05060739210229774,-0.08688899489143864,0.03946066421999683
1.088828047178894,-0.9418174284335947,0.2701235427927635
0.0618050378181459,-0.10213902166454858,0.040974874787885085
0.05465766299584807,-0.10104392068009815,0.041109735424841976
0.05417664124944185,-0.08722325154024446,0.038086759129042136
0.049614601222339454,-0.09205170959360487,0.03964020616432595
0.18471486379379287,-0.11947403289129,0.08610610988377232
0.05459576376102245,-0.0919726689827769,0.03784984460123031
0.060315249548957964,-0.09219659445033557,0.03943624523141498
0.05275358659038238,-0.09904112423593148,0.04091135473333418
0.0641736967868158,-0.10447685162346687,0.04071915978840224
0.054838554001573156,-0.0934384811223481,0.03918395565241317
0.056496103880157696,-0.09770623917022192,0.03946155268991758
0.06196488886709661,-0.10142962547811862,0.04168637564636901
1.239224141880374,-0.7119698140432931,0.46763652907592324
0.05732416792949121,-0.09472213082369763,0.03968305429940289
0.05520476425237864,-0.10673405693125204,0.041709859541233296
0.055492457337525114,-0.09788484131470909,0.040134039158398416
0.055591229593694266,-0.10190204359328447,0.04184051419076873
0.6062599244031867,-0.31185314647969875,0.22932745153725076
0.05225194014426997,-0.08944813033339472,0.038429490672944766
0.05345949101954854,-0.09424298059809644,0.039462789086950334
0.05256850002791432,-0.10860929139654729,0.042131315822183435
0.058498690334975845,-0.09462436878850156,0.03987477862353517
1.2861757424145845,-0.934036273009724,0.3437618244918603
0.053907406187087864,-0.09433050787831831,0.040284357764091894
0.055533152626363234,-0.09082331910183683,0.038613395650909155
0.05059913619791597,-0.08995974127342521,0.03897091588280599
29.06533341059134,-4.001831133122678,1.39231086231041
0.055830400315816306,-0.10817342651839112,0.04113066238487173
0.056533541569168115,-0.10117753366687765,0.04046196471407937
1.31772585653624,-0.7723724681043649,0.4963166324216708
0.059085271462395506,-0.09791477596182574,0.040288902849131336
0.04958312985543876,-0.09234058574769222,0.040059990172589544
0.06181831155262927,-0.10502357886628744,0.04109141417601725
0.07133500305223368,-0.10776976173688979,0.04731935231232409
0.05318868711609386,-0.09020558195292949,0.03855616728690903
0.05350860337501579,-0.09685187924888794,0.04010838903000247
0.44164208805770533,-0.16446200941975064,0.06695614612517975
0.052686571665279555,-0.0952550716118239,0.04085959922309845
0.05943537268309042,-0.10322128422559729,0.04101751805844378
0.0679051830624245,-0.10607608019116554,0.040316257565802704
0.05253849798590839,-0.09219872835274856,0.03923844761548345
0.06014739529839885,-0.10644674856671088,0.041757933642090794
0.06006537092706953,-0.09968156354967306,0.04106419945121553
0.05101665738174758,-0.09101664414284016,0.03932490713546466
0.056634554864409214,-0.101448331629868,0.04126929291643622
0.05367170825525865,-0.09409218627298799,0.03953464984458499
0.06256695892002247,-0.10577453390129676,0.040453322072270925
0.05752620140776634,-0.09094758785646917,0.03898660591873204
0.05087218455929216,-0.09232210502096194,0.04029020774113512
0.06713821545715672,-0.10810977692351997,0.04102317667465627
0.05849695488040052,-0.10333060089907775,0.04138445164486093
0.06288630078175039,-0.09297419955196773,0.04030646565465146
0.3325998968589977,-0.17907659530359155,0.13097413166866811
0.058288503989052255,-0.09265706856659506,0.03969894479057334
0.059469415459784576,-0.09412757835406893,0.03900746227368135
0.05221916780481004,-0.09323957120977866,0.03889640306701647
0.05328453556716043,-0.09773487615665744,0.040022265462248185
1.5266691856897148,-0.7783630368914203,0.5574865842393315
0.9854827248431428,-0.4443402580468572,0.13952645966301436
0.056803906238085664,-0.0988397715740561,0.040119064969532214
0.06213292072342961,-0.10850621009708306,0.042192235891096885
0.06141964307618388,-0.10093862883518057,0.04082325607386572
1.4499243382241833,-0.7945632058415697,0.21226887738474076
0.052156977969669754,-0.09328163917625432,0.04031697902690645
0.06230498022589403,-0.10003321175803137,0.040024929221702976
0.06552155598748433,-0.10165650233540191,0.040550208497161844
0.05273274076322133,-0.08608372003057241,0.0380180998524402
0.05899821229186049,-0.09854441972623817,0.039912280108475695
0.055582161410801925,-0.09714687103370068,0.04027456476012148
0.05888254725138246,-0.10496469234647066,0.041164370572122966
0.048814044794180764,-0.09115081646104528,0.039517746643524365
0.1992065055087091,-0.14850623720303702,0.08075423490172096
0.06599758576894085,-0.10753808416883714,0.0410662301180893
0.05880288108780939,-0.10510621922588825,0.04166811923208913
0.060757693739298436,-0.10311264041511237,0.04120916268074959
0.05270946510464032,-0.09459862131942742,0.040157077043240896
0.06002419804290614,-0.10174145412948121,0.04124921009557658
0.06065976383492451,-0.10418980284647716,0.041377851049047454
0.05647360096428868,-0.08779504762627255,0.03820952753782203
0.049263624609057206,-0.08383964007268219,0.03792392931667843
0.05516391026935553,-0.0929278623431955,0.03888516223755634
0.06714051903494078,-0.10804932415661028,0.04097126150806485
69.81917439695108,-3.7969971429194445,29.883187814943398
0.05188231445299169,-0.08872509665803818,0.039803456325340214
0.16070835910822384,-0.11104733900936736,0.08181965900878208
0.0522980158687199,-0.09238424580964733,0.03997562447089642
0.05376706831089024,-0.09967951042321488,0.041472186249008836
0.05727847263898975,-0.09796470419577474,0.04026994847766252
0.052659861250223275,-0.1082593128648881,0.04251483430729941
0.054165644348737885,-0.1021878786688788,0.041408953439763696
0.05754752346143605,-0.09997502008487658,0.04101808440395338
0.054379372305632376,-0.1025177969261506,0.04105458885292368
0.0547190514841897,-0.09399579750299125,0.0395479569082835
0.05030296454187956,-0.08326568753486896,0.03771975079598189
0.04977385330681019,-0.08520732868735337,0.03862836559179339
0.06284446426284328,-0.09566290722356285,0.040339570082471354
0.048566617313990666,-0.08457639719695464,0.03801444203297688
0.06595469329749143,-0.10612519449794178,0.040810223613353624
0.06285731027009483,-0.10361735891511614,0.04142215559001139
0.05812554305130265,-0.09437302117322588,0.039767501146416695
0.05122019369853831,-0.09647775667998815,0.040731880182947044
0.05618968496586724,-0.09602197334218232,0.040234492054238125
0.0751612026720585,-0.10908752117644838,0.04501922290352223
0.23168078004415366,-0.14582088014466166,0.09756013063043767
0.06566550880642111,-0.11274205467101694,0.04112388048792903
0.05348062189490114,-0.10607204415084226,0.042634803481156336
0.056986582138474115,-0.09899281361197154,0.04146318801098525
0.7472441570321233,-0.3941570511608887,0.2730013642859248
0.051583022337851316,-0.09613582867515902,0.0407129133861166
0.06118523214521252,-0.10829951380957681,0.04247063467525214
0.6599659818627218,-0.27641304443217507,0.22822958335722188
0.04898653784193791,-0.08351827669012835,0.039082924388039064
0.06273848048797116,-0.11038307777082679,0.04162809082301777
0.05578797338983036,-0.10205474120711244,0.041020614624639684
0.05852268217059351,-0.09362222268378417,0.03930422970441505
0.06250917332482091,-0.10741189391478656,0.0419722150007007
0.05679620812952793,-0.10255087322283885,0.040558249128164636
0.06653648330089977,-0.09586723204518677,0.043227862232699366
0.06200646449936847,-0.09154826429684704,0.03916624937565594
0.058801222339061814,-0.09689531748790614,0.041663242191361416
0.058889645140739404,-0.09482074869492862,0.04033639197729544
0.05554263336366251,-0.10079569556705081,0.040976605446134684
0.05288807008305115,-0.09751734150675162,0.041034277600030755
0.055167337248028234,-0.09668656781884977,0.03952415222293748
0.05253823524502874,-0.08965456515176129,0.03978983337074826
0.06896737663464972,-0.12095282297677556,0.042504429318706904
0.06365730601852149,-0.10126889664435623,0.04087454514004385
0.051618244090563016,-0.09166728223007681,0.03857676616311245
0.056532902279369364,-0.09408524162898857,0.03886079881889648
0.05498165960357697,-0.09501571799813036,0.04052626154882111
0.05717387064444459,-0.11521343229659209,0.043483916625204344
0.0555276028986913,-0.08918785431283283,0.03777398505480045
0.05212906091311894,-0.08864496337615435,0.03983050209399375
0.051869964576345386,-0.08356322298378416,0.03753903574147266
0.0453796332169251,-0.08165571584723352,0.038435333310669506
0.05446374192801762,-0.10015958418635051,0.03986828361384198
0.053872351085593316,-0.09483259054157145,0.03902413624768153
0.05662279176513593,-0.09076569012552227,0.0396556383555402
0.057840067172084945,-0.09499919033297033,0.03851045749018045
0.057366536600077164,-0.09842395490763778,0.039907718288875405
0.6474503178156094,-0.4124951518257731,0.22401330841184297
0.05530148023608655,-0.08980258772729854,0.03902341536408693
0.06720843486331095,-0.0965279310865057,0.03951796538564434
0.048699002607813346,-0.08544006151593919,0.03862113782629839
0.05865421202288523,-0.10999364876307993,0.04118749609679062
0.0476527355601384,-0.08966362882664214,0.03966188854487829
0.05437253944682658,-0.08708987814418379,0.03923730790068625
14.490782725445122,-1.8106997021075344,0.6792761312893631
0.06147441236668325,-0.10684115042896991,0.04126165508881341
0.060999900233255674,-0.10659846133832929,0.04062749990799386
0.565300973871572,-0.3299701017360661,0.17699627633393522
0.05187660491343177,-0.09342312474957737,0.040869388107593885
0.058906529362309216,-0.09486023052480164,0.038626124494721914
0.06027195837946969,-0.11384162061886371,0.04336516179140837
0.06181874696271628,-0.09502553951587345,0.03987079373853453
0.06621716410083915,-0.11275126107756961,0.04093227003936395
0.06362681589471264,-0.11168099460534364,0.04258326290754777
0.6761466570428534,-0.3048129905450665,0.19174404929567324
0.06127396896578762,-0.10222021976475304,0.04088279196945033
0.05592006137823933,-0.10178683316628678,0.04116967765865631
0.05542103634645722,-0.09677946510700508,0.03879571846755203
0.05551219274153796,-0.10348115723781603,0.041089389742670956
0.05917709930239936,-0.10071779312334428,0.04126552596876332
0.06123776783679289,-0.08500536093157507,0.04188222091860405
0.04717096512750075,-0.07932201467028221,0.037478179726165184
0.05131770799018237,-0.09480813589870962,0.04028219259024235
0.06474216519087071,-0.0993898909157025,0.04632213531402041
0.05723981598084493,-0.09358175724784701,0.04064634810705536
0.7783060405496559,-0.43445091496049315,0.2912430990514068
0.23535821550336133,-0.09522179013931975,0.04977312380365273
0.05681183214517862,-0.09382058964080642,0.03993851866088649
0.057818809081770645,-0.10033406321554139,0.040323475700276834
0.06488826952874543,-0.1028249790809781,0.04105060962949558
0.05299703085204609,-0.09991892618585041,0.04108569335719858
0.0648003454234369,-0.1027590031710659,0.04125282123760554
0.051170085697791495,-0.09617876953716831,0.039915174389441255
0.05319899296944975,-0.09373870836222409,0.04019741559461121
0.06042751216707087,-0.094534147454155,0.039433308650102195
13.804275298122828,-3.9048104057584396,1.7010178767449133
0.05564687878683127,-0.09384356639845493,0.04007993297727097
0.05205519475450505,-0.08789216365204311,0.038735879083131586
0.06755030506383526,-0.11439341613849763,0.04254929024840415
0.05189418346119376,-0.09442839351540755,0.03987446874910994
0.05120903557070467,-0.09019433646806618,0.040210351859747195
0.04998699579327609,-0.08941468505394568,0.039823748342871834
0.053521132705287085,-0.09083082984070501,0.038719135215889544
0.05794402148693056,-0.09281335493692922,0.03943209745571696
0.05654596611224649,-0.09810362228384406,0.04058967712261774
0.055660252858081814,-0.10141757959952713,0.04124417211388254
0.05571024477101967,-0.09433304389027342,0.039879643769410666
0.05571269429058243,-0.09162781638349315,0.03891354046109985
0.05607066050539627,-0.09685097448011959,0.0395970380748083
0.0556965930750088,-0.09806694363270907,0.040561972096960996
0.05187941831827503,-0.09401912509469668,0.040211594422094876
0.05420726606302287,-0.1026218585923715,0.04170513390495989
0.0623055093504788,-0.10689476473611137,0.041442145941508635
0.0537775351560983,-0.09525910431370477,0.0401169820352929
0.055981895350131455,-0.10926511800064986,0.041498004289346024
0.05361801191762352,-0.08265722358419225,0.03770541448855802
0.06169266502230582,-0.1098915815598076,0.04129392145300459
0.06280104948072121,-0.09299626820042306,0.039178193989208854
0.056791822528684865,-0.09667144911287551,0.040575202174063296
0.055309749677480397,-0.08872474357047366,0.03966080344377554
0.05151488790355064,-0.08675383440004225,0.03861873918266712
0.05781288540640616,-0.09518741120439245,0.04003879450872461
0.06749837024984488,-0.11299296479920429,0.04106020021296786
0.06675960044160029,-0.10296228979007793,0.039217781668315244
0.05190087442081386,-0.09069338594255072,0.03899227465829558
0.05969854183316828,-0.10649705280548005,0.04079265849361713
0.05156469071876419,-0.10303394561146462,0.0417436154843287
0.0599946626506266,-0.10457424709615282,0.04108833143649404
0.9100825732679899,-0.4999442719484861,0.37966870402255104
0.05824227844687641,-0.1092774281674096,0.0428505464003468
0.05010878342251779,-0.09360564948609351,0.040775823026296454
12.421423093518914,-1.6415845472595123,0.6966131208570481
0.06359324939836694,-0.10526810552974553,0.04163923944233838
0.051441389020774615,-0.0804193242813227,0.03807948890268742
0.0488824902238654,-0.08520756763977033,0.038909589921151344
0.05689717724836246,-0.09910609671374004,0.04056332532518869
0.06692824114497313,-0.11772370910725982,0.04351204100494144
0.05805244043265714,-0.09580007077629915,0.039469207070526036
0.053872110492682874,-0.0920550381890024,0.03979165543148255
0.05897966418403584,-0.09837539882234836,0.04009635679284962
0.053179703721845786,-0.10006414917063466,0.04130827710817808
0.0801733365177487,-0.09271461158908778,0.060731868765748764
0.05665870420776128,-0.09579119379809242,0.03986579625019626
0.057364971988684184,-0.0984813375058593,0.0396754296124433
5.514523155845633,-3.5121560427224665,1.9520573417187563
0.050485998117415026,-0.09197333515911055,0.0388923822225693
0.05056238020639816,-0.08250607581828007,0.03862275566646378
0.04939880445530214,-0.08780097332514458,0.03844035908564036
1.3500902034370161,-0.7659167343140254,0.48273256817369514
0.05075604686439654,-0.09554058674751076,0.04036816185682435
1.2914888817682573,-0.9858606308679043,0.47807573221631117
0.05760900471576399,-0.09289477307771676,0.03963587939484814
0.05444645231895467,-0.09464323992184376,0.04064345399692648
0.059351485619005745,-0.10017018351584994,0.04029698537120918
0.06455753585818462,-0.09773940979679452,0.04026547321378349
0.05315943736059592,-0.0871070252470787,0.03927354890970847
0.057388245860183006,-0.0963567749398564,0.04002163855770746
0.0666887638582198,-0.10547849837957557,0.04025521588291747
0.053543693131264065,-0.0969307174096059,0.040375777161493875
0.0636681832307527,-0.09464436351551342,0.0429480320032698
0.06167178779881827,-0.11019882656992763,0.04285835603468913
1.0534065465035485,-0.6064118637481286,0.352346214495201
0.053114021734635634,-0.09209250094737342,0.039511006012285854
0.058145278636131364,-0.09996663416300322,0.04106763453076612
25.113694627573693,-2.0320370438989457,0.7857401812571254
1.3701166741043949,-1.1030786555740661,0.374203774262579
0.0496028144831714,-0.08702663172164193,0.03867212114995322
0.04800078951946871,-0.09613624212822458,0.0412810737869127
0.06349882380473998,-0.10617489519212597,0.04106183379221884
0.06386612187083524,-0.11182338049844276,0.04188516538828502
0.05433405187926656,-0.09227152723006071,0.03942978635452521
0.06851539153344641,-0.10234200793237136,0.039521349197650935
0.6094270575303279,-0.21767427774126702,0.1490415935805247
0.05141894068730794,-0.09135830146436774,0.039815998662117824
0.059803326125075905,-0.10372463421094835,0.039853795647012635
0.05695872904316059,-0.1045442377189616,0.03985872168668214
0.06551739942586761,-0.10184889289976695,0.040885826157235794
4.235344716164669,-2.9666967914324616,1.520778675027131
0.3047461825891477,-0.10543339693522569,0.055516339756691124
0.050818571342813826,-0.08999596707939617,0.039533668202688776
0.6832958005961914,-0.2789759745098479,0.17449659225772685
0.05749609860795398,-0.09009014472736254,0.04051078794999308
0.054897505628808414,-0.10616320252964329,0.042253691651096936
0.054036523416078286,-0.0898729695193552,0.039948754213538606
0.8066418752431244,-0.5219876386687474,0.3264719343605176
0.057170925590298974,-0.10028758938268112,0.04024239184694345
0.0538772046044474,-0.09644084119634044,0.04003733018529232
0.054384631981076084,-0.09302017259776818,0.03993534452525527
0.06142847970872703,-0.09796867533609799,0.040247086867013504
0.7004930833779558,-0.2959015971533887,0.22314934601408787
0.04980133989000068,-0.0902133575637123,0.03911775023191044
0.05314287327815766,-0.09877468745459339,0.040695840779373604
0.05425568801532838,-0.09147590887315005,0.03962049814186264
0.05814307766823694,-0.1031600580770089,0.04072855024508559
0.06080737756760084,-0.10212653895268176,0.04012106680390204
0.05450627771753319,-0.10410953663149769,0.04129526845579923
0.06543667250472264,-0.10558163859525393,0.04068239421453157
0.06222871393799608,-0.09525754897736505,0.04076070517953312
0.05836221204095937,-0.099519893262908,0.0400782753579918
0.05267978153011984,-0.0919640384868714,0.03885411617890844
0.05115201471774139,-0.09737030127397617,0.04075179668715556
0.056550239536513544,-0.09322110319925514,0.04002626616369476
0.6293958912710339,-0.20146904036806035,0.16490121351739084
0.054585958990516596,-0.10248530286405355,0.04198561985016003
0.05132283487236066,-0.09148764014198463,0.03883259251746907
0.057434787726873195,-0.09552598528797773,0.039826242813516544
0.05146967218063673,-0.09391581940143823,0.03981466951852042
0.057592192767541,-0.10788358241004659,0.04186728517388927
0.05350451232132445,-0.09205968495371053,0.03901608607738494
0.053438861800099394,-0.09053724093154614,0.03930534952178544
0.055416895798354245,-0.0979524132868761,0.04083784106385524
0.05692042926590362,-0.09652007939666873,0.04022139896451904
0.053719681722152655,-0.09512538792115777,0.03970766228235734
0.05782283992309695,-0.09080601565684532,0.039195355955445876
0.05321957431128467,-0.09512724447249354,0.04003937225198939
0.054113842744810556,-0.09637498869352612,0.04030340203274685
0.06084929808558302,-0.09840759853192793,0.03982234833511633
12.340800790704987,-4.667412296238325,2.2278406470258574
0.054203130502960245,-0.09300986769693509,0.039881851845573024
0.0512734782122969,-0.09762223140112525,0.04029196836071014
0.06875069120959021,-0.09982542743964018,0.04245814681242788
0.05034727481591636,-0.08512944471981854,0.03875298868834287
0.05863648129315419,-0.10093380502322447,0.04160512472490252
0.056704851851434396,-0.09066595587557913,0.03931614360043323
0.049944460793876294,-0.0888622350228232,0.03959121481896499
0.6340674641730716,-0.21143301584547913,0.17568428985856066
0.049708261010697946,-0.08908612689987194,0.03946134970372395
0.057782791382379156,-0.1008716005223178,0.04019908412226325
0.057339066156904886,-0.10224360432507495,0.04069930906160035
0.06443525455424493,-0.11878386820855269,0.043433929757361156
0.05452751367176024,-0.10167118480148218,0.04112651908307363
0.050861213623830316,-0.09948866244395305,0.041508215767644074
0.05322133424805954,-0.09166681740809679,0.039065062496856484
0.04803094939597735,-0.08868926307054181,0.038534362141543266
0.6639842457830089,-0.20541531854100725,0.15372306330270114
0.05181994401760574,-0.08414288610035925,0.03816299454083083
0.05735861970670065,-0.0940350710561546,0.03932221170379835
0.05347907107641146,-0.08679181706313699,0.038274777824219175
0.04970834219490961,-0.08531998830538612,0.03972447024160708
0.11687633953645923,-0.10492946272076153,0.0685886827663813
0.051445441371227286,-0.08901485884890548,0.0393634291140037
0.05587257019992969,-0.09346038621299613,0.04002185486871612
0.05338941849704597,-0.08292090526202855,0.03798364472052773
0.055665198890105336,-0.09425226721434399,0.040472353813330475
0.0534689080657632,-0.09521509537227502,0.040379407783305066
0.05926879474419637,-0.09848783725513499,0.03998362620282547
0.05822991470074532,-0.1060374410742213,0.04137586976103824
0.052093714416908174,-0.08970276540258482,0.03947139943471045
0.060092749014760555,-0.0952994316507727,0.03953533710571966
0.05600218273974989,-0.10296533953221854,0.040569117042294156
0.055058984564829494,-0.10144512908352965,0.04150230254698695
0.048765257431577204,-0.08476849307967882,0.03863819842091676
0.058760459950853786,-0.0963867126216229,0.039299060456744694
0.05473407536058261,-0.09518498960510868,0.040170888853369835
0.05795952460222869,-0.09163950954940248,0.038821041500542997
0.05491707941359039,-0.1030349895910021,0.042085719948386835
0.050397889402706855,-0.0886184804721708,0.03877786406613959
0.06730885181269934,-0.09532714725785496,0.039536690179487355
0.0546019620477015,-0.10075364922115426,0.04005606239054549
0.055065908492774485,-0.0960951388673763,0.040156889026286446
0.051756187833825414,-0.08821540050128363,0.038482307891284595
0.05925119686148238,-0.1011650500249246,0.039049286096322966
0.05357152903784359,-0.09242204074566729,0.03918031963282953
0.05278547972072556,-0.08876602900294017,0.03841252857578592
0.7188553693691594,-0.29401251758295643,0.23708146321558576
0.04873694326692373,-0.09410830288211969,0.03979640377317928
0.05980011779812384,-0.1038537916259159,0.040806594955850706
0.055953174103517786,-0.09532142776371444,0.0400932578757236
0.05876830279879819,-0.11059213989313577,0.04211515174274538
0.0553762825054211,-0.09463089859742269,0.03966983056474893
0.05555902511500267,-0.1002333640797275,0.04089419345210343
0.05145251272551992,-0.09085493266756117,0.03971422675774461
0.7853593275002467,-0.46795345923714393,0.3117851227996251
0.054225542650010436,-0.10417421436856955,0.04210739331233482
0.05428446339153651,-0.09352583847826423,0.03903825459238153
0.057457347036431274,-0.10293550778582272,0.04150727758402839
0.05651285150943901,-0.0983719182398346,0.03989541110974182
0.051268952510650556,-0.0931077407033527,0.03989337527957604
0.05299888266976479,-0.08877461457246483,0.03893389966729366
0.053972331757394444,-0.0929384770765651,0.03965693855920094
0.057032710259133555,-0.0982808146953218,0.04126165897404732
0.05645846662925036,-0.09672905948919919,0.040859999227468524
0.05167670770427801,-0.09543395879995842,0.03937035693349378
0.06535275417041148,-0.11000266777743661,0.04222127319955726
0.05076762058635826,-0.09674455375449043,0.04111424791533613
0.05843842675780108,-0.09848771362586461,0.03946198140077195
0.1963875302911427,-0.12090516231375403,0.08197683175469361
0.9217703245539676,-0.4775703495600112,0.3225028966765269
0.05544588621333602,-0.09503008109517452,0.03939755378620413
0.05483430533853019,-0.10278781373809665,0.04075098541531874
1.140075596304982,-0.673477988198556,0.48837860286905155
0.056798568453186905,-0.10248422153733827,0.041098441879336534
0.06934746593798688,-0.09032596876595989,0.04490036243517803
0.05106830937238152,-0.09182735627558714,0.03946876969840574
0.0523685970228817,-0.0959267773679855,0.04054964945792827
0.8161223218425593,-0.48900117323641723,0.3068727939555256
1.121281743414151,-0.6281695057759933,0.1873297925999733
0.06278524622247456,-0.10322331153415121,0.040563614496233136
0.054640939151958924,-0.10476249807911842,0.041540153475553954
0.054838321738189595,-0.08445189889916804,0.03861104665228998
0.049916646211119346,-0.08827334489478034,0.039366732262460236
0.061630564770230545,-0.11252439207347464,0.04276547261589947
0.05317577148207941,-0.08979347411325733,0.03874714836648252
0.05257122773678003,-0.08926597064870379,0.03865233370597476
0.053711922872902926,-0.09588519014799601,0.04022440375240954
0.0630459353893436,-0.0902231902932229,0.03884796022464432
0.054301047588152664,-0.0931545173660453,0.03941203469750887
0.2564792616915311,-0.11786565972254692,0.050679232197129664
0.05489669736685764,-0.09086566727994949,0.038588198435787646
0.06259228540744707,-0.10436028098507677,0.04071916478166715
0.05796642089664824,-0.09461610718111046,0.039524117033245876
0.05957355908872417,-0.1012151195064348,0.041030033395999865
0.05756795515998766,-0.09168468124913431,0.03879471519277322
0.05239139631166892,-0.09218851914447157,0.03926541908445147
0.05839472048232587,-0.09673756865984018,0.04011136947159333
0.06412656874462731,-0.09082837442160496,0.03809777104266443
0.0558103989280698,-0.08817024292645925,0.03901162776753875
0.05054144761698959,-0.09204492691489463,0.03912880642245797
0.055889298969715256,-0.10052184391892638,0.03977049586674175
0.05123504319304347,-0.09143618783797791,0.0393998903995012
0.05663073151137938,-0.10409970215683728,0.04229947769065534
0.04628121066950039,-0.08830597189196965,0.03987201936847917
0.0682859564415573,-0.09892926175698591,0.0397313831967967
0.05867704974277599,-0.09294114919498497,0.03996116407021555
1.5512857449473285,-0.800736039749836,0.2771263907588022
0.06031106643067579,-0.10117784732342727,0.04027080620233603
0.0623232459105828,-0.1023915139606899,0.0410473104036968
0.05662367144997699,-0.09158170702062307,0.03955444027034449
0.05808576909906933,-0.09571848391314575,0.038904111968952826
0.06168756028960529,-0.1053577204319538,0.0400345051499893
0.5648935090901077,-0.1408344252904996,0.0827399869598624
0.05228393318904724,-0.08744836253805488,0.03859721549212658
0.053770959972194665,-0.1016542275077299,0.041596597389574885
0.05290602535499828,-0.08872839190343029,0.0392370370759525
0.05949862758791536,-0.09196472478352291,0.039284338636011995
0.05764094289203445,-0.09958212647985931,0.04082405278924206
0.06104148592947495,-0.09941692963249693,0.04060165451716058
0.05760059054659863,-0.09944989927219439,0.03915493695270866
0.06697933436084832,-0.11197657178706777,0.04930938664844309
0.05701322076939498,-0.09651242586753739,0.04047201888341201
0.06264651575255581,-0.11603778504539974,0.044293133976729404
0.05602413616980052,-0.10180408918555628,0.042013731774091845
0.06010866532255473,-0.10772521503974986,0.041411710032845495
0.05404164804827481,-0.09350596453466409,0.039512242833843025
0.05370184028384712,-0.09811916396914455,0.041000912432206604
0.05806682978047936,-0.10154881595886422,0.042114257665856414
0.05071352629153391,-0.08828488836007153,0.03911072979785768
0.061547394073534545,-0.10052580464639504,0.041154945216576255
0.05313171505925842,-0.08663443172872576,0.039091555815299106
0.056210855044436465,-0.09915208227950956,0.040679239089355335
0.05544795357491775,-0.09732995788542809,0.040562313151587315
0.05725564047530054,-0.10328220882281869,0.041080186798843954
0.05522284110492437,-0.09307822171405178,0.040012648330073564
0.05647609110119463,-0.10927181133902764,0.041815972709660976
0.059107705045178656,-0.09540363301910304,0.039557922485283115
0.05587832280892225,-0.10288333366904112,0.04140934282091058
0.05795330927039222,-0.10594276200878028,0.04177683710128566
0.050912895796540916,-0.09642083963764492,0.04056780736817078
0.05978576136293592,-0.09452239630228831,0.04015223176910876
0.05437321857538206,-0.08980594536081554,0.039668450446936454
0.05373198286812749,-0.0965662227496864,0.041049955856620635
1.4077276106967533,-0.6551543727111167,0.19220432399142862
0.05495602653197414,-0.08649148742536994,0.03847316047924787
0.0560901422533924,-0.09764919042525122,0.040514881465882446
0.05490007232674284,-0.09302889929190883,0.03951958075665374
0.05953749798405167,-0.09608570401032068,0.039098334789855915
0.05756265945475573,-0.09468213030190498,0.039882030107525335
0.05851985726915656,-0.08823009337595522,0.03966683285013728
0.05251936468940398,-0.09400146868060233,0.040166634069181306
0.771474327433255,-0.4002836227602131,0.2916494037760078
0.055130943190747315,-0.09862906736468346,0.04004321764837426
0.060190130450019294,-0.10703637640829555,0.04174617678865422
0.18162637307210583,-0.12076228480237461,0.08390182919218336
0.05938004638953583,-0.09950205315539051,0.04074787350483122
0.05005620096989482,-0.08340778418686767,0.03839077425877768
0.08792410110839785,-0.10323048520531586,0.06405242870346406
0.05551559607409806,-0.10046582772781676,0.041061040350309774
0.06108052987551715,-0.09687091856355323,0.0405033154878125
0.05228648680638838,-0.09465711614585359,0.039741153104444926
36.72038457424082,-2.9061424421228708,0.8189864470730939
1.1217442616130273,-0.49560264582986235,0.14073641695659944
0.05597716524229148,-0.09390593722851293,0.03956017211601015
0.06003067960013694,-0.09351620764026336,0.045226529636225976
0.05460967985417797,-0.10722705735732063,0.04131277672879108
1.9069884750388173,-1.1629091424380888,0.5493762603831094
0.5417000884179197,-0.21413436302865563,0.15185531790724838
1.5971696665183304,-0.758672067871224,0.5523783624223206
0.05788218720333774,-0.09938429274328797,0.040042559891323215
0.06889370345820131,-0.10555712644966775,0.04229792195773241
0.05230392572910486,-0.09718080796191231,0.040261041826231025
0.05767786772755328,-0.09217744387106563,0.04027151189585121
0.05458579365054815,-0.08789060154926176,0.03864395254539632
0.05387778695511809,-0.08744509110324117,0.03854548827173021
0.05382553304501245,-0.09702542427802285,0.03976831026825778
0.05504739911431781,-0.09536718020553536,0.03958618015341653
0.05423572108633658,-0.10864820240456652,0.042230194390910025
0.05693544681284017,-0.09905337843734685,0.041089458723007954
0.05336127686179312,-0.08340495387409419,0.03841624632770202
1.6482603663501867,-0.9406081999197369,0.5619216409635754
0.05538500242271524,-0.09933552838266024,0.03941556761917875
0.05616306059942767,-0.1079731091139493,0.04110755093589713
0.05440427440023742,-0.10002065146134953,0.040839184718236776
0.04759789209152164,-0.09233910555978042,0.04057816093447908
0.05775903369107628,-0.09349756747919713,0.03953993314618964
1.4946708341060007,-0.8420943646448507,0.6243893314921642
0.05670335668129464,-0.1022425232148052,0.04158204235638996
0.04756675472007578,-0.08385570300639245,0.03773955452693789
1.0916386564204774,-0.48181645343324675,0.13725088684544495
0.05716265681967973,-0.10530510795037173,0.042004974993094635
0.5978144908609456,-0.32493490608784725,0.20931543527797114
0.21607548780968405,-0.1379679577652695,0.0872839689053242
0.068274346337526,-0.10375078296238627,0.04097203955170059
0.053991440174036225,-0.0967413622257638,0.03943581981151212
0.06817880090532573,-0.10504647660780364,0.041541432763345654
0.05802822863944927,-0.09662583138221947,0.040074664757757006
0.06084627908569535,-0.09773808000824147,0.0388703190106896
0.05762475828933104,-0.09720235534271637,0.039234032447636125
0.0627516042594643,-0.09823392459210112,0.04115494485773441
0.057960386182832266,-0.10648648199970268,0.04228082866002092
0.06245809029243141,-0.09735705874613387,0.039251899657765765
0.056831001192540344,-0.10082992674366409,0.04114425874131955
0.6642599463166572,-0.28437572658749843,0.20247387502615766
0.061781790878394666,-0.10151527650180014,0.04085489805647935
0.05231744875428536,-0.0855874846168092,0.038928044121478766
0.05675517945888601,-0.09244960168288685,0.038991058299509884
0.05333322032165398,-0.09543047083501932,0.04016306053572283
0.05203305200757962,-0.09038355500489104,0.03836733654080282
0.06234021786408369,-0.10572398106493353,0.041484463601069166
0.060755561370522314,-0.09550393551233327,0.039999184892713924
0.057660723939509086,-0.10414058379471669,0.040156350542710495
0.05236987916920728,-0.08461265167720455,0.038218950206821756
0.052441431535032244,-0.08069076469557501,0.037854432863310805
0.05206124702575178,-0.09329014903736521,0.039313766182738075
0.25796765805675925,-0.15769633317527365,0.09582196224311268
0.05338680690688245,-0.10249870159046992,0.04155533656933663
0.05944511166439556,-0.10075354672733994,0.04027230049569619
0.060684809794997685,-0.09858493957801073,0.04023561408250753
0.049304458008974955,-0.086368903033609,0.03876848964843482
0.05729018327991818,-0.09840033689680894,0.03999888824106179
0.049229734788464145,-0.08512675965044991,0.03800315941691235
1.473583432527596,-0.8507894764628929,0.22760848302272763
0.057352564545039,-0.099400597333684,0.04105236553079994
0.050395512930185155,-0.09216818461381138,0.039273003283077035
0.054496085053303264,-0.10153013696715618,0.04160025305365478
0.05093007399116233,-0.09224446989965429,0.03870309753904744
0.05210341239232587,-0.09187185562165467,0.03886962619965706
0.056654561701150186,-0.10187373773527497,0.04096557155350178
0.050686685295228795,-0.0887194769521642,0.03916532036910292
10.294126238845028,-1.6145055098044239,0.6632899585188952
0.054930457455005716,-0.09874726186455263,0.040090252465894594
0.06722370518966238,-0.10104698645780275,0.048079778927500705
0.09066018539794846,-0.105142565199003,0.04702958547169178
0.05181047215276881,-0.08643323148476156,0.03771939599303886
0.060405756471888,-0.09219186601841756,0.039871235481719225
0.0661274653829043,-0.11223219091991865,0.04222511102931792
0.054821338104425854,-0.10325982117441157,0.04095493318115251
0.04704591903722281,-0.09249744501843082,0.04093281781232827
0.05305453117579988,-0.08881774889633931,0.038906185518454706
0.06063303162422566,-0.10700946209087192,0.041000391385965784
0.054104756088750684,-0.09787583709482561,0.03965362410185769
0.054220892071696204,-0.09008395311843742,0.038388189362238645
0.05304100952669456,-0.08872503086582384,0.03842502271685966
0.06026183239424074,-0.10598179385862494,0.041087184886994255
0.054497826121169074,-0.10049327936938823,0.0405259584303419
0.05319298293896011,-0.09598194517552372,0.0386105808631676
0.06000885941879448,-0.1083827474875676,0.042406560866596
0.055183209464279945,-0.0920109622074321,0.03942854802437923
0.057362276848865565,-0.1025115227538933,0.0416899569278355
0.051971917379402474,-0.09131355523540208,0.039284878366034004
0.05362865737010481,-0.09684339062296488,0.03976982087952674
0.05504901692362846,-0.08797062554696566,0.03951754880527858
0.05770994819179151,-0.09029181213521298,0.0387425436592479
0.05930434160774507,-0.10409826669349087,0.040919503898079856
0.050481044113577025,-0.09054961163685249,0.039014637961336085
1.2195552398009384,-0.8153237094954093,0.4906849781506111
2.343935960730479,-0.9659150204459692,0.3117874375726304
0.060192494770967366,-0.09836775558599697,0.040526248877471804
0.05551583169119246,-0.09836426256472208,0.040227437780973485
0.06572698507764882,-0.11713546604879355,0.042783008137886824
0.058793599631174795,-0.10296663445947729,0.04089407719232829
0.06178847431262411,-0.10816756888316092,0.04239073248050351
0.054696145372110504,-0.09928664220061023,0.040432438135991955
0.054717404214029854,-0.0875148068878886,0.03928136084982059
0.060242268011010396,-0.0998845754564357,0.040876049105303736
0.048593099660696554,-0.0934080370276007,0.039797250181880184
0.049140424247402475,-0.08408843981683134,0.03925593228487667
0.0560376775713003,-0.10246479255744134,0.04144684799297593
0.06151553426257392,-0.10980314517054524,0.04134512740930951
0.05761313884263914,-0.09041425674182335,0.03841248944783571
0.054723090116285567,-0.1023491301169912,0.0411686188959588
0.06509200085294158,-0.10640390688583068,0.04072177689310852
0.048853114377946615,-0.08995795164766207,0.03877601629205829
0.7658010871076386,-0.3037545485638091,0.11278203704294931
1.7367392829382358,-1.2704987215894548,0.4578529350312408
0.18011491200065677,-0.11798030025150297,0.051158717653170704
0.06655709789852536,-0.08613951894334093,0.05633041777416281
0.061197253488175576,-0.09616428049380943,0.040570020792994654
0.05266395072579438,-0.08962907336626813,0.039322286118683714
0.05248805453021921,-0.10710255123577639,0.04210329507759303
0.05675622737293676,-0.10211754619059832,0.040906922895166176
0.05175894864602001,-0.10058639646481282,0.042001748001302186
0.053004033210488403,-0.08187685802575118,0.037109555959626395
0.05283885329355713,-0.09855970371017264,0.041775720303105945
0.7478021264066522,-0.451749726738079,0.33273664271585446
0.048991517606970104,-0.09106573499845183,0.039672859857791565
0.05968667139460484,-0.0930388221569558,0.039857087834341165
0.058706965753315764,-0.09863410396155814,0.040055958911732414
0.06282500274390723,-0.08806592202664376,0.03856746166869929
0.05702705303127874,-0.08782448163081824,0.03927587522322451
0.05672986520051709,-0.10538744559396207,0.04195193470189551
0.05938485216533265,-0.10005490728897826,0.03998414872330169
0.06459956239060974,-0.10391165366974064,0.040305691829270796
0.057039954564036405,-0.09660766739712301,0.03986596386561514
0.0569187052598062,-0.10360756217739464,0.04064516508899896
0.052092170494734163,-0.09863350089167255,0.04055334932670318
0.05128155029166631,-0.09707807292922865,0.04013935615759845
0.052433711213835506,-0.08622752735814743,0.03895558842751967
0.05737547277511411,-0.09159385352553784,0.038372024631524226
0.0495227613549436,-0.08590525408035887,0.03954212191018591
0.9844032255882286,-0.49690581486787977,0.3646836147938659
0.0681048813048275,-0.10610268649376309,0.04046749773184688
0.060187777141087806,-0.10849564527972433,0.04201044386709185
0.05643867007463524,-0.09119266909357293,0.03924283481521673
0.06124286241890749,-0.1095900613883316,0.04235038898168986
0.06194488673422022,-0.10602086962374102,0.04159762130508504
0.05282844677639488,-0.09968635945211446,0.041882249208087696
0.06028763403625743,-0.09894226193439692,0.0395953076912976
0.05936612454288853,-0.10047358207972223,0.04004828548773531
0.06311542492738109,-0.10241366298227916,0.04049955230629454
0.06537777855099318,-0.11594202713176571,0.042348146802151376
0.06553414755118742,-0.09611978882005445,0.03930496327282462
0.05263529091126906,-0.08726652711175831,0.03773725913273118
0.05958790886957947,-0.1041299873109196,0.0416490034385566
0.05412044843096708,-0.09173450969757369,0.03858955090315286
0.05434481526476064,-0.09112127974588446,0.03937036636431257
0.05047099620394762,-0.08686479032433425,0.03846173003459219
0.05420443365910144,-0.10183429292529667,0.041263708841036806
0.06170016015701682,-0.09625800272741714,0.039183086342767126
0.05508480184585372,-0.0834217074202499,0.03749150249851807
0.05725451709884871,-0.09449913078376682,0.04024124297378062
0.0663029242737863,-0.10621791545153059,0.04373739639040375
0.057892177521560964,-0.08855084790769041,0.03865307229401305
0.054039292231123075,-0.09076762746783373,0.03830018953180225
0.0600459574934942,-0.09344892790471704,0.03881841953033316
0.05401920189967102,-0.09471750809840529,0.04074164255272317
0.0597965112441465,-0.10417290060678397,0.04210155663810111
0.9071868977582002,-0.47508155293085963,0.30847447179328746
0.056104535976437886,-0.09512554084344771,0.03954280783490027
0.06298816729744072,-0.11368882384531531,0.04250213355738364
0.052500949477448315,-0.09326259910382362,0.04009428757632261
0.054837064385036494,-0.11750504790928318,0.043989202648786474
0.054093508650214187,-0.09586190135658512,0.0402040951970859
0.05902981260158034,-0.1111343856286453,0.04191794969976659
0.08198670327278836,-0.10851099342622916,0.05670869516117438
0.06339723164860601,-0.10075670567864137,0.04038191770017452
0.05556866426926221,-0.10284194161768312,0.04174593080676159
0.05271233860519927,-0.09541681118504641,0.04029831460792099
0.06554361522794179,-0.11968342841240087,0.04306858920764611
0.05561262038407573,-0.0968248863379273,0.041093055483031105
0.060980748023322644,-0.12050097717491326,0.04356613986318525
0.06241613435679464,-0.10689017341626794,0.04130213878392386
0.06204884806539505,-0.1066278868983872,0.04134471199524148
0.049177688757413705,-0.09089082249530378,0.03935090624503834
0.1094111137037114,-0.09480563099683792,0.04259161707401127
0.048074263440484974,-0.09276384192877174,0.03955676186252077
0.05369477835826429,-0.09571839670608995,0.040320238003551
0.06818498356507172,-0.09124530334779735,0.05702760997649303
0.05512283052767742,-0.08496233812281417,0.03830259879992148
0.052484064512800806,-0.09438805547490858,0.040266250667214454
0.05645885346854714,-0.10320504190448787,0.04053260461296926
0.05360177377527652,-0.09640266439746625,0.03979013650703189
0.05688288346561975,-0.09878889061874929,0.04022101494160735
0.05067484652997718,-0.08920462651791894,0.038662336316110046
0.051146207637681476,-0.08384866922907008,0.03871429072089061
0.07145896384796878,-0.10983283571925284,0.04143999283912159
0.052661000954119325,-0.1018940350718367,0.039772498930725764
0.05923308767387685,-0.09983310616715357,0.04053146786622763
0.058531467410367306,-0.10332596218253087,0.039404701497905315
0.05537561267889398,-0.09125740876299204,0.039382429438498345
0.0635000099750511,-0.09042846352177492,0.03969965824514299
0.05284667676608667,-0.09255338665243329,0.03959271949430798
0.067736184030343,-0.1056764135962922,0.05234667182131858
0.061147585427541284,-0.10655862399170246,0.04148658456470855
0.05617660814642085,-0.09271868601171462,0.04054034751065583
0.05294145137575649,-0.09419412580218989,0.040276030228062254
0.05169071021448197,-0.0891551131966537,0.039290251175887025
0.06017845926533376,-0.10014234836808811,0.04049984006410412
0.6579769255639852,-0.34043851590480756,0.16764047739750065
0.0481410343438549,-0.08965652748779718,0.03907337930347943
0.05262248352806239,-0.0820639681967208,0.037797472628941176
0.05887161996206681,-0.11188751692627363,0.043223080238890876
0.05885538038735704,-0.10716775003791668,0.0405417000835997
0.05492290640638633,-0.10754091251230591,0.04277654064006109
0.05283116713806218,-0.10240475380585679,0.04139380180300778
0.7106996159876332,-0.4827540299286994,0.20837579819769037
0.05067631945154659,-0.0933652362963926,0.03945580272760596
0.06288629011551218,-0.09687328242988258,0.03909157969838706
0.051281367888897936,-0.10087289450581949,0.04059336464785224
0.057233389355052455,-0.09093520467025229,0.03905530263226975
0.0552937529190705,-0.10347110332686782,0.04121153056023896
0.053874900830575785,-0.10064438636067052,0.04113236277875387
0.06591998331841113,-0.11201214177731345,0.041806608542613866
