24.00814373152007,0.0022150173146826546,1.5551653494384894,23.337702081389338
52.309399444904244,-1.1685753899197877,1.052519311864721,13.559993614500103
16.829131586016246,-3.185200013548368,1.893179726016733,0.09538236347088883
52.61565789437087,-2.847130824811998,2.031311040572028,0.1515371102140769
803231820.3482443,0.002141052060885329,1.7819803422751832,23.712668531345546
44.42058492639458,0.002551773109644273,11.18698460365705,29.154277596490612
12773617.932078913,-1.5780274857412593,1.67935568694622,8.313145644506662
34.940778987979556,0.0024613326294158355,12.428369199276318,26.67793016975052
158112042.21624437,0.0018220639483317314,1.7019027045085728,19.451899488725612
70.35375195563383,-1.2115742925865618,7.7759522847204865,9.215812849977052
51.735859430288265,-0.5450272172789425,1.9592885711521504,17.923659167168044
33.64866753198305,0.0018254031329263398,7.520806551489205,19.366776207607522
1138.5842787794415,-3.158646805143526,1.7640293041348762,2.9361272842041535
28.37804264926875,0.002484264509263312,1.8314160242800845,30.67841766249503
40533930.169481896,0.00148176082286966,8.952887866532766,15.007424017281854
52.92229137492819,0.0028922652150171757,1.7855498493591,33.498339825432076
47.35998336327296,0.003318869309552497,1.7406370426402802,38.877045296925544
21.94654561284697,0.001997500781662609,1.6467302701469109,21.40036622287121
21.379252687640076,0.0016993283724318076,5.110553633207651,18.567857464688057
406.80816858435725,-6.118099457595569,19.993836208302838,18.88464657964456
53.98178266477384,0.002649162094066071,7.540836331793761,29.92451537198863
15.176734805500184,0.002135914474877154,3.181690916005035,22.33202737734892
13.941760878024176,0.001878799709182033,6.325435895931946,19.578070529946423
56.111889744885005,-1.8187517192500309,1.5621838013783673,17.419043774301404
56649175.71950645,0.0018125939238586852,4.586051987870356,20.671225339065987
16.303731343203232,0.001555140446562575,4.728521204775554,15.950530471280626
25.721172555679065,0.002263122805757689,1.0167801656349695,26.174511534033048
45.609915713259475,-2.32344691416732,1.1799062276661232,1.3761311436696266
65.92368229352715,-3.236208665151807,9.321393416422401,0.17753091072674843
13.914636893451567,-2.7891961256375595,4.622404051108244,0.14322804707183553
2488783.140927286,-2.7972390005903023,1.5158755839301756,0.12438537517741355
65.52225785893773,0.0025324881614210426,1.7421884616248597,29.342327442404116
50.77321924678431,0.0021774503098725972,1.8307372528725914,24.556440139168036
52.78725008216029,0.0015661843826677568,1.2409299929651958,16.474920880038173
11.858168844579149,0.001829603064116725,0.6769918343605923,19.559450221592595
21.61218352872489,0.002557527896279055,4.119961259808253,27.598548664545675
63.83092223268481,-2.6400313234063475,1.9249953729546139,0.06416740060431292
1931438.0583924626,0.001838367986252365,1.7631747929677566,18.801941751407696
34.4792419418745,-1.85075731462004,1.652519136006358,1.7863427039689972
15.101573019559055,-0.3699909802344621,6.209864823919183,16.243145513644453
68.51033261999979,0.00302164075304745,16.06826998577214,38.151211052507854
1402.6403669048616,-0.10325768791516765,1.584911507558953,17.081471755155636
27.337713011115614,-2.336360667088563,1.670402359700578,0.12484830886853995
15.186822479829576,0.002148705038614196,6.878054942265246,23.37142161179969
1291.8064496473353,-0.664859138100681,1.5040065695619411,14.329913528081464
22.647266464433436,-2.8961336507727893,3.128423091197196,0.10104068868717474
14.69054947258284,0.0016082191898973974,1.8481480698873867,16.623907051111292
32.15140388490508,0.0022174520223643412,3.816986249908993,24.239654997528287
19.833355874661493,-0.7932083516880155,1.8640796889324633,3.0319838526575325
15.786761296551406,0.0030541475063756707,5.167291954055315,36.292565255638145
38.336116109043544,-0.682934456009761,1.0239630706980698,15.61032432258709
42.270928614584086,0.0018227369678669447,1.8775242807177506,19.44938735008282
33.227952028412965,-1.0840174609232278,1.4421148278989016,19.67525797137263
34.962108478701104,0.0030498371645251154,12.386872793262361,39.32520708743958
27326849.631904267,-1.2537190449261075,1.7566061213857846,7.5107489671076335
41.87522811350013,0.0013878312497084266,7.543271797125188,13.345591065839088
38.34457113120423,-2.7168230994234293,2.311822909452143,0.16011358595479083
26.240777646862703,-3.0300188870385725,3.5750299286826506,0.11717339248141179
21.903721517919863,0.0014211912810466742,8.798195443831442,13.613549889092592
89.59891203952567,0.0014680839847400762,50.320719397087316,15.005020723179948
10.958865365915601,-0.12890964250969006,1.5179217027715985,16.695970439941952
14.179145293526453,0.002088327638375631,1.7554959490378614,22.236879971460844
11.951817225763303,-0.0763845935042653,2.5690124510256,7.560015608435064
9.12951615049422,0.0026265460182557376,1.3139726261193623,29.558289768499925
10.606136274262207,-2.1963421703180614,2.0448052051519983,0.18278014639537749
32.383898393762074,-2.6519665885275643,1.6761544163943727,0.18897124928573142
18.416433734216128,0.0017692154171840002,7.232739864812077,18.428152646025044
28.653324233913715,0.0017290958611440033,27.591772490352078,17.83871243721811
16.147013300044865,0.002252313963666097,2.156718121394494,24.082792924281133
30.996787517264618,-0.273886129205394,1.791049267905926,16.636428859007257
17.396893406472614,0.001945167713060414,1.9769809407811287,20.769332396219816
21.11638990484822,0.0031069682141051658,5.728152795593012,40.617497723096434
14.765930594905976,-0.14934585496672526,1.2547108733419314,18.02705673908019
17.892517064695333,-2.989995559274419,1.3181322290535435,0.235646078869927
8.469427874999562,0.002355436747343731,0.8454063251082466,26.53115733680588
85.04970460760423,-1.7320183353660994,20.091091640931268,10.12865681110272
20.937637022995574,0.002789518954664061,7.165329707566867,31.37490266431109
30.68361513935725,0.0020904839061444136,7.673367165649024,22.917030236522105
38.44555466277663,-0.41903591946135776,1.3448353264921629,24.021827336222703
21.52751600819545,0.002385533490851799,8.092828004840579,27.29749068206148
46.2555521747609,-1.9106534377907352,8.037573211853978,0.14428579086809804
1025.9645876530813,-5.881927914664715,9.729091264219505,17.28639467523263
1820006.547592624,-1.2926182606588057,2.209857607226846,1.5556617653527605
19.95171364972836,-0.21602957492149244,0.9917524767081858,16.731800344852164
354055668.35591495,0.0011429369067954553,0.627980554804429,9.772857522898892
46.49067100067944,-0.17365515315523083,1.8453476667065587,19.62092677762987
26.714703284362518,-3.204639711189671,2.1026787736766557,0.10861702660151515
67.73726023949163,-1.2643261757575388,1.489683763067692,25.71453767411677
20.23953776190285,-0.6037932341611949,2.1541148357524964,9.777641453341055
24.790807701962184,0.003142657190252862,1.513895754289532,34.51235731641608
25.192529814967898,-2.1458570537413237,8.602725059999052,0.08440543907492185
1133.3794142508293,-3.3779921426935005,1.358422095817005,0.10042498857893625
16.077372028119477,-0.199011348353352,1.1636102317592254,18.40223518401094
6890706.533970295,-1.6130733398375696,1.2230319701497265,8.998906501768898
52.37817835069468,-2.7775214551936998,17.6065373588318,0.10110132657647233
20.912838786035042,0.003317125648706565,1.6526974973686102,38.2915156270729
50.49869150103278,-2.439935238110394,1.9197697482884584,0.10361348592610335
75.11770410292193,0.002709689891425171,1.2618140911834672,32.15804849896939
16.372806692218738,-0.8450442206628921,8.178940610338712,0.2081019215426923
77.78615170915812,0.0021229060098733044,46.94388183368523,23.63084894124263
17.716913868656526,0.0031481872832372915,6.769353951852494,37.51586726767931
28.53166765729792,-2.96497327689508,14.653419546038478,0.07421752796951298
14.342078183748534,-0.11104147439054657,1.3733006358442168,18.84630532408542
17.6514848208325,0.002704512193872688,1.4638228012444543,29.936860684099386
48.00769993422684,0.0025194779803499046,1.8180308711559192,27.106739353608432
25.947409906105904,-1.1092797677859565,7.641226826280194,2.4205371160790596
41.868977199243375,-0.34833811571802187,1.9303020750959483,11.002256814332627
14.829557340117486,-0.45625210821484075,2.1180497994809198,9.79030630379959
7.470279429411941,0.0012707946417691574,0.5844820770280563,11.814962740376318
13.067209083460883,0.001717785396486704,5.2324396750928095,17.790203463261303
68.31502081890267,-0.05466754402336704,1.2035643985095668,13.83874745280237
133.51405193602162,-5.620985146487925,4107.436979206672,19.426778479170153
55.48942191908903,0.002440490578081267,1.7000063905318576,26.451346657991255
18.983372227632668,0.0020327155435779787,3.92412367404739,21.65077115082199
53.4025768396234,0.0023275095037860183,2.655899779374135,27.189385055528
39.104529177632664,-0.810437264101111,2.05861369354918,10.681288733328591
22.41616741619222,0.0021054075655300153,7.3092795904720465,22.375237092557516
20.91894708439619,-1.8042049587533313,1.4054873613384995,3.00626970550006
29.05220458442088,-0.01237791612918926,1.9323467702464185,13.422889752961751
25.30248857648188,-0.04549370444220813,1.0618156589794623,23.370597997890147
8.087320602596806,0.0014707500794415296,1.8568922716940008,14.238327637061039
103948.7371455497,-2.587452925017473,6.4436375312901415,0.10656860794000089
33154334.08392764,-2.9434815913449626,14.379238607374583,0.15817598922228215
20.376705066020417,0.0021198981709247278,8.604941504924302,23.7864833058857
34.355418861289024,-1.6760844245053264,1.0781430582455194,0.9023358716386001
26.333596318489707,-3.7413893368224365,0.997673939667568,0.17857736410064484
38.76008441943512,-1.0863216224796446,1.1365896089942993,14.495402864957068
38.11978492539697,-0.12284671766501276,1.9870482382393817,13.423478078550536
21.92138611770203,-0.5867340995535173,1.4023828492505395,16.222351392135042
21.397454606286928,0.002546185595058148,2.3676883813242604,29.555095625800732
10936228.373502038,-2.320288537245027,1.3290058307756079,0.10590782298281609
24.598641055211452,-1.0224837272408749,2.009566410368805,11.163955459444642
13407.845426782575,-0.5701260114774698,3.2331813832116083,10.800774950878662
36.688357021460575,-1.7452940494089475,1.2776395138533587,16.91885177736238
24422.210261272034,-2.5624494319668045,2.384483764574277,0.13294329190845966
31922.88462163875,-0.32517131246908804,1.5443800739016957,16.739463886928444
46.479535044366564,0.0020886417916656796,7.353476198352075,23.043864352683418
52.138195103290705,-1.062414519327021,1.4698860611258162,21.405110894231296
44.87012837283645,0.0026892399047113713,7.1861016476777095,29.708363948470325
99.04602582205098,-4.004208302074616,164.15037630913832,0.16147531870851106
16.40134020110667,-0.8978221307305816,5.815246345325384,5.708203741443413
12.208334824837312,-0.13104923280051395,4.251532388414319,2.6945345179994797
35.48144714790469,-1.7574218837448683,1.4509751971299423,21.587335361951926
13.636870780020107,-2.189532881145091,1.837444457062963,0.16161141085863517
4583505.706225024,-0.20736796580376904,0.8384183141333423,19.366172973874736
24.166832757241746,-0.300388203025328,1.4864541459883682,16.06663427785272
87.9600756088834,-1.1030042773496689,1.3500970104194536,30.691984956528735
9.647893034104403,0.0018506070718231626,1.7037552486848178,19.47760796864913
13.824652284201242,0.001853542359867788,8.079438396362884,19.44990661192245
16.364960032094622,-0.3192935028673958,8.121438723395322,8.2860651736904
41.25680424888928,0.0024098359579340922,1.694399580712341,26.093593936867286
4551.2692143679105,0.0019269335299014756,1.4724857222968843,21.81157524962491
32.663651313061095,-1.5260667741275498,4.107587597398737,0.8627915918272069
12.478577370750068,0.002398871409624803,1.445243179263926,25.21814692122571
37.39247927869777,0.001993759948987872,7.39122922189625,21.47856136338084
269.6241725457619,-6.346587725221887,1.5095743020617078,21.526955788591202
60.84769792725681,0.0028907945067331298,1.7664304881500712,31.59800782868208
45.68958838053336,0.0030695765117982887,8.823574812388227,38.17369468017508
124420448.9871507,-0.1288344826650487,1.299010874219512,20.76985658031678
34.09338415080884,-0.6476481471746709,1.1706527384604257,13.846081849688755
52.856332840054094,-2.7154902840845807,1.1850886846674884,0.15404691706722196
16.520344110296197,-2.675179015419154,1.7977151692648228,0.12140362684336652
31.059912535208312,-0.1291271246245742,1.7648491069372731,18.140480427411593
38.661505921295586,-3.039889422530571,1.853218449928467,0.0977017779389529
23.407373228026106,-2.785649601649993,14.934624937622392,27.780572071158183
14.559839630011279,-0.7592044841471264,1.0157885105856757,1.519684677822667
15.204232850897254,-2.8341472958531426,1.5688382358513604,0.14009437717176593
17.721861559143093,0.002194875977458821,7.121866986313933,22.802261886225864
54.14097193286942,0.0031684712747761523,1.609729432432676,35.70812554873335
7.101684640115233,0.0008626972050578274,0.6646160550666114,2.383630934166902
68.77113939638637,0.0038517685930514745,2.002653847665254,48.20111676393291
7.403239589657278,0.0015095855459392737,0.7243952421558646,15.35968298692796
25.074785596599597,0.0021314765985138706,7.375105542659837,22.6833179666551
33.244029231553526,0.0017883972951580063,1.8050795286519765,19.16925652103846
34.774200538218274,0.0024990514403739894,4.235017422931453,28.556243297700327
34.057092880464424,-1.0549646289642283,1.5697242307678039,9.919096012122877
51.38846807211297,-0.9232622964710089,2.0716615851594327,12.590628478915189
64.25218751598564,0.003725104401091528,1.7524815996790686,47.82254646117383
5.172159676318273,0.0007359452092927654,0.6477673858908624,0.05856179910462167
19.080256438730505,0.0014568790083941963,4.670798319693919,14.427140228133801
14.708546222358208,-0.6552074101490035,6.765351089673844,8.602018495985668
28.324594514368552,0.0017535603344427386,2.58099242396311,18.26499394966394
383.7311728527889,-0.5685718409936484,1.528045283000587,17.362097985946985
1233.8181488581909,-1.8393234992885894,7.085181619600586,0.6712612266763734
116026.657803955,-0.29516136314044417,1.7759944366347682,11.24499139384388
21.507826498077968,-0.21315369336645773,8.22158098238446,8.982807866315687
6212792.379588623,-2.595512441482917,1.4569252101779098,0.16730902447508333
15.487399631227829,0.0018254190725528474,1.6474427326703243,19.62162379635436
17.71128859984093,-1.9731007721514757,8.810530852964217,0.11121242378835244
25.190713333994637,0.002804418878028514,2.138605594815864,32.175977176361904
34.84896061798903,-1.6674992390707715,1.4488381160428094,5.72970006615892
36.63449092938635,-1.4539033862476316,1.5029688355924478,17.70502966111791
116.04335020611155,-3.6695935772358297,265.3697692654891,0.08215879254051822
43.35697085485796,-1.9279122739027557,2.2122475984705954,1.0104030253176228
20.817711240927434,-0.1755502204847872,7.250581432183214,12.658846169815023
21.440300379896613,-0.10236771185124383,0.7603533181120277,0.17711756393504102
9.613940511661724,0.0016845410927004423,5.678063854798667,16.998202982962106
54.72826715824278,0.0020596112138875355,7.031665368298711,22.670097138814562
32.92273808670103,-0.17272800599254623,2.1020997018462424,18.453386009991096
32.89180449900045,-1.8472711076892736,8.043813018057639,0.12608188518880464
24.24785688001313,-0.6872547421275073,13.781529436812214,3.322383645409542
21.295621232096657,0.0029788194569917437,6.370889836945032,35.16578357089763
12.80412923169635,0.002189509716586713,1.4248884148458636,24.515143843073634
20.919323295896422,0.002192829335257329,1.751274349291016,24.14229771007057
14.662509566760816,0.0030817924087713777,3.906746135758059,36.807722607765896
44.38885039715096,-0.2715551690539044,7.832519713709443,21.71564786892472
32.196840849233,0.0013738962402669586,7.282047638667686,13.448957289513324
45.32443611747611,0.0031274590792023105,1.7024062690746433,37.71976034233785
66.6177023396509,-4.016871603085882,15.530324536560556,0.11365141626067823
1493706589.4658825,-0.6677392119775334,1.0490782327451917,20.42624346619802
37.25946527696043,-2.837009338251441,7.916473323769683,0.11429411209223683
66.86733279915904,0.003314634254905968,65.91589238986006,38.97876684177895
16491549.696984297,-0.33726536231912263,1.1591728442865055,16.943338311102806
80.49351496372797,-1.0979011609074831,1.8359652649620841,8.022038131623216
26.86237053315559,-1.0512817071536347,3.9901499745407065,7.739309416712161
18.539379763623124,-0.9019920244922375,2.0349851108451364,9.129664930794462
22.154961956352118,-0.8782548342966265,2.5267514552768855,0.8847358195375505
109219.50721272909,0.0029481522206395994,1.3265560429893242,34.99549729619922
1014.0418279600664,-2.745708370117832,1.2207049939385133,0.10034517162890252
106.98625882194726,-3.9925243540218815,10.091404009985709,0.19515983428882006
36.87906926183291,0.001708272674100897,1.602098335218784,18.32240578667576
24.73709846902525,0.0033877586570696394,4.048692362802555,39.93711495607957
15.189890042031433,0.001400636188307658,6.7019790503554315,13.063767692317793
20.357636666197163,-1.4467546827503242,1.738105174533688,2.3894061047783746
49.074758004142254,-3.3942379322051366,24.618624199643122,0.16508594607600088
2340.377640004768,-1.0363311296969542,1.4455723573508337,15.164165076769143
140.7390818489448,-5.639620784622053,2.2244004060966063,37.632875370098
86.02851388355164,-1.8730214055157077,7.937891090151271,3.594637829676953
11.714495636373696,0.0010339340414731168,4.3110096201679085,1.80743059196454
239.71260499916235,-5.087103014455472,7.241111729569241,10.431940019666396
50.59741188459314,0.002904031319523881,1.579890758096134,32.9476029521902
139.51418878450875,-3.708470247304369,1.5054018087814462,6.625930581844891
42.227703212475035,-0.42845096227728163,1.9009839609418222,16.511811938550252
14.980617263683959,0.0025721714043243082,7.466295137205497,30.409143308498674
53.609712774006475,-4.093705234485981,23.506785300641333,27.763894748858306
829739.4506113841,-1.6577029957486573,1.7378875177415445,2.8192377342405317
33.083535090576824,-2.2611334582009732,1.283476749634497,2.987112838342292
90.87026582137027,0.0014583560868786094,3.9393223797242314,14.721585689496244
19.480473797539723,0.002037724217203163,1.5740083397184748,21.87786119443328
26.327998137133278,-1.7129836144562205,2.1760436913404444,1.3816289348729804
24.943821149191802,-0.8235004495816725,2.270670865077962,6.462427263886934
16.155962095386684,-1.8679636538521294,1.4202319329188082,1.573889869755113
19.313061022001094,0.0031022019426885095,9.792116536640567,36.92161801016699
29.552090565621366,-2.140845480062147,1.8120023208054015,1.2410914821703563
36.27935902964858,-2.021075746496841,2.024139920248297,1.4468685707840734
14.92388000985587,0.002508100113757905,1.5903000448223814,26.99623995751922
15.497517907912775,-1.849447334219029,2.056185284186247,0.08304601944858912
36.02283481513427,-3.161575558846735,1.3055097167250995,0.06766138501381125
54.0787639540518,-1.1225654322612115,7.444569337092851,18.36793921849553
45.123332059131386,-3.0426685249112424,7.854859770730535,0.18976945522645727
11.231330947963926,-0.7360925678597994,10.437738163538997,0.18389892330145452
59.43912350623719,-0.10860604271508123,1.876702078260621,17.31206427247198
26.37612315321477,0.0030409442028584976,1.9312810116227048,34.932766747881786
18.127309289966888,-0.5456828252565913,1.8266173894419495,11.091043744859766
33.573998352180055,-1.5933646845944907,1.461487718801747,6.134769436616702
28.994221781739682,-0.7340856356230319,1.7988762351358893,11.321376572061428
35.92128263032205,-0.3226966329570047,1.631421878804698,21.402424937348076
15.944636574904061,0.0017566215429312138,6.041590316048257,19.168561256316796
23.18745057281523,-1.8103328706355697,7.508702478418801,0.10867480296081716
37.72968629473772,-1.8358098559365246,2.143767928835784,0.18097528820873063
17.28608380701435,0.0020864075817570438,2.0601433218232508,22.14578485917215
38.14635803703866,-0.47464020978237187,2.1129921738050967,12.446207998646104
15.252581652602622,0.0022122672721067715,5.746021244995056,25.457900776102182
17.537358280579372,-0.03748547457719553,16.479893983160753,6.90901746276662
13.87181945730413,-3.3026945682033997,1.0064940709154886,0.0697986616801943
42.81748608517346,-1.4380882204011698,7.797846387355685,1.25708253733388
23.300839614847142,-1.8079111714840082,1.3637047509893652,2.8441815056197406
30.354471101437753,-0.16829669554608984,3.9054634853060133,15.946698440776084
2.8985121595747922,0.001479649507714953,0.6640491032846434,14.717949722481022
14.497149634086037,-1.0001387894587168,1.9412886041884452,6.524187913295883
162.38616149126614,-3.521334314664884,1.5680073570589599,2.1035203059048317
17.30923420604525,-2.3319195165841364,1.4482778399828717,0.07804493258975825
40.85043036189424,0.001804441235137233,3.3691242814128692,19.289884841747618
13667053.448112404,0.001624433325268626,1.8726983268455584,17.05979033213506
34.34010002435518,0.0021269298590382846,1.6679649613747713,22.53754624463312
2082.197804008672,-5.36105547714628,1279.7694872553818,13.732522541158266
17.830549844655224,0.001769556832520891,2.405378455113258,18.462207974145002
54.035268861886536,-1.806272749935907,1.6609367059321976,11.866936492338215
17117.746509290933,-0.1375593438486149,1.0707049883906699,20.214841419974146
2731236.285782344,-1.5891897037178992,1.3345158501722416,6.507094226973342
62.74913715456858,-0.2577332407377284,1.2548103116706635,25.420556037518626
20.69748221857638,0.002314000003345029,2.152510505010273,24.204301967060434
55.6366922192685,-0.39220379324135735,1.7080672054261505,26.820436711705742
56.955281421028545,0.002812358297120454,1.730934645247487,32.7369621227282
21.2915751550888,-0.952369804846299,1.2132807253209883,11.486695060151623
40.45351777299039,-0.28777404827219755,1.6944709048555175,20.4242429559229
22.024257071946586,-0.1994235695739306,1.4388894252723503,19.706678098375086
2214670646.297961,-2.920166015500129,8.019682938284317,0.12949774817603532
32.196937359640124,-0.169481793614068,10.513639685161925,15.233397931371245
58.30391730604307,0.002497410487691809,48.22176760414018,30.68171878506541
34.13416154683826,-0.7787911638298937,1.547063832949899,19.85713665358091
148.84271990126322,0.0038325947798085735,248.90658273739564,44.48499205074928
52.363307442010615,0.002793349296894121,1.7797628960275524,31.094062979713026
360.8389234563407,0.003800061968227908,1.3309581336648861,45.14382741782423
67.86920201056401,-1.4726439382763559,1.1016068852228358,18.228716897151426
72347975.17216696,-1.942526117189935,8.163137757808167,0.1738842538387711
19.727831917985586,0.003014008737245888,5.118199441824768,35.09282547029853
58.00789393115274,-0.8357157100376682,7.062997695111449,16.76965646961082
46.30066393861653,-1.5821959467932487,1.0210534745794035,14.531821691991814
22.360766341208652,0.0014344074958643205,1.4829735597690288,13.743493450961163
46915458.29435693,-3.0290234787888295,1.1841583734351424,14.5644433702001
42.538591513094275,-0.39066252899962706,1.7223391582825052,21.490750234012467
337.00089309368843,-6.42324868996846,1.482463863394912,21.024045450860637
100.73035173621528,-0.6934236072397866,1.0557300344238385,17.01756231160315
31.261188315143993,0.0014962475656474794,7.613081433299053,15.146633647560456
40.89509398096368,-0.9375268057574004,1.7575841244229338,13.689423113303262
17.1499046520029,-3.475942293339223,1.0753038298121766,0.08206863747462322
211.74850523358938,-6.897674038087949,1.3840894989224921,26.72763460469183
22.73301846482395,-3.3102470690355332,15.399023970457954,0.10929805462863415
36.95972783726727,0.0020791211890696104,2.1721207702191805,22.047926605135217
35.513907155244425,0.001876029949684721,1.8608596926327614,20.160293674967004
34577463.018041424,-2.7318192703164996,2.1032805925977534,0.12257530949920964
1942.5013907679677,-2.3509662489689873,1.3405119213256782,10.435928113186097
8.84724107515655,0.0011934612733810468,2.6865543366692464,9.636574962713762
71.31300169779662,-2.0106072979632614,1.4345089924094907,19.92038881696003
34.325772319283494,-0.6643277573584783,1.7281711923796799,16.888622955584978
991.5543712357726,-0.02102176760470087,1.7200859639398587,12.636893955608326
20.883672638555073,0.002191829938652745,1.977376685073292,25.876235149063767
43.99665835333127,0.0028431324982207684,1.6437339362988723,31.66525847618981
18.860720480926958,-2.0347763036162405,1.728302963869174,0.363506885539458
38.647460937440364,-2.152336298294628,2.0742321688756196,0.10641305122345313
21.897872580534816,-0.0856423248872602,1.5289902170411658,16.89738931979242
14.347117718235173,-0.6623932552653145,4.069001771127091,10.123953555637849
56.68957913438077,-1.5647589036242806,1.8437856774995893,16.663936354726886
20.758390505956925,0.001763121576537685,1.683354883358092,18.59620881275637
36.33813451422665,-1.0957720391552925,0.7887930266109819,12.90038391797338
73.8390223700415,-1.4764093379806056,7.841034672956713,3.1069203159746133
15.991753959730952,0.0016756053244009195,7.916715193403769,17.707018743335432
26.558630509874924,0.0023666640284289997,7.1689729686204124,28.762077738314883
11.510689292972117,0.0031432835572786644,5.325044896469976,34.79046664142545
24.652420267339856,0.002298925938440277,7.130760837997423,25.180029185301194
18.267182106450832,0.0029164920147337625,6.105040742048256,32.23593419387517
89.75471621685672,-0.08031955553320813,3.8590323341131167,30.11930211823937
4.899538898705581,0.0034112883338224265,0.6515036481500935,41.052857371314616
53.29863112750878,-2.55483452343222,1.778661984110414,1.3465131199194151
58.09871122558183,-2.2970233124394923,23.338065878366486,0.18027333249763464
19.633289866437067,0.00417717741649426,2.208320792355213,52.16129444461258
15.794776393601579,-1.4100420269290268,1.7010285505892444,3.038819028042568
33.31504821864769,-0.8233214881363793,1.8142756004445122,11.168896214862293
19.718329354005586,0.0017079426931303487,1.965209357281367,18.459244120567053
74.6663514026448,-0.5962481405709568,2.724550993211455,20.860265112304777
18.521320133868386,-2.0706280827423313,1.7874890641081826,0.06649811843126707
18.418754152503254,-0.8542331504571905,5.589883309193107,0.245054873680925
12.910711964955118,0.0013059093596083926,7.159835701004052,12.435300427132983
24.771522731685998,-1.178861983645234,1.3064784800640776,9.846935529522687
27.174249633258803,-0.9264223312870712,1.9212794611078508,9.779890398331341
36.214630486286545,0.0024349186093957087,1.6896769512503695,27.02048271194581
20.527421976552244,0.0019222877426514628,2.3781759985475226,20.86568120099129
11.023257921985682,0.0015414872764125676,4.547584858861217,15.403433637518903
382804849.43335193,-2.37508685792713,1.9753061053453695,0.1239380405634119
13.567135285091315,-0.5833285864166413,1.2037881277023672,15.046774084661063
15.979831428894936,0.0018832399707378045,6.788933691150511,19.823294412392393
19.553843555561546,-0.8546990434846435,1.3101037130707738,11.46300011803982
25.684365922034292,-3.0360013138219912,1.773526054685741,0.16961208636867964
21.369151533944315,0.00299174857691753,1.5258354372807368,35.88047433910394
83.76780017396696,-1.6393595367807592,1.722987757418128,23.168225962454883
19.226965612167856,0.0020896344479197637,4.251428996837642,22.242180106859884
8.814518977729685,0.0026612643289070093,1.3231067820522497,30.66021430811731
81.80228359502472,0.002387860987539625,1.45798427709342,28.777121735714672
28.03814370881209,0.0028462031426528256,29.342341470877848,34.5638445398204
20.83494077677109,-2.0487992612630563,1.6636496033263937,0.24026947452256503
50.33865217051655,-1.795403008311709,0.820347105839879,17.29374049257308
23.675376474240743,-0.8411590720864197,1.8033786527472326,9.342382598469197
16.615080542872235,0.0025601146524607543,6.892511133781754,28.80581938428778
384093184.1522631,-1.6388475571923493,1.3777350617765478,14.615387744636196
18.50320032087508,0.00224969631155858,1.9489429546447283,24.248081683429913
12.626336748137799,0.002287311995317509,5.464428279799721,25.05790980531648
25.22693393701571,-1.4558472142301468,7.571740599370948,15.962647237213671
39.28997078202018,-1.2732162034134689,1.970134434254394,6.223786827923969
11.886262176036317,0.0022714107120620497,5.284238663805297,25.858196749068206
24.79851767420231,0.0027646883285541435,12.215547124633868,32.27844755878577
9.320675152686505,-0.5170542206076334,2.515466196574785,2.471081865153933
47.57255207379116,0.0022540054579707203,2.3586346328857566,24.49007732963486
30.562863257841354,0.0018669492280238842,1.8752736187112333,20.346297219472458
20.07940826748704,-2.7890927050092458,8.004015022464571,0.13554407808956448
33.87836176907341,0.002504343404410747,1.892575018404525,27.45827569321818
16.427551481245867,0.0015680053943682992,1.1607939983454152,15.626531629135664
69.8780473686241,-1.1961995480433458,7.486987937125175,14.351705432182028
62.792157006113946,-0.052368697117536556,1.338283096518957,16.633588192792452
45.5011033508258,-3.1637101705456487,1.858680845577332,0.12654539780085083
28.88939675985848,-3.4828590507317188,1.4831466614491857,0.07262080187057805
50.83827583575093,-2.4632782295634357,1.669397894857532,20.295005263367443
22.503621946284607,0.0023336452672424457,10.598663991898631,27.927561057702345
13.33628488419259,0.0025200500372051238,1.8092552611612476,29.483802513930186
26.094653498513907,0.0015124744305765603,3.2647358743203796,15.513219944129634
62.08972078696432,-0.9731438807004693,2.74288794797007,2.4716955032997183
21.50189303615382,0.001477319143987188,9.229619286064638,14.676766605880669
514219.7707235046,-1.2548109602671502,5.297894262843989,2.7856536824372835
31.032322126104884,-1.306476260781963,7.022509197650929,4.152869394032838
920002.6941898994,-4.189315633334957,14.060169766209782,0.15733426840022235
40.0166456983963,0.0035659141831345664,1.5459865244279953,42.07039252510982
75.57661666631562,-0.7182272742628655,1.9394960950807523,19.420909356804508
16.349799521905865,-0.31488623430657725,1.3795436956164657,16.82852971705405
33.35987746042209,-0.38581258993804823,7.63365066588608,11.198740094484943
9.135867828187141,0.00283060807424107,1.3305725072208432,32.83183466216255
21.72906246293917,0.0017496541260513254,4.358096872268373,18.330109889185138
20.92506317201307,-0.2813065741932448,1.5599894397655945,16.256850468978737
25.470457122278795,-0.4815465165236432,4.12274908466301,15.051879973664391
17.599497308772584,0.002699814458381411,2.336495503441803,29.561347863436964
22.87293747796389,-0.7358702915177346,1.8571957758456357,11.372450671968924
27.827400722578368,-0.9786879952188201,1.9629467208239344,4.9100013800588505
39.07980127502488,-1.4208822677950366,1.5365390968508663,17.2951892026062
32.61461701759955,0.0021101254773086,1.67516270550583,22.35563110921777
9.721954374543605,-2.353014153970875,4.29511242637138,0.15928174656734612
14.229795824341672,0.0020807879511579586,3.7478064629160155,21.714151339910803
20.476152813358006,-0.031218566542811743,1.6934617270406989,18.794964300269932
22.529274674444814,-2.145859727355287,1.6700064176430853,0.488594784526942
60.65527382827215,-0.6115162958362959,1.6069504558793568,10.403626827635406
184.74861908994671,-1.5521247379843501,1.543088635097618,15.494175065117966
22.599472214978046,-3.067329985820109,8.140754365566837,0.16645803434825424
70.9557230699693,0.0029579250168794147,1.1744904083579826,34.21246150457723
21.86592197055128,-0.8672091085971587,7.281318205143473,4.541070534087389
28.300327696166466,-1.8731692857995412,2.0776034420333023,0.827166748995357
312.27361922545407,-3.0401058602121296,1.3639282310863106,0.49802607895206796
30.172781036104585,0.001636322533535406,7.437631766982175,17.58328870467545
51.09003548526307,-2.8242409735536853,8.030061237043295,0.1204760210874023
18.901065660888705,0.0020768017526080484,1.1788089153047636,22.165525458453505
18.103564961858012,-2.4119259345490605,5.570065498444285,0.18495031167138748
13.501356845890987,0.0015928588399702903,7.7892465061149085,16.6792717557319
19.566826440651518,-0.29505658627305564,1.0520749334590818,20.814199232137945
14.165888232637364,0.0018113102776311507,4.873552192471969,19.779660592731883
38.83548546819161,-1.4769759514914682,1.9277179746103883,3.27978252380695
3981905.5660456265,-4.341840259493772,2886097.8618518254,0.11229483809780189
211.3350804927667,-0.21208747218635438,1.5922669503630864,16.364685990220824
31.7904377945286,0.0021105608322926628,4.215302462280686,22.45330694817241
18.664731031651808,-1.9196001821761897,1.7772621971951779,0.820393844054899
15.509244235970268,0.0020908476916332575,1.8098141341956087,22.661218778841302
9.525588781676596,-0.6819650513011055,1.0253898274053235,18.097525968652917
29.597770061424537,-0.46937040795715035,1.8136099884096772,15.355401480698333
30.815238786396467,0.0018286347539273606,9.248606916292221,19.19304019317831
51.8578857653607,-0.9864050660411436,7.338238355157312,8.553773490312516
1489716.1286770152,0.0013958485634972817,2.086251949897971,13.20242599654741
777.2649877467295,-4.371680282107988,1.150620926455229,21.82420693160177
10.758332636486857,-2.648650248533855,8.962279943871753,0.11433311285688874
36.22009494523657,-0.4392943578306401,1.8931827643671433,16.50809822232671
37.56470301790362,0.0029868871428959665,22.336790340089188,36.462431617069605
5850.525562362228,-0.9971937877640684,1.9162210863109674,2.733749207536259
12.867426027987486,0.003630869337605702,1.5720954343827778,42.92880148709805
85.27785101080461,0.0018919725715562663,1.9227378212348043,20.863088900469776
52.44135068640523,-3.1494682310968045,1.9043432826343785,0.09299725551153437
26.22032956918649,-0.46356058827434765,1.1400412540445828,16.948153714167482
25.17874610605434,-2.120979079856731,1.5792276015738675,1.6416833158758495
33.06405121149018,-0.9588157836422226,1.756958440031914,9.997973331913238
28.11745361203733,-1.172177762247884,1.6050294062282102,6.781182096278677
667.7309695918391,-0.525258497495237,1.2128961659197017,18.581029099242404
23.045383019366373,0.0015270584867437265,13.183128591980775,15.322508836973808
35.8985075655191,-1.7519531493598208,2.1497863772955803,1.539612065461521
21.051755599699586,-0.582318676944638,7.337796833606088,9.287102190611362
40.809416862847506,-0.15394415598072442,7.808771694199617,16.924141745526754
55.546746454037226,-1.0337187928756109,7.183599889576865,8.54360252418212
13.909753093491545,-0.37811985431871165,1.1112029013054148,18.118197787722327
25.403053875740767,0.002064358936536337,7.21795363989018,24.14432233263049
43.242867039837115,-2.262818171599804,8.41100377855471,0.11615163479901167
31.279554989607878,0.002929439544502088,1.7299013106470866,35.949713889878325
83.08355936547886,-0.8392704949696821,10.266331310658565,8.764814213380742
76.96241953493623,0.0019227798993810552,1.5752600079788373,20.480751922118024
50.729719987580545,-0.03839595123855588,7.480882946133438,25.212809250662282
25.299471692561628,0.0020583138310712457,7.406647010983061,23.164314647673077
37.121589204605414,-0.6051341767999929,1.608104400516499,18.76916513252762
20.489029842732855,-2.032336678083581,1.436738612404934,2.2085063463259553
13.246946720789074,-0.4665682681453731,2.24401540608973,3.1761905731542255
40.85936629406147,-2.333788599372248,2.1012393027176834,0.1524779818882551
44.120233368466295,-3.631186188006488,13.730934467067554,0.09962512312976611
50.13964533789321,0.003805178997268399,1.7199264717005782,48.23708649519457
24.8935285848907,0.0014610702162656253,6.333455056276854,14.84283346496492
68.71219613934906,0.0034846759176900832,1.997998032648411,42.5571312186207
15.037293896916337,0.0014399897797119365,8.203333932436257,14.109854307879171
27.15586073773918,-0.26792794269874776,1.7497614789676028,12.810516471998746
31.520898415358733,-0.607387056553307,1.2741287771841847,23.695828786090157
19.86644284459259,0.0013560286619167528,7.214264528973148,13.183514419966679
12642194.05675719,-2.880963780330937,26.96244352586565,0.12471545815685872
24.752648160129173,-1.010241222658962,7.38508997518106,3.3946050613321717
33.914787685769056,0.002334923440315606,5.700419812853227,25.056568691213432
15.071311269873538,-0.10182029386929514,1.5454312194530395,18.306446323829245
25.927818505757088,-0.5129952706348391,1.5403558858550994,13.887645301752219
14013727.163811391,0.0021756866914088846,1.6517659211618394,22.762630498858535
1042.9664041487877,-0.925524751898017,42.53899322626138,12.87082411788883
30.00507577638694,0.0015515259274536675,16.981969142594057,15.640179631306081
13.472306088442016,0.001859411017967716,4.380049732073864,20.497639558827522
14.63005292739837,0.0030227144215615454,7.77945847968809,35.91948699552386
21.5033647720183,0.0025630205375932746,7.036716890822682,28.494175211913632
17.863354109252924,0.0017604571303806438,6.804253862182158,18.327769091678007
55812476.29964256,-0.6710584718195705,1.931066952472797,6.336306068385773
29.415372194209453,0.0018654717836881218,2.0122154601325732,19.81553662079665
47.387571691639174,-0.22794937338277066,1.7284923128422953,19.75403258386198
1690961.123510164,-0.09365934486025651,1.7359427344906777,13.161116191974566
22.921081293240746,0.002262573718141425,1.042165324118745,24.16151926671396
8.378029126749292,-0.6683649638609452,2.8025034728608214,0.14857069734414569
13.805417249034821,0.0013524228357866264,6.937399675148773,13.237543646734553
27.610699599804093,-0.18866481651222244,1.8297917464736457,18.32104043307178
47.21598340804346,-2.105981553862051,26.365035384506577,0.10558524862944976
69.72864965969382,-0.46651900646177324,13.976576449324478,16.948076427085727
183943674.30076703,0.0022155297967714205,1.6100719847534357,24.610933025110416
13908.817435812964,-1.410130093335269,1.9842182190358528,6.671119750989138
316.8205018848587,-6.575611740503142,1.5905378731633526,22.799950369168442
32.13693339143072,-1.7533566763932242,1.339247863876679,20.147605963522203
106.5792995248984,-1.6908338022111806,1.1890792513697086,26.67218325431661
37.24423188193311,-1.0960278983019265,2.009438708833427,7.076512286194195
15.52874214566195,0.002639611120642371,3.231235227560621,28.186631603124916
178.7963505958222,-0.07288903748990805,1.830501048116183,16.186582182649254
14.766214110155408,-0.46735583385446944,1.4787135152138369,14.747694338942178
18.116350322791497,-2.3383539948141774,5.698374955001732,0.14698659333658018
18.558155769417624,-2.4899117300633904,1.6048081435155632,0.15204452380441968
67.33579685656153,0.0030802220985322037,1.7251915941068106,39.4738381767204
40.42420712622178,-0.019247687878163333,1.711300014731414,22.75736386630169
21.493479819383786,0.002595444922739887,3.6429454613177334,31.08985085208885
45.47989932780502,0.0024204632548645577,7.910192315771715,26.607597611814388
37.65731824327398,-2.6345195205970455,14.696904941986428,1.660366134236925
13.344743857934457,-1.4084398908699782,3.090413757742323,0.180567974856613
50.96886791298365,0.0035482844541618874,1.5823026869863028,44.93309365373607
15.31835958521804,0.0017406088066778125,7.204285609025199,18.972947403170757
18865308.06437863,-1.157228232808869,4.448956898952638,7.157029776668172
62.31443505398889,0.003407248234701399,37.391853185135126,41.71823298871509
45.415568567138976,-1.5873698349606542,1.8015020773678998,13.800582111937018
17.438138792675367,0.0021305848405432926,1.878980121173555,22.5311132051698
26.29079604591032,0.002997966405537511,7.3111290107539535,34.94581816500931
47.293611798814375,-2.8681306481690427,2.084351470748376,0.1604769639589247
32.01042080563448,0.0022756844063849258,1.7087402228640336,24.95945568946806
14.46515062002983,-0.20507547997755893,1.18832629941177,18.447342314090495
16.218785872109972,-0.6755448528778984,1.3616785174370456,14.182263113945314
46.622128511352884,-1.1946037207011457,1.4745734091617386,16.243535980157894
43.307750364598135,-1.2410879112768,1.4974961747584885,19.098670053744797
39.8728402659965,-0.9621168433800023,1.5840644443145315,13.622096611351534
49.53081901703302,-2.2513173018205563,1.5222187548661221,0.15833852703472
35.6343670811499,0.0024423009257787953,1.6162837622341684,26.731373922604988
18.30093621099669,0.0030656329410447825,5.2408771862589525,37.44159992453582
13.405485330300777,-0.324172481955884,1.1052716592046998,17.266590364800525
12.808595109771796,-0.35590412821196793,1.3170632343911972,9.948333358231158
14.087604623953325,0.002046316110984492,2.1395051998154173,21.139656799924367
27.957819589446235,-1.1138752648963361,7.610546005104281,2.84183206789669
24.62269056859449,0.001820417368072924,2.155839706953607,19.96040134799261
18.064231881477454,0.003009725190821655,6.254227398251157,34.92861755778131
9.267553529853595,-1.6035142098879192,4.634485654151197,0.15992645659277857
1472235.250587109,-3.273369948325012,12.216069649750397,0.15796304247285542
57.395320916067845,-0.6887530263672446,7.6858995253275815,13.773410681693397
20.801765086793484,0.001962212340373526,7.078600644283419,20.931443922866983
11.604202673523734,-0.23998174811254103,2.057136459076247,14.974370753681558
14.058951255201709,-0.0927273720620363,5.2471044942948115,10.24192053994376
15.017588809825925,-0.18595837522060066,1.7169147891020842,16.22950931182863
19.65111542166402,0.0025395574852353775,4.987049306846567,28.85126135241039
61.02054256450729,0.0031609132287897523,1.6695966126962603,37.06593472409902
38.51163041959884,0.001371968623310238,5.4292065386556825,13.077243380719356
15.149727749238458,-1.2831099261783976,3.7618337444862133,0.19351133449260416
21.66428960591168,0.0024766657871992948,1.053133168391561,27.269655137957425
10.246439426094994,-2.196385527532442,6.428515669553295,0.08301592404858449
14.292378792797972,0.002850793263988294,5.40083675692852,33.14071972881391
380833892.632,0.002320163703267042,1.5467658782264735,25.02366567832159
27.65568523341709,-0.8157238780423555,7.552953563596962,15.85085458061348
39.51828808993704,-0.4089418147007251,1.6565948794895924,13.408477838801064
6051.492097307701,-0.6740093650422025,1.9482156387363947,9.330444192281693
22.58111532850359,-0.8477370421033754,7.997586043147697,7.212710700038498
21.94293502556185,-0.006609656668551622,1.0286456149597072,24.131316084662217
36.88718412040529,-2.7513270829700076,1.8947408976096716,0.16913858171890633
29.581480917046967,0.0020577983921015175,1.3954080042285923,23.20857212634725
15.229547030529618,0.0017642980312473355,2.062403011071364,18.261355831073804
7488490.177721809,-3.1361429650123327,1.6098218190902474,0.16321442862093244
14.037067477275073,-0.0015710299992122145,1.495944669023995,18.180022304934113
63.367530915841115,-0.8637672951301809,16.871975585711937,4.791105073093634
18.334283287899442,0.0020956347404990083,7.177843356023153,22.70650165633364
100890.12326089112,-5.673527822871542,15.159448869713458,15.36676327215811
2844.6257341229407,0.0018643761979149076,1.42908019753715,20.167720036504804
34.64489763380045,0.002293452187977607,2.209482891772467,24.73891691248066
235.24903622593055,-3.0170879245665105,7.05865671844696,0.060801878903563526
42.29349328516976,-2.8451912755469095,5.177870491363741,0.10767245981327084
28.624861579567234,0.0019753438317593464,2.0638213713753792,20.61675287991904
37.47946250817382,-3.301494700225163,1.2814745624716473,0.13699079648233878
38.774527395093294,-2.751449255925735,1.6042075888194578,0.22193588559938404
16047305.496009983,-1.6613931088129306,2.008011752019737,2.356060211597978
15176629.865227424,-3.2960808753843764,45.37393508619411,0.16166521289523983
42.54397056773931,-2.0671135829157095,1.6911575841560875,1.0760740432103728
20.443342290653348,-0.7768161765487918,7.501134871756253,8.238827413593805
54.436205587114515,0.0026364479950800046,1.6193543844470675,30.460532810023178
35.01296725936848,-0.33728393275755764,1.905026601284641,1.3802335037567266
9.806815590341685,0.0012927474645678672,2.8046235393537877,9.631525811178774
500.5643489661886,-6.842783285063433,17.159769058262697,37.087987611136974
20.37852223872681,-0.8115189660653996,1.1491661735244527,15.332582559530703
49.97315283339599,0.002345633094066102,1.639870145952738,25.867189012086182
24.216935217166828,0.0018326691648269389,1.7287644798240045,18.808397812979997
24.055399164984944,-2.582971336032564,1.7371986847470522,0.1751105676684758
61.854387140294456,-0.29110760880332265,1.036485644442383,28.033797950484157
21.553471425294468,0.0022781647999678967,8.194251346258598,25.88261559105519
34.7208171124762,-0.5969840440806138,1.8839071851714273,12.286210187563244
22.204429662364568,-2.6004919563502895,1.524209731202279,0.1779052911843964
388.5719983405448,-6.483254535757482,2.0086482099709997,23.698337856765082
21.686976231118667,0.0017979572609831962,1.8289064451043942,19.025124315428613
26.39896400980221,-0.2446706293520009,7.652111352020178,10.009087531170596
54.38608376788864,-2.6897565489972237,0.8288486692809656,23.2714017549799
82.89050960038448,0.003493836238256165,2.370412453268809,41.63823118176855
19.86829256689491,0.0022219213617518108,1.03517176888786,23.599678237605247
17.542723589590572,-2.0871334174842247,2.263061354844009,0.17036814412830015
11.180407681140775,0.0031537118745177395,4.113014449598186,34.84246692267228
15.665073072781675,0.0018424632904796567,5.128184958186523,19.59913140377424
18.160937659405,-1.9078713090548263,1.5890418968318425,1.4566814246424553
191.32167102066404,-2.048911743299122,6.407022838877852,1.6761982885844309
4.991948069632416,0.0020937623140611095,0.6900838450096316,22.92039996222507
35.322143624249605,-2.318869056434515,2.0879731138082276,0.14300344769368187
36.911251486103346,-0.6155807595906282,2.164376296927106,11.701432845484444
25.49458878626568,-0.44526320485962856,2.534805802040122,9.807025710448666
36.55549611755843,0.002710840800993708,1.2829313181853408,30.257270678092393
17.61484215463323,0.0024018370363805275,4.389114076619737,26.839185302896297
9.369672775290951,0.0013064984030393134,5.320888860701421,12.246520322496734
35.30702164553385,0.0020114285690127076,1.9403415559343173,22.180428563665725
41.43696656497636,-2.9466215148248693,19.916643223335825,0.0655831060048806
35.20155527817357,0.002625642690283314,7.713568933928938,28.450420270159615
46.59769592554248,-0.814190937828478,1.2391969431585999,13.894877374669578
16.62570884983935,-2.2039304182651023,1.7365254672944888,0.0866991893497459
43.05897829457218,-0.7961986511271704,1.7779867243871443,13.337977870253038
37.477244358665615,0.002256752709598686,1.7798423368972678,25.223676920266
79.96179935861717,-1.55025035126598,6.282377370375553,13.959268753546697
51183408.8137032,-0.5481904479888726,2.091476214855815,11.556805949058434
12.281945171551929,-2.089254953199884,2.0995430614210298,0.06808458284852861
64.72850364683562,-3.0070378519112424,0.8765277532614704,34.715318767134406
19.56687073681035,-1.8087154932656162,1.760551160068509,2.346305384742614
19.604238954800877,0.0024024162616456124,6.629740956540811,27.044887086422918
11.064241263191722,0.002685454033517942,6.48809339745624,29.771303847195593
50.22898266226407,0.0027158639515150185,7.65712104054562,31.00325939457111
46.847220824239336,-1.054749134506558,2.305766334785689,11.366043222884413
401.2984629662229,-6.445680848362706,1.8000067804054538,37.428721275849014
32.48699155646642,-3.3098899722782633,1.297018101348371,5.433343067763009
72.8669167831655,-3.984366499112589,8.675555163675597,0.15333254349529513
35.20356346831721,-1.084258338050418,22.20127645515388,1.3713880040198183
6.774937381993701,0.0015523984499381527,4.7952181486426255,15.37751755106955
66.91683631897175,0.0024555373386903057,1.8197710236686824,29.518739199707532
17.747422020782125,0.0031812394583141668,6.646157751286788,34.955318908550744
37.705238427024106,-1.1084410077049753,1.3941097410135725,17.50913353209485
43.68658379434037,0.002058190091716483,2.1510750258412443,22.255914310344455
17.344336927279116,0.0033637162250528263,11.77820671662981,40.34714803186685
35.4160039579258,0.0016546259083156656,24.370241614892187,17.301487540061526
15.911823864896604,-0.132294571261788,3.9760699760118747,12.49599847067245
30.809486563095664,-1.938628826070456,2.386258146191521,0.17461184236731297
88.90934392709921,-2.7993964091561523,19.9496403656092,4.530959385502196
39.57204690736956,-0.9265210143717368,3.4602503391134416,9.363830691096497
60.27534145697029,0.0028976641861007124,1.1929537388274554,31.55309441735636
12169.981404592803,-2.373790630637302,2.0068730307622387,0.23364438671187038
35.1762158180944,-0.4044500300962568,1.7419465642337073,16.3378414744575
3045.85131704947,-5.921631981213238,1871.344389005925,19.050403735445133
39.630549575585306,0.0012043693743493122,0.8757926189267202,9.122018092846579
59.01571901900793,-0.7873837443491212,7.6282449663229706,14.098762368893304
11.998820884724367,0.003693749257301704,1.4500378535107963,43.654032064535805
12.373783428421339,0.0024737955059350725,5.320990830945252,28.670018879126868
73.52371740582466,0.0031924945633861057,1.9562489492929558,36.585707630069436
34.90113688330908,-3.5407218450873046,1.7599911790701623,0.06827100903218075
26918634.501496248,-0.1679323977102385,2.185831147167864,12.570109175361429
6415342.17443469,0.0028422163932404487,1.6799618071047213,32.16261047227582
30.24415913675155,0.0016821464363303562,13.436261623697062,17.219334701324584
33.14703087204451,0.0020514862558087543,0.6062281978782593,21.26991289056742
23.205031993883996,0.0021737642234000987,1.823434712113393,24.47827657363322
18.203912323205355,-0.8658839096164428,1.6341229674606108,9.949118714440733
8.23306280010484,-0.5784841391438817,2.951580258867665,0.24456170839445132
12.047848404834442,0.0017035102781974842,3.094872741419117,17.71376770217488
49.575068969246225,-1.1218342572119724,1.3040847586673827,17.1865260914661
55.83758492981274,-2.2536738764636084,1.8991034366634132,2.1747131233748807
332237.0908665931,0.0018158971860700035,1.5130623823297178,19.693319743721286
22.316667016832408,-2.4530666173867104,1.6220304412187128,0.21225593633980233
44.65941238326646,0.002715940079845325,1.8971900111959492,31.055309365466723
22.147772206305017,0.0017750304748815893,9.92163377336656,19.01007048903407
22.28643195183926,-1.116090159170021,1.9563112013134294,8.397117502968754
17.232925664815724,0.0026993877490468776,1.4919142255245106,30.05684625246692
30.452510493476748,0.0019692662288477436,7.499904563143419,21.5684458869958
16.372231822180407,0.0019412495584205658,1.9234228562106388,20.957210904260318
79.84339955874775,0.002592653937007583,1.2039295394188443,30.802516505968452
28.987895501784564,-0.793486809732741,7.5884200596411375,9.140595845215515
43.88179307785524,-0.42419019788820833,1.9704310305380943,15.493627338514546
21.826503769678233,-1.5705874741664942,1.30739752598139,6.253507127689676
67.91816790818088,-1.1911740126604755,7.649206810334241,4.63730769861227
26.976037309692142,0.0027228956936227178,1.61598066650199,30.83964321738056
22.868052543005003,-0.7570113766524997,1.239744727640396,15.987371955009827
42.90741602138292,-1.5365424610909315,1.5834130570706328,20.12491172693399
23.00205245031653,-2.8320867547085697,2.678780408148167,0.11235021909743775
19.575740813862975,0.002592764365125788,11.303692580306933,31.053990758330954
95.94856830956456,-2.2460834696855727,1.6169775809655462,23.697772110952148
15.807657377724404,0.003160355942114279,7.415517502779204,40.844609476528625
38.71420013579097,-2.8081905845864057,2.0427329254663578,0.15423345660601812
14.97132972932496,-0.21514203017357403,1.2918361031348589,17.417535011434637
24.675541018650616,-1.0335420135814104,1.3349469926981676,9.797384756987707
159.82996596816304,-0.07424308575336624,30.40386385065054,19.74487935060644
47.31434693445113,-1.8703913308769486,1.3916733802755008,7.859762361449385
23.599236145977216,0.0024207493461645413,3.854713550491585,27.592881039052617
21.418835187954546,-0.32641012839502537,1.5983507782680668,16.310201376101638
36.000532964967164,-0.017997766093557743,1.8187444521823188,18.035354318686963
66301416.06083072,-1.1062335830072385,1.6624249249911145,2.1901158409036565
14.982876074288473,0.002215186825424098,1.7520525754200946,24.00593505679036
16.553457645859854,-0.9226343019907901,1.6989801520466958,9.475829856768822
26.24511167038238,-0.8922194695793877,1.3285037311884622,15.472189879381789
19.564627687014283,0.002624905558938906,8.549640523799884,30.09079315785566
62.316072128414184,-0.812590935484188,1.8607922499072167,13.1408878050313
38.086058860423364,0.0023019138537136996,7.289160037735083,25.11774087823748
45.22536093681169,-0.06817460683968335,1.8199643772769107,22.81503488677481
11855.369959626465,-0.48275949558597375,1.6415648943347492,12.019735923552298
13.700191009032762,0.0017912096816061762,5.504784336421379,18.58586279677187
12.6184337359655,-2.6958118078909834,1.7857792172422726,0.10775579045994703
22.583633842859875,-2.924340732048094,1.8028131157154579,0.08214193267828279
692078673.018556,-1.700713697793205,25814.13980929031,0.1293126877507781
57.40589389365737,0.0036252877704612274,1.6054162453904688,40.178023224946024
11.549645353767954,-0.13040017612043187,2.120510574338404,10.54125880275555
36.0953898584901,-0.42812726366712184,1.6970484438340847,17.18728414755874
162.11116368521309,-0.7361554840180773,1.4721126775389095,13.929949630622698
20.650688363543168,-0.3471583910462641,13.298573849988676,3.197146483905546
53.531139009359016,-1.9222485963563116,7.670875092387426,0.31415762397645586
11.486060156821885,-0.6499248005959473,1.3656649246605923,13.380166603830645
32.36134767701511,-0.42361354780534555,1.2320876867653752,16.74783192546149
19.079039593752174,-0.01338472625661069,7.3322526732741355,13.432213674974369
50.2779607041103,-0.25197126659890756,1.8662174055398495,21.371471301047144
14.427335914774073,0.002348962811687727,1.5011209282684632,25.372651177214827
9.338903227551791,-1.508668255708507,2.5127690171325114,0.2101484478757916
86.98766578138998,0.0036096710021524814,1.6296924552290655,43.73545714653
2516026.228673128,-0.511440590223323,1.2666622685417295,17.447866014361164
18.44299069310422,-0.5714744741977924,1.3921605725624104,15.970252358477362
15.208366639139106,0.0022167100329681944,1.6519539373977494,24.161540670914306
20.845105271187215,0.001477344172236883,7.963468301041827,14.840807403274223
32.79184626253251,-1.9034274861577032,1.8394106229137623,1.655230899404137
106.33663620254991,-0.9191527083975402,0.977527355708709,14.359012458238972
23.10752255658664,0.002099646317248016,8.584877822703358,25.03090059256746
17.54455838277185,-1.1128584320947326,1.5689572567580008,7.115323905028799
17.018642188174034,-1.4714719072741431,8.387631152786382,0.19501786519615638
77.59632844579446,-0.12442800762129735,1.735526526829478,19.967887539490476
17.618876914825282,0.002264909589221986,4.983158270946985,24.771589706709864
26.477152282028463,0.003306805157272663,1.74109953894839,39.01329767000199
19.2215244174159,0.002880227805533764,2.662783029964288,31.635649553343285
24.72979737071318,0.0035346619525711276,2.343542548408209,43.026589187739695
25.16102841744832,-0.7748332265767601,0.668135495546033,0.14602127795038602
41.37074098328959,-0.04330593978053088,1.0214687414461388,38.02827546450873
10.257033022727871,0.0013486313374357906,6.019235463393322,12.85219709466909
17.525894598435652,0.0014036965547248315,2.1336276766171345,13.881943652747093
21.497879561553372,0.001953765037711719,7.5286772736486185,21.83676264390727
49.426590403699784,-0.9860173456853261,1.662450094734215,18.52270678990169
766.5725665267008,-1.4055700097886046,1.4855159696665048,22.731748065662853
97111.56673430976,0.0015364850935455365,0.6462545521748382,15.398700956217068
43.248931198029794,0.0021308676966782514,12.71342789287053,23.438038188576304
10.336450339423445,-0.7367907839701076,0.7255090492269076,3.052136434530964
13.666193027746901,0.002360209070410235,1.6876724880606169,25.608315426271346
10823481.896263205,-1.500366503942523,4.7228509287825355,0.36559366931614223
26646350.623497378,-0.573754435630967,1.970981329770904,9.850562492916664
20.503905067659346,-0.2939757125887468,1.0704812199230993,14.339284913899052
13.470278936406059,0.0035851485206421785,6.951999186012301,43.84839204015864
32.28344620083927,-1.0082806238990258,7.409137484297707,2.4474050229184
8.535779805838695,-0.7428905366531424,3.698674749582368,6.66207378837213
13.569533339278157,0.0014109268952751108,5.197890328355076,13.774088684606145
43.30883738544738,-2.7990610974560965,2.3128081226935846,2.343060572254724
43.14142561897529,-1.2635307623913548,1.5611531207078855,12.07419632071357
64.77090362533232,0.003838173738145656,1.6623243087520336,44.7022866841897
6214.173285836749,-6.068779127872041,1.530174778362209,19.98347677204849
101.70245820705375,-1.41203644700731,2.0092281486048744,3.2945794451965478
40.16877216673379,0.001955508314303245,7.995302310335115,21.25100696495808
17.33444500882595,0.0021224301801936463,4.602334032738376,23.0341624306437
13.067704660958858,0.0022813828357897137,1.0253830664339176,24.30742982743824
9.970399935577047,0.0013395735587309332,6.229238127355812,12.354287668772285
31193466.114938814,0.0014425508379574126,1.6427705696336794,13.90150902970705
321.14361010117756,-6.15784080560568,23.089379864609924,19.601338989663603
46.62651048299537,-3.1631898630116524,0.9044488522587733,0.1695142323890453
52.816260163119665,-0.889780348894007,1.7490958509251993,9.95446778627532
22.104680675672498,0.0020271755822349746,10.52291072016892,22.76206667996414
41.92827254487112,-1.1984475467682856,2.2396680605455153,5.15415110045175
21.517237565472485,0.0029237592028508175,7.931127857850862,33.66579624190479
18.744009666976268,-0.3720534229886212,1.6463892135309308,16.01329910703865
31.642258997640113,-1.0831442076126123,3.945680159743537,7.264152641339459
35.743563795481535,0.0022372452324219694,29.296440738665368,24.578134769171356
30.78439196315999,0.0018905837202538578,2.324166189256424,20.4649474952236
16.772576549065953,-2.9736113786099665,0.6629884406715405,0.16476959912058292
41.42714315957998,-2.88010814350757,1.0947524164352487,0.19470924003462836
14.58969664077495,-0.18308369302689442,3.8021586481956255,10.740148850362367
22.918252009709295,-0.40283827767988356,1.105382497182692,19.86332416332593
20.556912768833193,-0.9286886038397455,5.715455324084639,0.2278318885158253
43.742611489095054,-3.0256591679195637,1.3050097211757707,0.4346841602137096
29.518603015436582,-2.82460824400971,2.6635486085998856,0.13722521155420817
38.94357532173356,0.0025818995998889704,2.1978454509144463,28.465248042628232
24.25469215830578,-0.03446506648454317,1.5902661744615543,20.21965230203875
45.12945025965144,-1.0631858112240877,1.5003405653279849,22.39625971452783
18.079290174502045,-1.3481008717920702,1.4181949976450259,7.579177704425307
48.9626405183678,-0.394364552245726,1.6450782200142058,20.397581888749936
28.771839556717346,-0.32771883612821995,1.6785655879548855,17.298254816980744
32.05358756577266,-1.6566624217943868,1.766393593474934,7.531417842448958
30.95170063942947,-0.1516464365360619,7.592724062220233,12.221017984047018
27.250282681757618,-3.3107681378599665,8.46858715014134,0.10257001353453477
30.56408494749305,0.003187522312074975,1.586323542258878,38.60585670676037
34.31173262476487,-2.645535547884478,1.5768529703147056,0.21103027647702427
22405756.66234839,-0.5789687931384009,1.9449023547522941,12.883683125559555
52.077456731936714,0.0023005086297374078,1.4938356861171762,25.132574381224213
12.403296216339031,0.003599006214209055,1.7198738728645857,45.22479178844322
18.222549336554543,-0.7477018053218103,1.1940078563586738,12.29031246494662
21.686085774720652,0.0014317946261144243,8.871752355533182,13.932505733009604
13.78990036990259,0.0019123016936219983,2.285687278067389,19.84179734632485
40.94261467240216,0.0015258613840174462,3.6977716579235427,15.349948632033987
55.522018267327695,-0.48907973205920996,1.8070031662549901,23.946620802739602
11.02731766500776,0.0026006552867343657,1.8159910644904897,31.282105316198344
48.77510820771739,0.0027425107443406205,1.357924190127175,29.988674683927723
15.001353061238321,0.001395620818378518,1.9550392506955205,12.959048646425282
22.225708933828187,-0.3973148770092578,2.121568585953826,5.1817232131961966
17.83481021593058,0.0018714925138922922,2.1541246892411543,19.55925803767859
20.7208587335386,0.001467909998936534,7.381342283040649,14.607737012279262
42278350.33848954,-0.5184124124600302,1.760215074256351,11.689184806457906
23.933106839366108,-1.0914631153140277,7.800075140972469,2.5087651480376376
23.572200931042524,0.0014812937302224327,2.4769154011014898,14.37684694100283
12.022003006848845,-0.4606197569478425,0.6312473317608767,0.14314566725422706
54.954222653865166,-0.1013899263897784,1.6598885376610824,26.059375094057195
35.02428073847249,-0.25618592819638764,1.7050905842159132,16.27659881623309
48.69288505977397,-1.6908315659447553,26.17729060216211,0.1587528265693578
47.00960609064406,0.0026057167795840996,1.9868780766605774,27.867022074918378
18.19933227511629,0.0026389867717071525,5.3761881510167555,29.992112533505583
24.777434828558434,0.0025576321800073742,3.7042661123287672,31.06346506567116
104.96666610745609,0.0035708862368863947,1.2873178899345596,43.288575021782925
7.195788495279521,0.0014894129658671318,5.158856949409413,15.209339713868973
22.886878302090395,0.0027302736733716415,1.6277606301757928,31.14337690327678
17.88932392941896,0.002167998514806868,1.7085037225783388,23.977259325696547
27.31431607251086,0.0024981063606901444,1.2498435088918214,27.130027065985818
31.742327367727768,0.0026242262768150226,1.789360639793923,26.90953808009814
25.01739720906504,0.0012872953919753627,15.841786438427903,9.231109924276746
22.565913105160693,-3.1135336780704534,1.8403548163104508,0.0998797439661405
61432667.51054067,-1.7815328314487715,1.8060089521408091,2.7257704898608157
33.63069619336479,-2.0253177791936565,24.600397277397377,0.09417478998546133
18.328468087579896,0.0019322758325799327,2.120670027861607,20.915588017686815
11.570867977484797,-0.8956291964345766,0.6409193248310565,0.11168871147035854
23.882985979639027,0.001790694811859339,1.6631276342094274,18.843766297826186
24.391965612374907,-2.902249028600238,2.112919610928543,0.1363749172008249
56.460974245862836,0.0017652067726601217,1.9617842116183262,18.97758111710549
51.502488069712854,-1.26125508312969,7.763126075515311,0.19151673944053377
159.40434011885327,-4.9739708567366065,1.8979803032674312,23.815262422499927
210.31772385441846,-6.420068701296152,5.740440201530703,30.722607347417583
12.885233839756602,0.0018163242561968218,1.2163865713511797,19.42561539422739
35.13262967996572,0.002272821271716907,1.2511394890970635,24.752157385218553
28.04790969166192,0.0023871874893259815,1.793612157768429,27.953711336091782
23.426338491926554,-1.3485206113395094,8.242482263580964,1.1814624968682503
26.152193393430352,0.001620554103773486,7.767184042733456,17.39550230684549
61.78339231986722,-1.266930901640876,1.7514612838248027,22.4162923043666
14.608774295112282,0.0018978515732186452,1.6011260645599563,20.207211828474836
60.87682100504712,-1.6571927646676414,1.7204232346741435,18.760018310137184
23.0602988380649,0.002447948160167357,2.1311900478419226,26.991240557770208
55.919273395614,0.0023794922593936008,1.9137551485266364,27.227076443842783
49.167239939317845,0.0021709071507274302,1.3275570053574555,24.455263598548623
51.89902636732064,0.003139066741340457,37.135594076605265,36.18968015784763
52.00831581595832,-0.7473771862010068,1.8769670593086474,17.954030410631116
25.399537551417794,-0.1920857708453454,1.918407417160111,14.014916638638827
30.89713824999324,-3.1140543683161113,1.8162202222098371,0.15311688729430933
58.38493244144135,0.0029214342952670336,1.7285255586861332,33.88663689886271
14.397633134070125,0.0015452137094271734,9.816410786433808,15.682132060476045
14.093392095110385,0.0013527544220934828,5.964624962583418,13.075048342011902
16.982719117672737,0.0021931421153382757,2.281647031765697,23.68232677553103
29.400296773252943,0.002026842048586275,1.6674862409237576,21.872926349456392
35.773757004467505,0.0021918203480737475,1.7730871935452015,24.049926221540904
21.617313508862864,0.0017845445753934541,1.5359733092263639,18.7063136896186
59.215380282093605,0.00328937292874798,1.9087394015024657,41.1645568490154
12.663827195147494,0.00198722927537176,5.99751579419868,20.776815555795395
12.810734914821598,0.0017022973871476665,5.3707757912188825,17.437417963054212
38.05266808390566,0.0026643846598730647,2.3767992745719546,28.357200373028846
6066965.796202921,-0.2331038905786187,6.206247983176699,10.342003814893088
59.58255341701343,0.0019549947029773307,42.48585409989438,20.658186078615735
23.081519890142303,-0.5324262516446723,7.330296278238118,11.976141689577354
18.821976359879237,-1.2273681181886928,4.8493238091518025,0.20670128318495007
236.7439573308273,-5.500838869893201,9.012473206271608,16.822548944002133
15.541032915088225,-2.624154325932487,1.904427716432397,0.1385990626923001
33.10778844331588,-0.17180811785358685,37.15110978097811,7.066315150639929
22.639573819836208,-1.6217585741708618,1.8612046461864864,2.1754080070713426
18.856425805019164,0.0028965597491890094,1.3310861933733626,33.96724989175702
17.513507441971438,0.002140241292842404,7.272063897243719,23.038733720082977
101628025.02375762,-2.066975889217275,2.001379187994276,0.861243966254256
14.461438146006536,0.0017823666774248181,6.232860300120196,18.74439238611779
21.628363434669108,0.0014616760973851228,8.535763680273437,14.103211866567
172.46157942496217,-4.896386227282612,8.650524392513375,6.735659497834185
14.011405606999745,-0.3368824826168293,2.3038284095503627,6.902380288145128
23.185230758560728,-0.9726003138968125,7.335555886435472,6.457273967665525
47.87443627771406,0.0036437451481035055,17.026896797327066,45.04073725449391
30.41012733965268,0.0014986355376649385,7.98586997221074,15.467307845837922
15.799285726610023,-2.608584705017236,0.6208358579688573,0.17634892157683457
36.64435839466221,0.001942096260506787,0.6840680160178145,20.93813824217849
11.02539580953675,-2.8281085792388083,4.376561362869617,0.07757390598494618
50.409248279937806,-1.1316732856638012,1.7731698001031688,10.570401817279222
45.914951252551916,-1.897139175336413,1.7604670754872522,2.6357887425685806
99012.55369483822,-2.93391658743856,8.199491566598262,0.14265568855661992
28.883849006937762,-4.266304937452809,1.7130309696894566,0.10383866246168627
20.559036288384544,0.002348832897936859,1.5992899781061745,26.552662074755222
954216.1498893434,-1.0404908554591898,2.1079388990039973,7.082711294540239
466.02559443683924,-6.262031869185222,1.6675628263419924,22.235195152376463
20.27701761229183,0.0027849975296447838,9.277140413288379,32.15652466771714
18.411359967249304,-2.1690429292957134,1.6715183259984912,0.12912494633239635
76.07179100446382,-0.01135067565553527,11.5584863269525,19.129911260183533
22.10327259969211,-0.19258912111803284,1.4903108349041787,16.920962444126133
28.88809793289373,0.00255270657913087,7.099851978746393,31.00988721741541
11.703059943352567,-0.5969145472033404,0.618374593293062,1.9150636628365945
15.345570771699169,-1.3970360704665623,1.9216070650976143,2.5836328039940915
21.278854354415103,0.0027380584204053093,2.202821087829001,29.410466071605974
24.01986140961202,-0.33950472068939064,10.523276294353916,1.2760141319166873
51.4559164813287,0.0032014267696283127,1.71758364506341,38.05955476001607
15.856208617528301,0.0026484824872952117,1.7352911158361763,29.77662617900014
13.026383863823039,0.0017589675333482546,1.5186918678313361,18.253955457397428
24.698977287652248,-1.050880711622412,1.4811720726275688,9.894053252855747
18.77250218825072,-2.975012134910976,3.5702850466534413,0.09269828712454403
19.096140594118975,0.0038904700658761726,9.189513066127741,48.29224114876579
17.823966060439357,0.0026480605423131465,5.622205280430899,29.788378843958533
71.5237666099993,-0.5738247987459459,1.962037171927438,25.96458702769749
44.52647256346374,-0.598644528701044,1.6326743931729482,20.43141326099559
48.026256362051875,-0.11192116996205215,7.557651457289769,19.79663327084859
220.9948212576596,-2.906643166767303,15.861783330425752,0.11932926483977302
32.07307080838755,-1.6786625049087505,1.692320436403893,5.056455081034055
19.95614139443584,-0.8924710243874046,4.2064437726642705,9.248481178155542
55.260508041544604,0.002352239748198315,0.9852804049470656,27.62326522338167
16.031114216804326,-2.566217267710968,1.7665169548271766,0.18407039473517212
28.96817268806896,0.0013003087331284746,7.67573663695641,12.11093463696013
39.11409213324111,-0.20761821110607315,1.9797555184234135,18.289548379264197
25.32139565897474,-1.8059749390019064,1.6058430393887395,3.024411205661206
50.91579167934915,-1.1128119930205216,7.75017956541466,6.012680880920091
34.02908935995755,-1.609007815610525,6.154553391979554,2.6686669372261473
15.062713719059593,0.0034907361343599064,8.132126124993508,41.78340816113834
20.97479593394244,-0.14913260003288542,7.581987928103681,10.186713052296113
10.263546889506554,0.002994864479397563,5.423017818856096,35.41382087384797
16.55613619463566,0.0017362299205174736,1.4835510371615825,17.966151427738925
324.63214584737966,-2.3131173594078405,3.819537302274131,0.09720458973199339
36.54425627522698,-1.8073430243283468,1.3698785284507746,5.157773327826601
62.59061360968924,-3.0279764150271546,5.012378688220171,0.16060500573146663
47.19761612201482,0.0022204293979513068,1.826634594393397,25.301360746410317
46.861364010582164,-2.621732719955226,1.4160144514156308,10.321151035376236
56.86138836300355,-0.5692828315281915,7.493420149788891,13.778063943352656
21.185476787452757,0.0014600314013506477,7.327515640799698,14.510263213785581
135.80663962495754,-1.159910835890976,1.8668304440575696,1.5814458161455942
14.706545638322739,-0.26742960184247266,1.280279795058803,18.858940462621614
8.88072468295797,-1.016582892428488,2.426213131448308,0.07294824116846987
29.124193641524723,0.0016959126927602597,1.5415735542116877,18.08307905720807
51.28387287006552,0.0023881935215683825,1.3189667732954398,27.3776150758133
27.13615519640678,0.0033902626384900714,18.109776216503448,39.533673131669744
27.99045386106448,0.0022193428301662266,3.0344150120281306,23.81290061301328
45.35516452843566,-2.398909563245546,8.180441057187814,0.10507507050593062
42.991077501646316,-3.157036681039024,1.3598404570361176,2.5001363620967307
20.647058515499165,0.0014897974361218758,7.873899012587893,14.688137469986527
20.12688300942346,-0.24879076119093213,1.1291438923487078,17.28759051693212
29.008095474523138,-2.085382891945059,3.783686288240463,0.19567921970262658
34.35005583022688,0.002050831820021415,1.7564666202453303,22.342292029571475
34.66362885355724,-2.54214624277774,2.562456990255024,5.148799165993481
23.94673661478711,-0.957306137810896,7.149734094541406,8.911125629439418
30.707747727504973,-4.46630030338612,1.2923341681141611,6.649430520561815
15.692663360769805,0.002208440054602079,1.317153849354689,24.306726252895956
51.25278454947549,-0.4038813986724179,4.092147388195368,1.4690191190066109
37.05973355810365,-1.9324558100042495,2.3630471629238325,0.8329242011233774
37.98775822452982,0.002359322290239163,2.986563776223001,26.487493517723806
46.36796387800319,-0.8818866718422171,1.4483348528588422,20.268179339795502
46.19448815072987,-3.4167329344088415,1.5422532152688007,10.638118110573963
16.852328174669665,-1.7419402224373002,1.7616890343853786,0.8854913811558585
19.59688828718778,-0.5790182582893308,2.113834740151022,9.28147477070516
13.135117408242557,-0.9637659397328093,1.8095794159792735,5.711372912432921
4202.321072668078,-0.19796545911972885,2.077646270964486,15.33185807568101
27.60481046647004,0.0023306256341868448,1.7879335764327884,24.75344152345983
12.245479661511581,-0.8217945196102789,2.0341953872854575,5.321820709804972
21.92185573364782,-0.45480129013110115,1.115057521233492,20.283176832767385
62287035.5313245,-3.1591316241068412,2.456720265270252,0.08524614975662087
41.20947707859915,-0.6184281339953372,23.654356730656353,3.670825446923725
19.698750459792286,-2.644231185244635,1.6619944477117072,0.19239992882124823
20.81216366806584,0.0022169226070118953,1.8172273184014998,25.00474565340998
33.44956135887162,-0.0450295014030786,1.6299964099860098,21.874291435731333
31.342631183261894,-0.04812492970390281,8.075699007851613,18.569180697801006
12.924134503628077,0.002639601988413176,1.63038349183147,29.02730333570168
37.083419360229605,-1.5261025854975045,1.3448595069505416,20.529448729738533
59.641332234273676,-2.9089056977879437,1.6670718896990806,5.770547702858824
25.629673078762444,0.0033400568281010123,1.1564729726894747,38.314176866055
22.757772465120638,0.0028850686836463524,1.3508174894339788,32.41529042460504
70.46516122086945,-2.3338236359648974,7.5825362361139526,7.415187843047496
18.48514217825888,-1.1251304789856817,4.037153815716097,2.0522282860332073
41.27110554924665,-1.5777854088697438,1.763859024866063,6.546500391611564
32.37356866016021,0.0014882337452490901,2.371412475892459,14.500354932061084
35.12576450934819,-2.085504905470742,2.015551170930782,0.1827974896281953
21.14231366650022,-4.5199880062604905,6.088914555399533,31.82480960553114
56.42943562576469,-2.024308419131927,1.7742705270039174,9.528351702140617
51.90011343341052,-2.0862181046047965,2.0097878889673098,1.1994921626972448
117.76928875997572,-2.752227811524506,3.0388406732810633,0.0755176766255079
176.4334431805585,-2.8523875666981837,2.7585366827458726,0.11089973115865431
69.58542271968903,-2.059896783998873,20.13137477430423,2.272855707721121
54.583379855770204,-2.0875507863952336,1.770122963561267,10.322256327804729
36.16883556347468,0.00234948305036653,1.367897344881893,26.700810286369716
15.826856539104742,0.003410096625998449,5.784471085719414,43.19845302158191
34.95104688676792,-2.6494102775456554,2.4007602557857246,0.13878534719223654
13.794787107419374,0.002059029530812495,5.288534114388877,21.72560266943833
58.034013786946744,-0.8451724857951817,7.560701306592673,16.709783030144788
34056612.91213259,-5.984919643526084,10.682517820863183,18.080216349280605
14.885485750694574,-0.2985545789207933,6.168190591060263,9.462796803617742
47.232715718553294,-2.270204212647421,1.8507656319045793,0.2997354361601339
8.062868691819116,0.00150676810532957,2.167611899921159,15.519727797553347
13.828233033835634,0.002441531026981636,4.615021449371806,29.6560592263727
52.79070799173598,0.0014895134022978596,7.37601025531362,14.352679964455234
11.10351530372599,0.002242190411564593,3.7090989665054046,23.767009317666844
29.40447247227027,-2.296632204586359,1.618655647202095,0.10096347504732697
28.39979263377436,0.002022014471940281,2.094814581205963,21.825769533491624
14014.21900329329,-2.983411481239685,9.108948214867453,0.1090165891485344
3473.9596543326365,0.0035886214621783097,1.266340367600808,40.92312832349087
18.62214166172965,-0.009275784090583272,3.9144524572742476,17.312769541565007
10.841403239916191,-1.7406330613085075,0.7257513069189248,0.0668357570244471
19.29335550549488,0.0024958381732105295,5.021507324597248,27.16260344262094
89.49325461516696,-1.4648115583704993,2.3497000472047667,25.099418685228013
9866026248.610563,0.0027466266849174303,0.6276689607580863,30.371375251008534
43.52998698521572,-1.0283217094080754,1.7486686435613912,12.13296945702965
22.579272164655833,-1.949595437939422,1.5476323331157271,1.9894849853809737
9141.569534108145,-2.7503209470739876,2.1090319859206668,0.08799309287035906
31.227600950374867,-0.3375954564839958,7.439720833860621,16.235000742497437
16.71546891083654,-0.6344495017290868,1.2501150259218434,14.736415195869517
14.631505120275571,0.0017404319196501206,5.233030808128966,18.112493931193473
13.573823558235144,-0.568358419751128,1.6193153193151026,14.521952639522903
8.564737563093287,0.0014066764851463631,1.4570264054883317,14.065612076357601
76.33178158292893,0.003044360107196553,1.2889926996142904,36.58388853051709
13.511440614784687,0.00187389632429813,5.7478828406829425,20.299940621175985
21.56704577616174,0.0027735010014495742,7.111001849430593,31.849370901937075
21.345277171709185,-0.6316926746891411,7.464549731273747,7.440237866598878
36.72945703923313,-2.957748639911067,1.1166391866300636,5.669952410270742
63.22810543164627,-0.016011905295592044,3.749366436043257,13.857613042194101
48.31564559398807,0.00225722762525038,1.9252192275531321,25.006985431637474
